# impl=GPU_Opt graph=benchmark_7000_41459 nodes=7000
0	2.549196725646437e+06
1	1.341254512965991e+06
2	4.261012018815421e+05
3	1.230244510967391e+06
4	3.935437257857629e+06
5	1.058982837606780e+06
6	2.629128965972968e+05
7	4.133471211002853e+05
8	4.826097418787022e+05
9	1.528071220661023e+05
10	3.977014444423232e+05
11	7.261604310700594e+04
12	2.542300574595381e+05
13	1.713266187381372e+06
14	2.113848439327400e+05
15	7.022782054647623e+05
16	3.285838493672727e+05
17	1.209309804633898e+06
18	1.027000297204486e+06
19	4.564389850996322e+05
20	7.002042392468228e+05
21	5.151092258363466e+05
22	1.943981572801522e+05
23	1.194885454799881e+05
24	3.088196109848127e+05
25	9.419815934215694e+04
26	1.747262404710478e+05
27	1.991696851979038e+05
28	2.633109014359235e+05
29	7.672662963030339e+04
30	5.596890377906051e+05
31	2.639152147618720e+05
32	4.893392877230030e+04
33	1.077869327954268e+05
34	1.811716205764486e+05
35	3.558304312611202e+05
36	1.830485203658832e+05
37	5.112866392433361e+05
38	2.256239387287509e+05
39	1.095808373742283e+05
40	9.632688262441059e+04
41	7.825532817840647e+04
42	1.371615462609205e+05
43	3.391690263056667e+05
44	1.217057489675193e+05
45	1.661784811159560e+05
46	2.172029606115281e+05
47	9.439661730098074e+04
48	1.114131259579725e+05
49	1.609483011442705e+05
50	8.811878518801283e+04
51	1.258467508026999e+05
52	3.426621634691120e+04
53	1.154383177997713e+05
54	1.551867100043297e+05
55	2.570277762935528e+05
56	4.656595408388007e+05
57	3.920329085074183e+04
58	1.427413468612881e+05
59	3.769380941687219e+04
60	1.839127445998043e+05
61	1.381542751485711e+05
62	4.119255839889309e+04
63	2.695414435207828e+05
64	1.266304678224806e+04
65	6.936843576751555e+04
66	2.596550076894566e+05
67	1.959061060001539e+05
68	8.862962160118479e+04
69	4.707701298070010e+04
70	2.470825710644598e+05
71	1.474853013832784e+05
72	6.038176696947117e+04
73	6.825427174420432e+04
74	1.036958323741826e+05
75	1.167775023667692e+05
76	5.764209870976398e+04
77	3.359401280319195e+04
78	1.817445796772845e+05
79	2.048009327946173e+04
80	8.526840208934057e+04
81	1.452278265640333e+05
82	1.853699593569456e+05
83	3.505322773046555e+04
84	9.572872013681789e+04
85	5.915351898066959e+04
86	8.437854442370364e+04
87	6.287857561858131e+04
88	8.226167091025374e+04
89	4.456540802100559e+04
90	2.160778315405183e+04
91	1.572518133595655e+05
92	7.965942743178681e+04
93	2.874055876222254e+04
94	3.690395303913525e+04
95	5.866832459540457e+04
96	1.004587517064251e+05
97	6.006284380362245e+04
98	3.839574188512521e+04
99	1.138319802543433e+05
100	7.499604294638745e+04
101	1.517454107346371e+05
102	9.075968027124036e+03
103	9.601179097353846e+04
104	2.239339545887382e+04
105	9.896982115863632e+04
106	6.962350468482278e+04
107	8.137036252765931e+04
108	3.082069161219232e+04
109	4.180554407655779e+04
110	1.009579059002611e+04
111	1.001706305346754e+05
112	2.853427629971401e+04
113	7.284747246943208e+04
114	5.101132413264793e+04
115	7.380276423705844e+04
116	5.274519335770738e+04
117	3.261356811866548e+04
118	1.387108507117537e+04
119	2.254709648645471e+04
120	7.071733454475540e+04
121	3.656777477377490e+04
122	5.645126179741403e+04
123	3.055089724837950e+04
124	6.461523173356253e+04
125	3.256373524091587e+04
126	1.086732460002708e+05
127	5.657048263183183e+04
128	1.323804637587248e+05
129	1.468219402327649e+04
130	1.855119356526747e+04
131	9.174258929956712e+03
132	6.828205625772085e+04
133	2.262796136500104e+04
134	1.146137486277737e+05
135	8.487144619764984e+04
136	2.111386062288338e+05
137	7.703456884126294e+04
138	6.730347538910934e+04
139	2.757621682931833e+04
140	6.390773200363100e+04
141	3.332369914577742e+04
142	6.750890452731629e+04
143	2.300273273670312e+04
144	7.594115684752005e+04
145	4.871186553839636e+04
146	1.113559228712217e+04
147	1.949732606063026e+04
148	4.055292563170112e+04
149	2.817092388399568e+03
150	1.143894606454940e+05
151	6.871288181051815e+03
152	1.004555347219540e+05
153	2.290092944243964e+04
154	1.711052749973714e+04
155	5.647573395353763e+04
156	3.093459244993606e+04
157	4.496147366288346e+04
158	7.127661739583169e+04
159	1.298633184535760e+05
160	7.428150820292544e+04
161	5.578693937702981e+04
162	9.521567531736671e+04
163	4.329689124995449e+04
164	5.202104331013590e+04
165	2.557798163012996e+04
166	3.453590311583885e+04
167	1.498688713280144e+04
168	6.340931619043044e+04
169	3.351133699286982e+04
170	7.098254118939092e+04
171	1.509315802356671e+04
172	1.131570965733353e+05
173	4.464304867133472e+04
174	5.524381954787577e+04
175	3.004650478864634e+04
176	4.572573493816509e+04
177	2.438667374001198e+04
178	2.445797540461108e+04
179	3.108799088690350e+04
180	4.559393455590495e+04
181	1.158217250449170e+04
182	1.007679392888589e+04
183	3.121083395963594e+04
184	3.956631093665563e+04
185	1.433675744545137e+04
186	9.332538480264985e+04
187	1.638411474600881e+04
188	1.291987668032427e+04
189	1.995308826634035e+04
190	5.793136590151441e+04
191	1.446961124233937e+04
192	3.086272706212381e+04
193	2.197750305561566e+04
194	4.555144488957530e+04
195	3.302370199313269e+04
196	5.077290353816495e+04
197	1.757644963558695e+04
198	3.740687798127898e+04
199	3.195525955888799e+04
200	2.591409227342756e+04
201	8.285577216844283e+04
202	4.197713677670428e+04
203	2.099995852582417e+04
204	6.835629229485968e+04
205	2.638528020954198e+04
206	2.514781942036745e+04
207	4.367038258392113e+04
208	3.321707004605109e+04
209	4.051598714575859e+04
210	1.908395768741872e+04
211	3.373773882543090e+04
212	4.023157365677029e+04
213	2.085284579991529e+04
214	1.863090194501486e+03
215	2.605392068334298e+04
216	3.660138132426326e+04
217	4.741612642251492e+04
218	3.478646572817799e+04
219	8.341451275079840e+04
220	3.383830864839129e+04
221	9.139408054727572e+03
222	2.883129569385088e+04
223	2.340952989493499e+04
224	5.541447604917947e+04
225	1.547128604771727e+04
226	1.841736006400553e+04
227	1.987806455892243e+04
228	2.131297547110901e+04
229	4.781558656650082e+04
230	4.204921189197524e+04
231	1.773399606804040e+04
232	2.469759713761189e+04
233	3.526491556403285e+04
234	3.965179606981145e+04
235	6.366465181353110e+04
236	5.358863588114527e+03
237	1.532670157968416e+04
238	2.708597519887075e+04
239	3.316293732595785e+04
240	3.187342293075007e+04
241	1.033701942892533e+04
242	6.657185191252267e+04
243	5.477855977860755e+04
244	1.521863444715540e+04
245	4.256934498128129e+04
246	7.601221214518779e+04
247	4.283155747464181e+04
248	3.115690868834214e+04
249	3.544168178752935e+04
250	1.408599015462123e+04
251	4.017958277988457e+04
252	1.493279566943779e+04
253	1.537405088693399e+04
254	3.893706440313291e+04
255	5.099096653297814e+04
256	4.176629799857282e+04
257	1.342399720645420e+04
258	7.231425536528922e+04
259	4.142314818527183e+04
260	1.312210882197963e+04
261	4.455689178823224e+04
262	2.813077723599156e+04
263	5.096149649925135e+04
264	1.615064470437661e+04
265	1.233863491877138e+04
266	8.585446101822421e+03
267	6.574045659502622e+03
268	1.461393701077268e+04
269	1.934728564365691e+04
270	1.284473967716730e+04
271	9.009889306883377e+04
272	3.107527188831122e+04
273	1.768028501413202e+04
274	1.511420930701819e+04
275	1.165173273092988e+04
276	7.946133943338662e+04
277	2.851408019873203e+04
278	2.485384119802813e+04
279	4.987931584660710e+04
280	9.942772604320944e+03
281	3.417007466865158e+04
282	2.637036552145253e+04
283	1.073236426895257e+04
284	3.201788191060448e+04
285	7.125299659835836e+03
286	2.897646470506161e+04
287	4.277893006083107e+04
288	8.437273819243477e+04
289	1.656889347371470e+04
290	1.842984928899151e+04
291	1.135537880872282e+04
292	1.946711766045000e+04
293	6.943809344258336e+03
294	2.825944243994337e+04
295	1.146693590660596e+04
296	2.675116580130630e+04
297	2.742331716994679e+04
298	6.285090066508842e+04
299	3.332712425134698e+04
300	2.638428389429040e+04
301	4.306706394160210e+04
302	2.039586391528791e+04
303	1.898658236257449e+04
304	7.089520139887433e+04
305	5.206960302145375e+03
306	3.846450153040990e+04
307	2.248841596462977e+04
308	3.142000713110275e+04
309	7.601693374537401e+03
310	2.244350817203249e+04
311	9.862384348466161e+03
312	5.017504073623537e+04
313	1.608859336174894e+04
314	7.973197033071077e+04
315	1.336146312610434e+04
316	4.611508443827427e+04
317	8.725436856237351e+03
318	7.032830764370272e+04
319	2.718187353390722e+04
320	6.053736534418012e+03
321	3.550579525101525e+04
322	1.852876079746324e+04
323	3.399367834997823e+03
324	5.121037298766776e+03
325	2.950474949476868e+04
326	7.902686503668573e+03
327	2.844836459699906e+04
328	5.609783931636769e+04
329	1.709238752806342e+04
330	1.278715934996949e+04
331	1.458511357130192e+04
332	2.704702992852696e+04
333	1.234162921120210e+04
334	3.387837951360794e+04
335	6.869524039754660e+03
336	2.066068141784151e+04
337	4.274764375546890e+04
338	2.163405388568181e+04
339	2.624798681247199e+04
340	3.619838572743824e+03
341	1.143774636450690e+04
342	4.301218092244540e+04
343	4.956987907381102e+03
344	6.078869570091339e+03
345	2.667978751390097e+04
346	5.797196989635342e+04
347	1.052309701224380e+04
348	6.734277766398233e+03
349	2.259741752563926e+04
350	1.509824285769199e+04
351	5.548835664849773e+03
352	4.802144724844159e+04
353	4.117058353006611e+04
354	1.525632757392359e+04
355	1.378686385937475e+04
356	2.817262943992349e+04
357	3.722205630853015e+04
358	5.340877592779753e+04
359	3.037153114063123e+04
360	3.231269902285800e+03
361	1.674817162781793e+04
362	2.890362343854406e+04
363	4.507672984877431e+04
364	1.474896783756190e+04
365	1.598224925834092e+04
366	1.384811323714718e+04
367	1.043925600966922e+04
368	6.890062866135172e+03
369	2.169438264258869e+04
370	3.167085307205889e+04
371	2.010374151185624e+04
372	2.496736282296628e+04
373	2.040085538912765e+04
374	1.449625404197702e+04
375	2.772330039293833e+04
376	6.535582768270820e+03
377	1.708641801889003e+04
378	2.506650783515896e+04
379	5.290947376021724e+04
380	9.800486191955251e+03
381	2.347666012939226e+04
382	3.047059769633973e+04
383	1.625086711734595e+04
384	5.346416640057911e+04
385	2.640049425516083e+04
386	1.292652394519662e+04
387	3.234092154726632e+04
388	3.370113397285549e+04
389	6.042340996411355e+03
390	4.222638003707427e+04
391	7.466084441539831e+03
392	2.889386937710931e+04
393	2.411226136048760e+04
394	1.439214074235839e+04
395	1.791192768552156e+04
396	3.531932330910918e+04
397	1.069697006187641e+04
398	1.457686472833311e+04
399	2.658053614303706e+04
400	2.365535675579300e+04
401	3.409282354640277e+04
402	1.990307636794720e+04
403	2.800621597136287e+03
404	1.610753077537026e+04
405	2.870893759649948e+04
406	4.286778967514573e+04
407	1.457627133612419e+04
408	2.129179372448656e+04
409	3.152900889990516e+03
410	5.661425565596502e+04
411	5.233967422598592e+04
412	1.306098921414245e+04
413	1.107854224373114e+04
414	1.101604448328908e+04
415	2.279177211525929e+04
416	2.763024201430995e+03
417	9.207597212579536e+03
418	1.353258509964247e+04
419	5.546858767340839e+03
420	1.232039093172332e+04
421	3.761861922668669e+04
422	8.024164461563316e+03
423	9.428032859252604e+03
424	2.300864023585483e+04
425	3.243171295502826e+04
426	2.975713824734124e+04
427	9.176198645274564e+03
428	6.748853594728811e+03
429	8.868384948391213e+03
430	3.372562053142495e+04
431	4.276067616861747e+04
432	2.213075842261390e+04
433	1.261386003348338e+04
434	7.845385042571050e+03
435	1.116021859128187e+04
436	2.072545259449210e+04
437	1.097140613944377e+03
438	2.030557035682480e+04
439	3.535402846415935e+03
440	1.903327013369021e+04
441	4.816235568936802e+04
442	1.177779969785367e+04
443	1.061472569056303e+04
444	1.643035691131782e+04
445	2.322617923099241e+04
446	4.004436069555503e+04
447	3.535159106881737e+04
448	2.300889329282432e+04
449	2.978624221899680e+04
450	1.370901506115244e+04
451	5.578561807200456e+03
452	2.140619233182849e+04
453	1.366482858643813e+04
454	5.418483500063225e+03
455	1.497534910040362e+04
456	1.057263096069356e+04
457	7.639047642521891e+03
458	1.202914136698865e+04
459	2.122223667915522e+04
460	1.026842967256462e+04
461	6.341815755827923e+02
462	1.363035215277370e+04
463	4.632835614824430e+04
464	9.508295552657020e+03
465	4.647130252395797e+04
466	1.436187120629029e+04
467	1.391777586111537e+04
468	6.271174211762052e+03
469	1.199057197001865e+04
470	3.281412143522415e+03
471	5.458813708513756e+03
472	1.472423353183966e+04
473	1.342780421801370e+04
474	9.885386725143582e+03
475	1.678558048830636e+04
476	3.017235369307753e+03
477	4.067393060124015e+03
478	1.192035105894174e+04
479	2.015868030996136e+04
480	2.166529986616438e+04
481	6.963940589509512e+03
482	1.439116337940125e+04
483	1.361151392753913e+04
484	2.462599463009520e+04
485	1.649848443539782e+04
486	3.715609851963443e+03
487	1.442385881446952e+04
488	2.699013942521615e+04
489	1.942224822893792e+04
490	4.862043659364859e+03
491	2.798024753535182e+04
492	2.450298410002852e+03
493	1.810020686022621e+04
494	2.212491055813759e+04
495	2.646751549021911e+04
496	5.135327936702053e+03
497	9.396834584539873e+04
498	9.170209671815248e+03
499	4.176500871366794e+03
500	2.366277431844473e+04
501	6.169456546185670e+03
502	3.322149700334072e+03
503	2.082525580998770e+04
504	1.251791698251691e+04
505	7.914741938587412e+03
506	1.215689963611225e+04
507	1.689790963223749e+04
508	5.024171323119899e+03
509	2.168527842854631e+04
510	1.448423436979647e+04
511	2.777241117413272e+04
512	7.856232046061317e+03
513	3.826953756457510e+04
514	1.066293074022123e+04
515	4.975985462129713e+03
516	1.665501215154725e+04
517	2.662226268059979e+03
518	2.234788255503142e+04
519	1.734047216853449e+04
520	4.234578814483552e+03
521	2.498182822858470e+04
522	3.081729852570314e+04
523	1.728270802220386e+04
524	7.387272003495730e+03
525	5.765626478031385e+03
526	1.092781652643185e+04
527	5.358657955182160e+03
528	4.895703138056648e+03
529	1.755880563717470e+04
530	9.635802174257125e+03
531	9.330022752468059e+03
532	7.920525581840471e+03
533	1.836054294888716e+04
534	7.459001985034712e+03
535	3.287847972242007e+04
536	1.644303604738716e+04
537	3.684438752269673e+03
538	6.765404718496610e+03
539	1.999498154083435e+04
540	7.033980741923544e+03
541	2.356654831175711e+04
542	6.142322221338576e+03
543	7.159370693604253e+03
544	2.536955075256452e+03
545	1.082039760366419e+04
546	6.781772595342465e+03
547	1.553517759132562e+04
548	1.190853713648803e+04
549	6.839466446553133e+03
550	2.509015199415424e+04
551	8.168201133002652e+03
552	4.236371115155188e+03
553	2.762375873309809e+03
554	3.399834985474988e+03
555	3.150393201528899e+04
556	2.088564590376530e+04
557	9.854145448262196e+03
558	1.569522959936324e+04
559	1.779627018938968e+04
560	8.786014609156789e+03
561	7.940433630195373e+03
562	8.789064275226669e+03
563	1.406350459896214e+04
564	1.302347824698872e+04
565	1.762278486975793e+04
566	1.832816207803197e+04
567	1.622965571005680e+04
568	5.961763735107497e+03
569	6.939323251706250e+03
570	9.066095735044722e+03
571	3.624397176435463e+03
572	8.165464577173595e+03
573	7.955451613503650e+03
574	1.174609874594354e+04
575	2.111474932059657e+04
576	1.408018440097117e+04
577	1.439146855424019e+04
578	2.764132619476586e+04
579	5.343011950482010e+03
580	1.282740078950263e+04
581	1.580698921964442e+04
582	1.617033161355312e+04
583	3.292065657747521e+03
584	1.736408135965963e+04
585	3.880706768564513e+04
586	1.963499147508998e+04
587	9.816136114282202e+03
588	6.740329880867907e+03
589	4.105186450873967e+04
590	9.221501492823039e+03
591	1.083464766537817e+04
592	4.095485821538243e+03
593	1.952291295438643e+04
594	2.143821551810177e+04
595	4.697746865590655e+03
596	5.263721362286666e+03
597	1.612689865829915e+04
598	1.421760672778976e+04
599	6.338361899266175e+03
600	2.176633019181264e+03
601	1.598023864613169e+04
602	4.252090047108147e+03
603	4.054955303911643e+03
604	3.723328675673753e+04
605	1.889101664088149e+04
606	4.406228665913630e+03
607	2.025289481418362e+04
608	1.695887271702611e+04
609	2.477146140413051e+03
610	1.449596864202612e+04
611	6.046724928244865e+03
612	2.064952009824256e+04
613	2.871455524601545e+04
614	6.463989819511323e+03
615	3.800951921466504e+03
616	9.222172116197740e+03
617	1.479880018015873e+04
618	1.072202559776982e+04
619	1.086246579422107e+04
620	7.285104827741460e+03
621	1.409860149337755e+04
622	1.616214916081606e+03
623	7.043286875394982e+03
624	1.127705726923120e+04
625	7.023044757729459e+03
626	1.803290478426489e+04
627	5.566857860431991e+03
628	1.256593469500387e+04
629	4.647792406389724e+03
630	3.554498334148597e+04
631	6.966888191529919e+03
632	2.066020577677063e+04
633	1.179503541776332e+04
634	8.012115978175974e+03
635	1.516405867913689e+03
636	9.944260224021185e+03
637	1.639665685414617e+04
638	1.333480896354651e+04
639	1.040539010277670e+04
640	5.140680994545397e+03
641	6.155725802005849e+03
642	2.299644952868995e+04
643	5.912718522057952e+03
644	1.305324623936376e+04
645	1.361357643017926e+04
646	2.364426166512777e+03
647	1.224971176941286e+04
648	2.435526552726112e+04
649	7.478146496382498e+03
650	1.635961935915085e+04
651	1.086457285816690e+04
652	7.359043391232177e+03
653	5.582429726416618e+03
654	9.608988049337931e+03
655	8.610485131888019e+03
656	1.151349753569971e+04
657	7.864348804624332e+03
658	3.346900082790200e+04
659	2.165422573053953e+03
660	9.216411267735393e+03
661	2.944175261313691e+03
662	1.334157304172789e+04
663	9.927156308751024e+03
664	9.789324488052458e+03
665	2.277919756299574e+04
666	2.632005110853194e+04
667	2.457209185931498e+03
668	2.315269853698258e+04
669	3.716150763269782e+04
670	1.595777773034128e+04
671	8.418226064403239e+03
672	3.788232896549453e+03
673	1.444546826021417e+04
674	3.426761182312214e+03
675	1.290797125964151e+04
676	3.799574044324643e+03
677	4.078763362687883e+03
678	3.622640150102687e+03
679	2.860903911306112e+04
680	4.786128223560859e+03
681	4.898791935411808e+03
682	1.295174348304536e+04
683	1.010436669441898e+04
684	1.080773199009825e+04
685	2.159662760502981e+04
686	3.207225850714143e+03
687	1.773147743804828e+04
688	1.434945109533550e+04
689	1.517184130116401e+04
690	5.285480274534544e+03
691	9.671574186898364e+03
692	1.608298001550431e+04
693	1.537652603255670e+04
694	6.957924347098729e+03
695	1.805949835273201e+03
696	1.235733040697710e+04
697	3.476317545159875e+03
698	2.251438536451675e+04
699	2.548886957294804e+04
700	1.580480620989092e+04
701	4.415904247930717e+03
702	2.671407040767922e+04
703	1.390987927361356e+03
704	1.147158265991024e+04
705	7.330657967592273e+03
706	1.723977294314097e+04
707	6.292208031050089e+03
708	1.753676016564409e+03
709	9.219727958900708e+03
710	6.715635072655547e+03
711	4.177056484637065e+03
712	1.859426902105533e+04
713	6.965032430054588e+03
714	3.282105967971330e+04
715	5.079695179275084e+03
716	7.574479902995836e+03
717	2.402869651737215e+03
718	4.258085052105198e+03
719	4.142604855820739e+03
720	4.073274008339956e+03
721	1.828818361808934e+04
722	3.564030345339597e+04
723	1.503157749511287e+04
724	6.852914911032890e+03
725	4.831211227245775e+03
726	6.238896589221718e+03
727	8.141662080063559e+03
728	2.701754171508820e+03
729	2.128197895956772e+04
730	1.544742161400816e+04
731	2.315100835444594e+04
732	1.023688270199315e+04
733	9.566768861303730e+03
734	5.687478767733868e+03
735	2.392229211406200e+04
736	4.798023910834235e+03
737	5.763704354516269e+03
738	3.291389867170027e+03
739	1.459289267905373e+04
740	8.811087840813543e+03
741	4.772969841362151e+03
742	6.067069466051793e+03
743	3.126639775419829e+03
744	7.281757862804891e+03
745	3.916875021957907e+03
746	8.608008460400672e+03
747	1.317504326514087e+04
748	1.059475456500558e+04
749	1.530269164626151e+04
750	7.990462121800911e+03
751	1.544551097753384e+04
752	1.562055676819219e+04
753	6.023847316004336e+03
754	6.152009838259823e+03
755	9.868563473322021e+03
756	4.272663938453004e+03
757	9.087129605478312e+03
758	1.090985992720789e+04
759	9.930749473602722e+03
760	2.738778970857404e+04
761	1.060686494828188e+04
762	6.434028597273224e+03
763	5.160107022941146e+03
764	1.005739700478854e+04
765	1.270468292933100e+04
766	7.567155796803253e+03
767	1.284045670416843e+04
768	2.649294903385838e+03
769	2.436362038122070e+03
770	1.992554379889757e+03
771	2.367314469914892e+04
772	6.037525537134325e+03
773	1.188346661766253e+04
774	1.424905491826634e+04
775	4.431577718877776e+03
776	6.648742300741455e+03
777	8.751759097891712e+03
778	4.401371528971514e+03
779	8.909770153112264e+03
780	4.320690820654077e+03
781	9.461198249632034e+03
782	9.462320254941475e+03
783	9.254255469004829e+03
784	1.210876990499096e+04
785	1.142885913317788e+04
786	1.364795098553445e+04
787	4.659207091037125e+03
788	4.542077047182469e+04
789	2.306993008994715e+04
790	2.876976790780041e+04
791	4.742165641844564e+03
792	4.984449156370600e+03
793	2.886456441059449e+04
794	5.971547644493013e+03
795	5.974408129137015e+03
796	2.775200347381164e+04
797	1.841447373419397e+04
798	1.537310424755225e+04
799	4.084313161564189e+03
800	1.503308132819849e+04
801	4.340241265316581e+03
802	8.265807669510412e+03
803	5.829283166450031e+03
804	2.834766128683553e+03
805	9.224939691634901e+03
806	1.196919973359326e+04
807	2.132333586453080e+03
808	1.999078460598081e+03
809	1.457275746033401e+04
810	8.182974775586041e+03
811	6.190850094756618e+03
812	1.261936211857671e+04
813	2.779229693924014e+03
814	3.675480112092647e+04
815	2.447791321035978e+03
816	2.921615034430048e+03
817	8.382844592193887e+03
818	6.602847302485439e+03
819	4.315001359029140e+03
820	6.121221895847114e+03
821	7.519484644764148e+03
822	1.176077836063966e+04
823	5.009253434271543e+03
824	2.013303159679313e+04
825	5.144568703439326e+03
826	9.636792923266612e+03
827	1.133176244891121e+04
828	1.024767895335080e+04
829	7.108985420012142e+03
830	7.666728696077535e+03
831	8.487704238428865e+03
832	5.764346319320704e+03
833	3.396104309482975e+03
834	6.681431848954880e+03
835	8.342225311898261e+03
836	7.489237373836791e+03
837	3.541353337945652e+04
838	5.813678548588768e+03
839	2.042985897042302e+04
840	9.634896696814298e+03
841	1.490078826722097e+04
842	2.660668846420701e+04
843	1.714057855118340e+04
844	7.805934411794923e+03
845	4.758360008374862e+03
846	3.050996878394370e+03
847	4.313010686524412e+03
848	1.069863802086882e+04
849	1.997194026507514e+04
850	7.461096344290283e+03
851	6.800153260396019e+03
852	6.164669599686556e+03
853	3.677226795718261e+03
854	6.637192805210952e+03
855	4.213590826304458e+03
856	7.832616682187338e+03
857	7.754629710189648e+03
858	1.668015775163848e+04
859	1.154614058829055e+04
860	1.553698001229425e+03
861	1.977036059835446e+03
862	1.083408679681656e+04
863	9.094169346301585e+02
864	8.482486100003591e+03
865	3.200846854272955e+04
866	3.400523562388961e+03
867	7.138471544953420e+03
868	4.791242877015147e+03
869	7.323941721204487e+03
870	5.717180582784509e+03
871	4.082695275882809e+03
872	1.794393303462377e+04
873	2.679536624284301e+03
874	1.422779268573779e+03
875	9.393121599420789e+03
876	8.297907476282347e+03
877	5.523514249886179e+03
878	9.912319847998642e+03
879	1.548765441675049e+04
880	8.071743752054604e+03
881	4.482421174623337e+03
882	4.471811110782110e+03
883	8.279586708591009e+03
884	2.441565033662327e+03
885	1.548754616247829e+04
886	1.894326227594406e+03
887	2.409553915919518e+03
888	1.498313091853601e+04
889	7.952502900634566e+03
890	1.292963447811025e+04
891	3.460323292297381e+03
892	1.941260846584665e+04
893	2.276632800230167e+04
894	8.006491688974800e+03
895	1.232070487951916e+04
896	1.503368673729389e+04
897	8.007711534580471e+03
898	6.746036569844604e+03
899	1.483393963864312e+04
900	3.475901732640514e+03
901	3.048289053718934e+03
902	4.772800375643182e+03
903	1.126526344329358e+04
904	6.249199883162286e+03
905	3.875237206760002e+03
906	7.130932875369565e+03
907	3.821967412524325e+03
908	1.056445636530998e+04
909	1.618562909550488e+04
910	1.044245398375566e+04
911	6.834103672659317e+03
912	5.024349961591952e+03
913	9.936783053800767e+03
914	7.054638282079173e+03
915	3.447288633422501e+03
916	9.426912567310319e+03
917	4.875398423500555e+03
918	8.064792227949200e+03
919	9.768215002480205e+03
920	2.082144510734914e+04
921	1.502535106012509e+04
922	1.134303833129474e+04
923	6.875385069104225e+03
924	5.495603937318112e+03
925	6.744379631056945e+03
926	2.257764727753047e+03
927	1.195579060405077e+03
928	7.698027586037735e+03
929	8.176137094684437e+03
930	4.361951224525577e+03
931	2.005722754869284e+04
932	5.079787024192229e+03
933	7.261051659389293e+03
934	6.029049941013017e+03
935	7.477059128950204e+03
936	3.089235706603811e+03
937	4.048500979374990e+03
938	1.053072875898014e+04
939	2.271109960503302e+03
940	7.686069662885625e+03
941	5.003224008649244e+03
942	1.482241107270368e+04
943	6.815659419667422e+03
944	1.351542202355220e+04
945	5.989940548763105e+03
946	3.639234716863905e+03
947	5.848278232474109e+03
948	1.240425139252851e+03
949	6.543702907135053e+03
950	8.830200726874395e+03
951	1.537596503032850e+04
952	8.541930901186703e+03
953	1.108784082540824e+04
954	3.532113000225076e+03
955	1.341688839283649e+03
956	2.064324961100517e+03
957	4.648561054921016e+03
958	8.459840843838878e+03
959	9.214194951772439e+03
960	1.756154363182424e+04
961	5.422523912004244e+03
962	6.062689562234186e+03
963	3.637781027523039e+03
964	3.614352081940684e+03
965	5.270294571266892e+03
966	4.261366212954821e+03
967	4.777265904644564e+03
968	1.129380288041865e+04
969	1.377639227827803e+04
970	4.083043422895245e+03
971	7.573871463764310e+03
972	1.065483478616318e+04
973	7.623992932514420e+03
974	2.920693218194627e+03
975	4.858985961017329e+03
976	1.039778943303315e+04
977	1.253259050755813e+04
978	1.060741393707995e+04
979	3.125438994235646e+03
980	3.945225551021771e+03
981	6.233352676321323e+03
982	2.260036009215891e+03
983	4.778270784876761e+03
984	4.258251182100277e+03
985	5.422153672845391e+03
986	9.287848971059044e+03
987	1.271762672969238e+04
988	3.090657279342610e+03
989	5.164085154205703e+03
990	4.812364327670335e+03
991	1.320565718237837e+04
992	1.881164733110309e+03
993	1.526126401906131e+04
994	7.298850594090070e+03
995	9.906340572590727e+03
996	8.799808337299582e+03
997	1.829750806730784e+03
998	1.251917110265577e+04
999	1.091950876623963e+04
1000	1.214582969405475e+03
1001	5.505691569147427e+03
1002	5.308867202216583e+03
1003	1.482419881073469e+04
1004	5.935861917003806e+03
1005	5.395673126072008e+03
1006	1.644921883739804e+03
1007	3.307855273813397e+04
1008	8.358538706739228e+03
1009	3.404548720817783e+03
1010	6.334653850546698e+03
1011	1.240616341398868e+04
1012	2.263417632026649e+03
1013	5.162541965086409e+03
1014	3.453592444811204e+03
1015	4.079335332575317e+03
1016	1.481652223427478e+03
1017	4.061107127085882e+03
1018	2.343864528357850e+03
1019	3.072869528777334e+03
1020	4.605051991302708e+03
1021	8.127821575907811e+03
1022	8.829034836071214e+03
1023	4.460454294777769e+03
1024	1.145550642114320e+04
1025	9.325539568141165e+03
1026	2.147807663540349e+04
1027	1.134129585343719e+04
1028	5.698272686829085e+03
1029	9.546531538001091e+03
1030	5.959400502644050e+03
1031	8.759878475333315e+03
1032	3.165158613174026e+03
1033	1.267603861719008e+03
1034	1.392847282697119e+04
1035	1.074626625606562e+04
1036	8.654505251126528e+03
1037	6.108973073300215e+03
1038	4.356712237639772e+03
1039	3.977203966327750e+03
1040	5.069787085528360e+03
1041	1.380531617379716e+04
1042	1.138006190541219e+04
1043	2.554923445697674e+03
1044	4.597828483938614e+03
1045	6.485368023920918e+03
1046	6.424811507618472e+03
1047	4.457392737877074e+03
1048	1.433938273755107e+04
1049	4.421416600371394e+03
1050	3.817075521010236e+03
1051	4.943089538449779e+03
1052	1.539227533938318e+03
1053	1.258056184057348e+04
1054	5.458388321738984e+03
1055	4.919110145924508e+03
1056	6.830800252103264e+03
1057	4.114940820254574e+03
1058	2.890985978520594e+03
1059	9.470244703902195e+03
1060	2.931589476038369e+03
1061	1.488048699705191e+03
1062	2.895418891663291e+03
1063	1.035040975808769e+04
1064	1.776663848632874e+03
1065	2.595306436970006e+03
1066	1.853613458057466e+03
1067	5.957202345523139e+03
1068	2.197541589958073e+03
1069	8.272205059709329e+03
1070	3.110134145749567e+03
1071	8.206772521741812e+03
1072	6.690103480747854e+03
1073	6.435843143019147e+03
1074	1.253378848652955e+03
1075	1.117672004390335e+04
1076	1.626885159538301e+04
1077	3.693786712690564e+03
1078	2.555574633658849e+03
1079	4.205195450560448e+03
1080	4.018426444258984e+03
1081	3.449375866727159e+03
1082	1.135546031990378e+04
1083	1.799202239949491e+04
1084	2.962122606427503e+03
1085	1.363320635966953e+03
1086	3.412104848385894e+03
1087	3.930273490631952e+03
1088	3.117695142673052e+03
1089	7.441181307362151e+03
1090	1.176289605998242e+04
1091	6.769674266686566e+03
1092	5.539112080328460e+02
1093	9.962306580404507e+03
1094	6.478420258354440e+03
1095	4.473083311718969e+03
1096	8.899022173297668e+03
1097	5.715992057761263e+03
1098	1.042918857901669e+04
1099	3.805245046458410e+03
1100	2.670258751270027e+03
1101	2.429637672564846e+03
1102	2.010026412160820e+03
1103	7.814406731390373e+03
1104	3.558538446794051e+03
1105	5.113879796990552e+03
1106	4.368737845674319e+03
1107	9.291852074101347e+03
1108	3.462765394436096e+03
1109	6.784996411351061e+03
1110	2.713848804061211e+03
1111	8.387109992364487e+03
1112	7.108711059466532e+03
1113	1.324687091073274e+04
1114	1.034769491286771e+04
1115	3.154551106011857e+03
1116	1.651091909143184e+04
1117	4.124573420816026e+03
1118	4.327655750434649e+03
1119	7.403513516269748e+03
1120	2.087213206620238e+03
1121	6.134243691258714e+03
1122	1.974228660413250e+03
1123	1.094485513055807e+04
1124	5.603135707584306e+03
1125	2.510871039383684e+03
1126	1.771892991665118e+03
1127	8.850399193672676e+03
1128	3.009435549034302e+03
1129	9.878277687860767e+03
1130	1.556436630787372e+04
1131	1.363109906629144e+04
1132	3.967363190257759e+03
1133	2.246846034133395e+03
1134	8.614785914452628e+03
1135	1.236443214016188e+04
1136	2.081521167935099e+03
1137	6.136426061029721e+03
1138	2.312997837518502e+03
1139	2.989089479957594e+03
1140	3.447112308013488e+03
1141	1.387781683894743e+03
1142	5.211783948155670e+03
1143	2.826897201154065e+03
1144	3.794326642345638e+03
1145	8.773754446232879e+03
1146	2.108618947544206e+03
1147	3.730768077278892e+03
1148	6.438056631447764e+03
1149	1.838407679288356e+03
1150	1.725509267083454e+03
1151	9.236047533903127e+03
1152	6.675610738823647e+03
1153	3.164075230958313e+03
1154	2.930063118863432e+03
1155	2.789032352374085e+03
1156	6.325181046631170e+02
1157	7.314974435881338e+03
1158	9.348128279027338e+03
1159	2.300272455682796e+03
1160	5.200090712712402e+03
1161	7.004172607928139e+03
1162	3.858655238477119e+03
1163	1.284377765009981e+03
1164	3.669783013682546e+03
1165	4.625259067372365e+03
1166	5.183022050381605e+03
1167	3.988176549146861e+03
1168	1.757722471115404e+03
1169	3.213771652590881e+03
1170	2.581753686892201e+03
1171	2.167276382882237e+03
1172	3.722373871706175e+03
1173	3.516772750037208e+03
1174	1.899587478734871e+03
1175	1.034352975752015e+04
1176	4.448280878086387e+02
1177	9.145990019547355e+03
1178	2.411997804302886e+04
1179	7.589945722656589e+03
1180	5.882626564908392e+03
1181	9.078809217912436e+03
1182	7.893621097057215e+03
1183	1.964676892990251e+03
1184	3.960282753336784e+03
1185	5.024401634151745e+03
1186	1.116153593043013e+04
1187	6.205403328645788e+03
1188	1.737314980237375e+04
1189	3.066159103922966e+03
1190	7.564886816939275e+03
1191	1.410273297372189e+03
1192	1.506913071155110e+03
1193	4.210542364639446e+03
1194	2.548859463265283e+03
1195	9.807089755742722e+03
1196	1.216694682863442e+04
1197	6.357874669910871e+03
1198	7.335610471382448e+03
1199	3.123005298714565e+03
1200	7.024879030750087e+03
1201	6.498354255295781e+03
1202	1.079840034726797e+04
1203	7.354244312712874e+02
1204	4.505466468648066e+03
1205	6.377842444962273e+03
1206	1.913246837431221e+03
1207	1.032732154637031e+04
1208	2.390909652119776e+03
1209	2.097474233462704e+03
1210	2.099436673728253e+03
1211	3.986572692617513e+03
1212	7.010638886074685e+02
1213	3.643046428391872e+03
1214	3.911519640197598e+03
1215	2.816742224957613e+03
1216	1.391882119969310e+03
1217	2.133411162541907e+03
1218	9.554240472532107e+02
1219	4.992673658265829e+03
1220	8.823458586466450e+03
1221	8.895867277958238e+03
1222	3.405570294678485e+03
1223	4.746971754230767e+03
1224	2.128935680345543e+03
1225	6.553376156168092e+03
1226	2.626903959865059e+03
1227	3.077710757124241e+03
1228	4.343942394186365e+03
1229	3.129583377883133e+03
1230	4.982437249420277e+03
1231	3.240285264348238e+03
1232	1.334681669371005e+04
1233	2.174893957283188e+03
1234	1.395156740218896e+04
1235	3.508039004445756e+03
1236	5.169615328784922e+03
1237	7.243557621442290e+03
1238	1.177216509038238e+04
1239	3.040883344804097e+03
1240	9.650628608277426e+03
1241	3.719692324632073e+03
1242	1.829429547654066e+03
1243	3.552307525331188e+03
1244	6.477033877578159e+03
1245	5.613263601331086e+03
1246	1.411992194619861e+04
1247	7.089554867478781e+03
1248	3.463758355608145e+03
1249	3.300488645256856e+03
1250	2.727546358527524e+03
1251	4.798830809665451e+03
1252	1.414680937235132e+03
1253	6.437728159093193e+03
1254	1.293102926758250e+04
1255	1.871422707610501e+03
1256	3.497489500066942e+03
1257	3.619414926338387e+03
1258	5.075642652032020e+03
1259	3.972065311677808e+04
1260	3.432329167989419e+03
1261	1.404523807646921e+04
1262	3.652992955032491e+03
1263	7.075271032095379e+03
1264	3.876758819597390e+03
1265	3.893283507939484e+03
1266	1.055141046539969e+03
1267	3.328498991443614e+03
1268	1.115082331765310e+03
1269	5.892328529896901e+03
1270	2.968457278784455e+03
1271	1.956951772648054e+04
1272	5.604954696810072e+03
1273	5.102161571687669e+03
1274	2.839096643744576e+03
1275	3.540302792526442e+03
1276	1.182585526739281e+04
1277	4.895006448246809e+03
1278	1.965520999359100e+03
1279	7.465206153418718e+03
1280	1.912093831795619e+03
1281	8.712132799035819e+03
1282	2.587135860968484e+03
1283	6.480672305117259e+03
1284	1.484983551091420e+04
1285	1.407704188818864e+04
1286	4.253327129599917e+03
1287	3.609356742170121e+03
1288	1.366000202493326e+04
1289	1.122246225492590e+04
1290	4.628278913073921e+03
1291	3.524630670423406e+03
1292	2.063167059358247e+03
1293	1.216118687743065e+04
1294	4.191816532888733e+03
1295	9.772741368373256e+02
1296	2.894524369658094e+03
1297	3.438599902460874e+03
1298	3.749008005550430e+03
1299	5.065718161585591e+03
1300	2.540895568240011e+03
1301	1.645176157757600e+03
1302	7.709345326167329e+03
1303	6.914758021528968e+03
1304	3.986207632001743e+03
1305	8.689202951368068e+03
1306	9.290857825748777e+03
1307	7.514375076503866e+03
1308	1.338148885618350e+04
1309	5.567813193081555e+02
1310	1.168739877652172e+04
1311	6.886402126584529e+03
1312	5.484091112412852e+03
1313	7.736014284642768e+03
1314	3.631850120447211e+03
1315	1.206447539729362e+04
1316	6.834395753234106e+03
1317	1.850396377202805e+03
1318	8.812346779803027e+03
1319	1.412126326454673e+03
1320	1.505016787421539e+04
1321	7.662378137422735e+03
1322	8.883032630181336e+02
1323	1.111439837531041e+04
1324	1.198846059051761e+04
1325	2.281437701802835e+04
1326	2.525477006928726e+03
1327	4.195729200948380e+03
1328	6.411195934102078e+03
1329	2.893817753664171e+03
1330	1.451066008588803e+04
1331	1.552651164902566e+03
1332	3.060327760238145e+03
1333	4.745879649844224e+03
1334	3.075269153124355e+03
1335	4.312513566836290e+03
1336	5.792364127890924e+03
1337	1.684334524105595e+03
1338	3.493742717458589e+03
1339	1.149837551139787e+03
1340	3.064402353098657e+03
1341	6.973946713633867e+02
1342	2.096548852218662e+03
1343	3.094491145603030e+03
1344	7.796222691319229e+03
1345	1.400029239659829e+04
1346	6.878772153040394e+03
1347	4.108009179264832e+03
1348	4.590291487473669e+03
1349	6.361786900534651e+03
1350	4.796594633980219e+03
1351	1.111460535560408e+04
1352	1.247780118310363e+03
1353	1.781285809330477e+03
1354	2.235975560599734e+03
1355	1.953097705336913e+03
1356	3.310013076832139e+03
1357	7.882123469604057e+02
1358	1.124105316671924e+04
1359	8.425089121327739e+03
1360	8.640585833866073e+03
1361	2.505757476840277e+03
1362	1.433700344006386e+04
1363	9.643264026850849e+03
1364	2.459732565411948e+03
1365	1.447368351878223e+04
1366	2.378180054839833e+03
1367	2.070729164688852e+03
1368	2.458899457065102e+03
1369	8.191830421538473e+02
1370	1.108310345274199e+03
1371	1.123311747823986e+03
1372	4.471948337503983e+03
1373	7.534148919423660e+03
1374	2.220150245504172e+03
1375	5.750915070660793e+03
1376	3.137824299774280e+03
1377	3.756501871421561e+03
1378	1.061213794859901e+03
1379	3.662650310971769e+03
1380	9.142111011656400e+03
1381	5.732181552162288e+03
1382	6.454088904136420e+03
1383	7.915399413884279e+03
1384	4.010266487863288e+03
1385	1.380658909765759e+04
1386	1.782394180906600e+04
1387	2.131428005417850e+03
1388	1.935528523898712e+03
1389	4.710195117105553e+03
1390	1.149505121137962e+04
1391	1.248920574486281e+04
1392	2.218242439593296e+03
1393	4.709787663463828e+03
1394	1.639199446078726e+03
1395	8.734889018862170e+03
1396	6.634279787530404e+03
1397	6.179921935791613e+03
1398	3.086412995096649e+03
1399	3.257955472123984e+03
1400	4.047474196288344e+03
1401	1.320001414535533e+03
1402	6.065201454540196e+03
1403	1.510104850657572e+03
1404	1.611734444152546e+03
1405	2.585813495725424e+03
1406	1.624736025796851e+03
1407	4.567209391523752e+03
1408	1.724268715246139e+03
1409	2.920928878201458e+03
1410	3.377443970627543e+03
1411	4.371202463781431e+03
1412	1.895160378790431e+03
1413	3.999414530739084e+03
1414	7.820516698595835e+03
1415	1.824590468231321e+03
1416	1.138026848905447e+04
1417	6.728567364321208e+03
1418	1.505056029428828e+04
1419	8.464286454298395e+02
1420	2.283381344282686e+04
1421	1.222857508792004e+03
1422	4.127800208752914e+03
1423	2.771837429799504e+03
1424	2.736746353362884e+03
1425	4.662021037183726e+02
1426	6.835158223183309e+03
1427	5.487085614515850e+03
1428	3.916925123097699e+03
1429	5.960886765607181e+02
1430	1.263088407543156e+03
1431	6.182907833572107e+03
1432	4.456934943229558e+03
1433	3.699608348302271e+03
1434	2.180455795867376e+03
1435	4.998450168399021e+03
1436	5.643489018500150e+02
1437	1.620646087892364e+03
1438	1.580298323306836e+03
1439	1.178010115071955e+04
1440	1.080096950648025e+03
1441	2.174093123519207e+03
1442	1.698720355694536e+03
1443	9.100765613656049e+03
1444	1.445810876505069e+03
1445	3.790073391810118e+03
1446	1.141627352126941e+04
1447	2.355386091488820e+03
1448	4.433791738385957e+03
1449	5.963914878485030e+03
1450	1.480210337894146e+04
1451	6.512859475528431e+03
1452	4.918476505196139e+03
1453	1.138697100949729e+04
1454	5.355530812350094e+03
1455	8.004274809929044e+03
1456	4.570904480933446e+03
1457	6.186644430012847e+03
1458	3.274252839556247e+03
1459	4.584901238558262e+03
1460	3.030600737858309e+03
1461	1.501281240665952e+04
1462	9.784609214881696e+02
1463	2.336834692930125e+03
1464	9.128750307554133e+02
1465	1.273695100805389e+04
1466	3.636983788271808e+03
1467	2.221031340539065e+03
1468	3.738051312636489e+03
1469	3.159913092296468e+03
1470	5.589070187887777e+03
1471	3.517532742125040e+03
1472	1.697859028735344e+03
1473	1.073997991715958e+04
1474	5.221829199689955e+03
1475	1.086315742735493e+03
1476	4.818088058688216e+03
1477	8.788744872059890e+03
1478	5.610685972108215e+03
1479	8.204739748862852e+03
1480	6.662948443732676e+03
1481	3.940600752910261e+03
1482	1.261509799338781e+04
1483	5.095835170189843e+03
1484	3.262524114978618e+03
1485	4.554303400616998e+03
1486	4.244204691849210e+03
1487	2.225100230503850e+03
1488	7.119735689800876e+03
1489	4.514979023167807e+03
1490	1.902935175941511e+03
1491	1.485871458899389e+03
1492	5.744661592500774e+03
1493	4.308587454978113e+03
1494	3.740648286971264e+03
1495	4.793766174143265e+03
1496	2.827098106369696e+03
1497	4.545423007281010e+03
1498	1.537999007890663e+04
1499	5.566114095586217e+03
1500	3.942775965437215e+03
1501	2.068774108647808e+03
1502	6.735987426796606e+03
1503	3.198070340140956e+03
1504	7.489282783760345e+03
1505	2.160978225662072e+03
1506	4.637923656413537e+03
1507	3.909562794335325e+03
1508	2.231988716002817e+03
1509	3.942306835086094e+03
1510	4.247025169071660e+03
1511	8.243032305922792e+03
1512	6.227466895372298e+03
1513	2.941888721243160e+03
1514	5.915105734120046e+03
1515	2.770088066188653e+03
1516	2.081683784935919e+03
1517	1.673536931901573e+03
1518	5.009841111104496e+03
1519	3.609364116894514e+03
1520	1.892191151680535e+03
1521	1.108688330027875e+04
1522	3.827488529224014e+03
1523	6.926606695230723e+03
1524	5.226068498089048e+03
1525	5.000150877035900e+03
1526	5.175245928278705e+03
1527	3.154279268465466e+03
1528	3.524762649419056e+03
1529	1.998823564029100e+03
1530	2.085866877716500e+03
1531	6.369989561152755e+03
1532	2.405812291169080e+03
1533	4.119547590925250e+03
1534	2.572704042796808e+03
1535	1.895972554239602e+03
1536	3.782114963570760e+03
1537	8.040100021046082e+02
1538	3.256630670991482e+03
1539	9.301022787139966e+03
1540	4.960533666671395e+03
1541	1.694597992832095e+04
1542	7.130766961505459e+03
1543	8.194130278994151e+03
1544	1.715881552451223e+04
1545	2.431704697782230e+03
1546	8.536127142295071e+02
1547	1.886304835171705e+04
1548	3.819265737706593e+03
1549	3.615267968919410e+03
1550	4.811573001226459e+03
1551	4.095444853693869e+03
1552	5.887926907450103e+02
1553	4.622134586283949e+03
1554	1.384489198180511e+03
1555	1.065733560570543e+04
1556	2.448471349517542e+03
1557	1.178805147200873e+04
1558	2.097534408405907e+03
1559	1.720773734796829e+03
1560	3.306663269870460e+03
1561	2.525494566562377e+03
1562	1.741397070457782e+03
1563	7.826770873416503e+03
1564	9.286102449469686e+02
1565	5.792506724926370e+03
1566	1.925972942571397e+03
1567	2.144605349029352e+03
1568	9.268817234234691e+02
1569	1.906423885061188e+03
1570	9.484435481143233e+03
1571	4.104649262501798e+03
1572	2.796045258559247e+03
1573	1.024229683907458e+04
1574	3.102704237744270e+03
1575	7.360718385178447e+03
1576	3.128937252166359e+03
1577	2.320849599703396e+03
1578	3.098869941210212e+03
1579	1.459560352097620e+03
1580	3.556804564509159e+03
1581	6.127201360283994e+03
1582	5.013722000338523e+03
1583	1.564523802821219e+03
1584	2.223772367735582e+03
1585	1.537923092186535e+03
1586	4.643245147430443e+03
1587	2.981671912887597e+03
1588	4.078358473395276e+03
1589	3.739745591580023e+03
1590	1.670997259242150e+04
1591	9.181650510186068e+03
1592	1.764348757754738e+03
1593	6.536834219095251e+03
1594	1.523544187098271e+03
1595	1.377810842991685e+03
1596	8.024554585849281e+03
1597	1.209248556403496e+03
1598	1.202998481250097e+03
1599	5.320371576376832e+03
1600	3.406745751767953e+03
1601	6.141599323944891e+03
1602	2.604341614330378e+03
1603	1.152724958432215e+03
1604	5.200668971805767e+03
1605	1.005858045509641e+04
1606	3.507667318639779e+03
1607	5.324337176988862e+03
1608	3.066383352879228e+03
1609	1.324431501547801e+03
1610	3.578184448076403e+03
1611	1.928904519660533e+03
1612	4.679761534710819e+03
1613	1.072924116913405e+04
1614	5.780685784614398e+03
1615	2.682756481090016e+03
1616	2.693420583127624e+03
1617	9.564956749020799e+03
1618	2.176251604860632e+03
1619	7.371688096547238e+03
1620	8.384684335237429e+03
1621	2.466855412540656e+03
1622	3.938350674954169e+03
1623	4.621571585214255e+03
1624	6.829613545321826e+02
1625	5.409663815722469e+03
1626	3.897353938019560e+03
1627	1.996136321035240e+03
1628	4.538614923860294e+03
1629	1.823024923083325e+04
1630	1.193450866056400e+03
1631	7.818186828715347e+03
1632	1.240080845118144e+04
1633	2.133091220560529e+03
1634	1.012460983253615e+04
1635	1.130458844974431e+04
1636	1.022844301561564e+03
1637	1.384127735909754e+04
1638	5.915453399789298e+03
1639	3.010820859593166e+03
1640	5.921552712758536e+03
1641	1.237282652291168e+03
1642	2.705736585316713e+03
1643	7.083588316972861e+03
1644	3.980295246483962e+03
1645	5.386212903779632e+03
1646	3.331827999625237e+03
1647	2.800141956016871e+03
1648	2.033936338571417e+03
1649	4.052021666237480e+03
1650	1.007261613785190e+03
1651	8.020534987875991e+02
1652	9.541293128729500e+03
1653	5.281581555973031e+03
1654	4.688810383177187e+03
1655	2.963606481746902e+03
1656	5.927054380971036e+03
1657	1.197181195831701e+04
1658	7.817217889767899e+03
1659	2.346601042185965e+03
1660	1.005390677041649e+03
1661	3.276354902586785e+03
1662	3.916299905631615e+03
1663	4.541413571377710e+03
1664	2.620518528724866e+03
1665	2.980098791773449e+03
1666	1.165749321775668e+03
1667	1.432133667029817e+03
1668	2.235043450551268e+04
1669	7.926866246855013e+03
1670	4.118665676796822e+02
1671	1.242618263435917e+03
1672	2.124799488682086e+03
1673	1.321506518354656e+04
1674	1.586452211572229e+03
1675	8.447455212153955e+03
1676	1.259087384608421e+03
1677	1.486094194487718e+03
1678	2.547103891928323e+03
1679	2.253633920210928e+03
1680	2.357777629210729e+03
1681	8.310302364478226e+02
1682	2.601888884600012e+03
1683	2.574211476142664e+03
1684	3.659367799276039e+03
1685	2.745985118447675e+03
1686	4.069413690640401e+03
1687	4.333896019485008e+03
1688	3.454085670465317e+03
1689	2.191033861832393e+03
1690	1.313210883297633e+03
1691	9.360051459372242e+03
1692	2.549120348209265e+03
1693	1.005739661076222e+04
1694	5.372636678324210e+03
1695	1.194166299847395e+03
1696	5.026139697680947e+03
1697	9.618156871099483e+02
1698	4.673405035720432e+03
1699	7.899141292585995e+03
1700	3.903267033201670e+03
1701	6.226846859492853e+03
1702	8.121049106404668e+02
1703	5.417339446747690e+03
1704	1.920688793841320e+03
1705	8.960712966261610e+02
1706	6.556930854173556e+03
1707	3.514894213646660e+03
1708	5.982012030929121e+03
1709	4.185326982145691e+03
1710	1.301781402016274e+03
1711	4.744766811581924e+03
1712	3.374093767474430e+03
1713	3.480029942628181e+03
1714	6.640667614919740e+02
1715	2.077001647185657e+03
1716	8.204121988039110e+02
1717	3.856376125414839e+03
1718	7.029331349468574e+03
1719	1.950176643258844e+04
1720	2.070787079288817e+03
1721	1.196872555292383e+04
1722	1.094547792447246e+03
1723	6.995613139287689e+03
1724	1.484799519958628e+03
1725	9.213374707826808e+02
1726	2.276917194217063e+02
1727	2.631264732107552e+03
1728	4.679112476712990e+03
1729	4.905827485311232e+03
1730	6.351986841797403e+03
1731	2.297426088061620e+03
1732	7.358121094525615e+02
1733	7.423770187876251e+03
1734	1.998867534774601e+03
1735	2.092154870117937e+03
1736	3.715549795673341e+03
1737	8.923040683671288e+03
1738	5.377251012158349e+03
1739	1.364086694246546e+03
1740	3.419079928568681e+03
1741	2.529621235113273e+03
1742	7.781998052629655e+03
1743	1.078806270972624e+04
1744	6.587418777573290e+03
1745	7.459757860548014e+03
1746	5.143739279943494e+03
1747	6.739733362448529e+03
1748	1.928957021234800e+03
1749	4.565641877739228e+03
1750	4.461221633189131e+03
1751	2.610230361303608e+03
1752	3.720059884029263e+03
1753	1.085640791541014e+04
1754	6.231354031141238e+03
1755	4.447213727570310e+03
1756	2.863139952118550e+03
1757	4.839580464281846e+03
1758	2.155454448898510e+03
1759	5.350118392611015e+03
1760	3.454391452460596e+03
1761	3.606930853079637e+03
1762	3.783074429494681e+03
1763	5.965878447260442e+03
1764	3.417878091485557e+03
1765	6.064581125754014e+03
1766	2.853980695879085e+03
1767	2.755544414746076e+03
1768	2.692812350015258e+03
1769	3.780851965083557e+03
1770	1.383513104701965e+03
1771	7.280028101494475e+03
1772	2.687732516187260e+03
1773	3.345909434831711e+03
1774	3.654715175201368e+03
1775	1.158837040162430e+03
1776	1.071489890046452e+03
1777	5.428122157202746e+03
1778	5.778571239476270e+03
1779	8.494087936970579e+02
1780	3.279648147240604e+03
1781	1.226479403480351e+03
1782	3.041618911685679e+03
1783	8.252715805228854e+03
1784	1.205623732996260e+03
1785	1.430584642207447e+04
1786	8.537723951209207e+02
1787	1.139806100287377e+04
1788	1.028496753386191e+03
1789	3.695092852310147e+03
1790	1.129989489028826e+03
1791	3.037747995997652e+03
1792	6.827129098967648e+02
1793	1.863943031177267e+03
1794	1.206136450439619e+04
1795	1.976685861345671e+03
1796	4.308813115807254e+03
1797	6.832950232064149e+03
1798	1.480683846677945e+03
1799	9.753352522289486e+03
1800	1.955094730845334e+03
1801	2.832564413612224e+03
1802	5.619412531270224e+03
1803	4.416897032804141e+03
1804	3.481914123795266e+03
1805	2.198783447386676e+03
1806	3.080210987537086e+03
1807	3.454065264892055e+03
1808	9.520315915611929e+03
1809	1.807672517521816e+03
1810	1.131744357356088e+04
1811	5.510346202755066e+03
1812	1.033643327651255e+03
1813	5.132973375300960e+03
1814	5.216108292483976e+03
1815	3.136694039887916e+03
1816	1.439347619533193e+03
1817	1.216319699875491e+03
1818	2.658834688351462e+03
1819	9.689189725710889e+02
1820	6.908048559159225e+02
1821	3.544766416951812e+03
1822	9.993497678620120e+02
1823	5.405126616282880e+03
1824	3.518903519094109e+03
1825	1.308517202917493e+03
1826	1.563097223848880e+04
1827	2.802986353058271e+03
1828	1.537222328008439e+03
1829	8.733356820680982e+02
1830	8.533058817231795e+03
1831	4.005437043403385e+03
1832	2.369263736081650e+03
1833	2.132262490429001e+03
1834	5.234843908247517e+03
1835	4.081994206578109e+03
1836	1.261025314783895e+04
1837	2.844837086093678e+03
1838	4.402210287262242e+03
1839	2.434154607233892e+03
1840	1.561891470750618e+04
1841	3.714995493083174e+03
1842	8.385963401992349e+03
1843	5.432571937403829e+03
1844	3.880546217465845e+03
1845	4.301544410928402e+03
1846	9.016812730237219e+02
1847	1.638557404615585e+03
1848	5.613284075864100e+03
1849	3.442274829537912e+03
1850	3.808805212491427e+03
1851	5.043103648514746e+03
1852	5.169988361103977e+03
1853	2.665097990887284e+03
1854	2.844903693238216e+03
1855	3.479201288896379e+02
1856	2.086814062546690e+03
1857	1.684341955159502e+03
1858	3.639112673351457e+03
1859	2.564152412995791e+03
1860	3.669477001511892e+03
1861	4.299388405026437e+03
1862	1.042548607126947e+03
1863	2.305675375697763e+03
1864	1.348512848145287e+03
1865	4.025390157719560e+03
1866	2.232197138590691e+03
1867	1.943599455037246e+03
1868	2.553041681859212e+03
1869	2.661712037051513e+03
1870	9.568312405153692e+03
1871	2.072299473746493e+03
1872	2.544286398593326e+03
1873	3.653976801327181e+03
1874	2.127048492088927e+03
1875	5.043688748943569e+03
1876	8.539953268748968e+03
1877	1.679406474009175e+03
1878	9.496082629465460e+03
1879	8.322408794674917e+03
1880	2.183980975792744e+03
1881	2.154538569315760e+03
1882	3.634024001292593e+03
1883	3.556068557399840e+03
1884	2.799641275667326e+03
1885	4.519832574483050e+03
1886	4.114475422709354e+03
1887	2.714728924134265e+03
1888	1.490083277619143e+03
1889	2.629845874241274e+03
1890	3.318044071868606e+03
1891	6.092954247729446e+02
1892	1.425719605730742e+03
1893	7.004944540579724e+03
1894	3.848885129756184e+03
1895	4.245697567674122e+03
1896	8.600811822403041e+02
1897	9.888675733764014e+02
1898	2.677414792947987e+03
1899	3.480151763006445e+03
1900	4.096997257390849e+03
1901	1.916390087217484e+03
1902	1.678955229247639e+03
1903	2.231475571088708e+03
1904	2.911872284331961e+03
1905	2.537439463672185e+03
1906	4.934136456999387e+03
1907	2.143645399163761e+03
1908	2.049267817424966e+03
1909	2.142402301812452e+03
1910	4.449073152925272e+03
1911	1.307971393684083e+03
1912	1.053681674523962e+03
1913	1.909635804081397e+03
1914	1.306435841785164e+03
1915	6.816116266443416e+03
1916	2.091866660598972e+03
1917	1.367095668503972e+03
1918	1.517077034169930e+03
1919	2.670839483648128e+03
1920	2.932481405332054e+03
1921	3.952628611729614e+03
1922	1.510133566254349e+03
1923	1.704037263504281e+03
1924	1.220956858870699e+04
1925	1.267827382150871e+03
1926	4.869873584027263e+03
1927	4.183976096660146e+03
1928	1.659337528860141e+03
1929	3.281671292644448e+03
1930	4.655538405343774e+03
1931	2.093757959110598e+03
1932	9.506912629820130e+03
1933	7.424462216562094e+02
1934	3.385725039205420e+03
1935	1.406936590191905e+03
1936	6.681334991356458e+03
1937	1.573759330527031e+03
1938	6.429756895579190e+03
1939	4.902813957230674e+03
1940	2.288048573720630e+03
1941	3.988415407637610e+03
1942	1.158647415407307e+03
1943	1.396272059664943e+03
1944	6.871970726282532e+03
1945	4.345822566177523e+03
1946	4.131093081456961e+03
1947	2.776606418487267e+03
1948	9.298310883660535e+03
1949	5.236115399584414e+03
1950	1.958372261021526e+03
1951	2.355447134622354e+03
1952	8.205558518612263e+02
1953	2.476634701986480e+03
1954	9.955937929455422e+02
1955	3.675502030286106e+03
1956	1.442588587295759e+04
1957	4.322242856449227e+03
1958	1.069253665978344e+04
1959	3.472615508136697e+03
1960	3.590474783833026e+03
1961	2.617402080627279e+03
1962	5.319348795495226e+03
1963	8.733495883180731e+02
1964	4.919602150764671e+02
1965	1.025377992548260e+03
1966	2.780911924862401e+03
1967	4.355803381982849e+03
1968	1.590366660131551e+03
1969	2.255449224067844e+03
1970	1.530046050993145e+03
1971	7.785806614532200e+02
1972	7.573202738278469e+03
1973	2.381956665826156e+04
1974	1.057588225866747e+04
1975	1.981720841927201e+03
1976	3.241116496465206e+03
1977	7.337326014070833e+03
1978	3.882010772919848e+03
1979	5.269582608278081e+03
1980	7.496000545641953e+02
1981	4.448037848429754e+03
1982	8.128694569038869e+03
1983	2.291079610759998e+03
1984	1.195750403057049e+03
1985	1.042012510926944e+03
1986	2.151735129201024e+03
1987	4.213236263354550e+02
1988	2.357772097586497e+03
1989	3.884062496790551e+03
1990	5.907192814160778e+02
1991	1.113826677340077e+03
1992	1.712500349376142e+03
1993	6.770785115041360e+02
1994	2.759704189069289e+03
1995	4.094070089546386e+03
1996	5.140011527877428e+03
1997	3.658203826668124e+03
1998	2.328186263388312e+03
1999	2.428606612759581e+03
2000	3.242436769826652e+03
2001	8.921462519568561e+02
2002	6.013799003974053e+03
2003	1.178611835605014e+03
2004	1.046329488821542e+03
2005	3.456482082874017e+03
2006	3.427151238017329e+03
2007	3.010796638746070e+03
2008	2.325782901516966e+03
2009	1.436734870386554e+03
2010	6.265695264664449e+03
2011	1.437779919694806e+03
2012	7.249101032988498e+03
2013	4.297967089450574e+03
2014	5.659317240214265e+03
2015	5.976644576888526e+02
2016	1.154994924074125e+04
2017	6.216794263106712e+03
2018	8.233012565560460e+02
2019	3.339256317047349e+03
2020	3.972153642287832e+03
2021	1.919108241943506e+03
2022	1.313682291919718e+03
2023	2.006177075494373e+03
2024	2.327463818125775e+03
2025	3.302560264227115e+03
2026	9.413632584555156e+03
2027	2.930736565399201e+03
2028	4.208100597184593e+03
2029	8.182025720373235e+02
2030	1.320085821839411e+03
2031	3.714068882470536e+03
2032	1.851105405203392e+03
2033	3.814171639835991e+03
2034	7.462415707792555e+02
2035	3.474281999961586e+03
2036	3.255575644808036e+03
2037	2.338313888523405e+03
2038	6.086592054267241e+03
2039	2.311560319513493e+03
2040	2.429190576803919e+03
2041	3.325068550042619e+03
2042	3.301559160782636e+03
2043	3.580344775154835e+03
2044	3.046010849346246e+03
2045	1.148255423465340e+03
2046	1.594934502378220e+03
2047	5.352171408155506e+03
2048	2.289282336243454e+03
2049	2.966422255394509e+03
2050	4.066972696507703e+03
2051	1.364401103042868e+03
2052	5.210485593419000e+03
2053	6.026577668464838e+03
2054	3.359905712193868e+03
2055	1.204986247849574e+03
2056	5.734326053336365e+02
2057	4.561223295326600e+02
2058	7.825954935470130e+02
2059	6.165416888486810e+03
2060	7.884442010152462e+02
2061	3.633792575203037e+03
2062	4.733228644390277e+03
2063	1.042849867674865e+03
2064	6.877378276620422e+03
2065	3.045122331797423e+03
2066	5.605178407105433e+03
2067	1.019517617648996e+03
2068	4.493514526723085e+03
2069	6.720889452498999e+03
2070	5.765923739397898e+03
2071	4.777300496402993e+03
2072	1.892087124231276e+03
2073	1.849303750753828e+03
2074	7.147945119325964e+03
2075	1.265869960237290e+03
2076	2.440868419503721e+03
2077	2.043814071327952e+03
2078	2.786661259121184e+03
2079	1.290228725416170e+03
2080	4.967710523820982e+03
2081	5.505306727835861e+03
2082	5.293427388667003e+02
2083	5.731686950682700e+03
2084	3.351401863171299e+03
2085	3.187151126652302e+03
2086	6.327686741721697e+03
2087	1.411667447495861e+03
2088	3.020509135323989e+03
2089	8.204351323992428e+02
2090	2.254358258545092e+03
2091	6.960332817812405e+02
2092	4.343419495877032e+03
2093	1.729198252996600e+03
2094	3.998753544131322e+02
2095	1.914698708020882e+03
2096	2.378521120076899e+03
2097	1.301914958703549e+03
2098	1.332055704581762e+03
2099	1.009404943467043e+04
2100	6.322491892393599e+03
2101	7.940803915067577e+03
2102	5.243409515208264e+03
2103	1.171892849644260e+03
2104	1.847670588101283e+03
2105	2.205352604360039e+03
2106	4.702738399738500e+03
2107	1.593941101557115e+03
2108	2.024033224703026e+03
2109	1.195646899265516e+03
2110	8.543662846397131e+02
2111	2.636495560961847e+03
2112	2.075058515183072e+03
2113	1.845040394534124e+03
2114	3.327078427647114e+03
2115	1.482038479461559e+03
2116	2.097253101614907e+03
2117	2.089934635198156e+03
2118	6.739167233478165e+02
2119	5.984204207343261e+02
2120	2.651376510948975e+03
2121	2.343781850284309e+03
2122	1.429886572175328e+03
2123	4.403413029082682e+03
2124	4.084588563527667e+03
2125	3.942275370488672e+02
2126	1.626857027094103e+03
2127	6.082686338487380e+03
2128	6.259565125754584e+02
2129	1.528911849482062e+03
2130	2.308419632990076e+03
2131	7.425792515143374e+02
2132	8.569099355759874e+02
2133	3.335185120744360e+03
2134	1.408445065666154e+03
2135	5.238517429942109e+03
2136	5.328215651044480e+03
2137	3.284121622519854e+02
2138	3.055519051449022e+03
2139	5.661856363963861e+03
2140	1.058641465544403e+04
2141	2.305547922876179e+03
2142	1.348342798263711e+03
2143	2.917761502444448e+03
2144	5.728273078161938e+03
2145	2.146491871798945e+03
2146	6.477403082471569e+03
2147	5.739517807505009e+03
2148	9.599420700710050e+02
2149	2.374541539421457e+03
2150	1.887711383644781e+03
2151	3.914791059620241e+03
2152	2.540513451206425e+03
2153	2.896741679048104e+03
2154	3.273650487510730e+03
2155	5.282904625688288e+02
2156	1.097773011388742e+03
2157	3.505245879482746e+03
2158	1.257113090850621e+03
2159	1.320595848741957e+03
2160	1.735176185368683e+03
2161	1.847944853946358e+03
2162	2.925940475390336e+03
2163	3.715239419171575e+03
2164	4.044869540862146e+03
2165	5.802369634216143e+03
2166	1.385416921209526e+03
2167	3.483661851027053e+03
2168	1.736141320524341e+03
2169	1.918493809388530e+03
2170	2.001284877412778e+03
2171	3.538993932672667e+03
2172	7.000362640197804e+03
2173	1.001349927167442e+03
2174	3.499539142692560e+03
2175	3.652792637445612e+03
2176	2.322696433753246e+03
2177	9.501049696541777e+03
2178	8.105735398584685e+02
2179	2.612722036237474e+03
2180	2.119442559366672e+03
2181	7.893681060918441e+02
2182	3.199265268597297e+03
2183	3.682683191980689e+03
2184	2.596565371709393e+03
2185	2.460510711659307e+03
2186	1.676316639857283e+03
2187	1.731872425080574e+03
2188	1.393039428956272e+03
2189	1.988353330453024e+03
2190	2.467125008041754e+03
2191	3.316233586945384e+03
2192	1.237688069672695e+03
2193	1.824196307787509e+03
2194	4.085792438249217e+03
2195	1.788082926208788e+03
2196	2.577666625831074e+03
2197	2.855898893943338e+03
2198	1.663817437330605e+03
2199	3.390438670337317e+03
2200	5.628068141160024e+03
2201	9.481520354838635e+02
2202	4.834134013251570e+03
2203	7.234101559440651e+02
2204	1.667464330762165e+03
2205	2.082341014714301e+03
2206	2.204441172989727e+03
2207	1.407043663196177e+04
2208	1.321666754651816e+04
2209	5.372051849640588e+03
2210	2.073990260143232e+03
2211	2.769245691510987e+03
2212	2.259777821325314e+03
2213	2.506667058765156e+03
2214	7.645404653511133e+03
2215	4.768908536809950e+02
2216	1.360327453779792e+03
2217	5.803762417435617e+03
2218	2.121698300156645e+03
2219	2.528447771137706e+03
2220	1.967968267625204e+03
2221	4.735964675112148e+02
2222	8.123339461611162e+03
2223	2.850959465958917e+03
2224	4.533360500510536e+03
2225	6.811837827857585e+03
2226	2.148653155747877e+03
2227	3.722126341345286e+03
2228	1.516593248733011e+03
2229	3.144249464008381e+03
2230	1.627333766890620e+03
2231	4.161515303110917e+03
2232	2.494262227640163e+03
2233	6.790597472965425e+02
2234	3.027831125662435e+03
2235	5.917191300499484e+02
2236	4.233046294302767e+03
2237	4.083077411294518e+03
2238	3.227106052573422e+03
2239	2.993301644644906e+03
2240	1.900900691884704e+03
2241	2.420455112833257e+03
2242	4.620234192693866e+03
2243	1.277321004991065e+03
2244	1.270551489673338e+03
2245	1.322307884100114e+03
2246	5.126725088689336e+03
2247	8.882348881451401e+02
2248	1.148331000013945e+03
2249	6.776829384939395e+03
2250	2.666889951864816e+03
2251	6.922428104232714e+02
2252	9.805223855801286e+02
2253	9.992049754752352e+02
2254	1.820537302765840e+03
2255	1.468543309613092e+03
2256	2.601790018200445e+03
2257	1.778588043578934e+03
2258	1.393319405861146e+03
2259	3.726786495209798e+03
2260	3.448245433238076e+02
2261	1.017929811397928e+03
2262	8.155992320330610e+02
2263	5.056919818178789e+02
2264	5.072334626652492e+03
2265	3.193509283693278e+03
2266	9.282109439799618e+02
2267	1.311021576459887e+03
2268	1.245152155303874e+03
2269	4.212679293806566e+03
2270	8.900308183939829e+02
2271	2.881296414552894e+03
2272	1.091141877179419e+03
2273	1.674200596330929e+03
2274	3.182614688719294e+03
2275	1.421361307080301e+03
2276	1.736514857829363e+03
2277	6.148801710497723e+03
2278	2.767783344891585e+03
2279	4.275754712275568e+03
2280	1.667728539390024e+03
2281	1.298411504717595e+03
2282	1.483321113431186e+03
2283	1.086755799747492e+03
2284	2.236256340668571e+03
2285	7.823157761651321e+02
2286	4.835236053544920e+03
2287	6.564120504148815e+03
2288	3.724551582848314e+02
2289	6.468269823564939e+03
2290	3.204816385361914e+03
2291	3.660299632035153e+03
2292	3.314944643666593e+03
2293	2.429869552504541e+03
2294	3.637094624258505e+03
2295	8.881002490090606e+02
2296	5.390217769312761e+02
2297	1.942690462805220e+03
2298	2.937450340679914e+03
2299	3.741492075291718e+03
2300	2.867225793879988e+03
2301	7.627480572483498e+03
2302	6.977950258615773e+02
2303	8.361239157661539e+02
2304	2.501064201186790e+03
2305	3.825321318880111e+03
2306	7.358491217108758e+02
2307	7.614479299122631e+02
2308	2.929669268423486e+03
2309	6.442693881103623e+03
2310	6.635786126923020e+02
2311	6.811284818968423e+02
2312	1.427189998829203e+03
2313	1.000514421185436e+03
2314	7.881800872241262e+02
2315	9.869038518921016e+02
2316	3.116907972322861e+03
2317	4.122549277426607e+03
2318	1.157146445013831e+03
2319	5.875281007830772e+02
2320	7.317410791454120e+02
2321	1.745002078946836e+03
2322	3.520276687903245e+03
2323	1.857161714570384e+03
2324	5.116058374214403e+03
2325	1.318855674159172e+04
2326	1.314066524673854e+03
2327	2.896691502762314e+03
2328	2.048789185031933e+03
2329	1.400315704710881e+03
2330	6.252667264144010e+02
2331	4.346548265613293e+03
2332	5.841543510748094e+03
2333	2.526423872303159e+03
2334	2.330741745749550e+03
2335	1.071629654608851e+03
2336	1.337649558731363e+03
2337	1.048116669051178e+03
2338	2.023711171818901e+03
2339	8.634465366636746e+02
2340	3.400625963508769e+03
2341	1.500792065122380e+03
2342	1.674066289494061e+03
2343	4.922856023665710e+03
2344	2.070858908263729e+03
2345	1.492206735634274e+03
2346	3.030820827442537e+03
2347	3.982394232324955e+03
2348	1.019636865024651e+03
2349	1.472943160802906e+03
2350	8.515018267602436e+02
2351	1.384202526776164e+04
2352	1.107682255363993e+03
2353	3.921853466378899e+03
2354	5.359616744419817e+03
2355	5.528394184496898e+03
2356	9.281249003467152e+02
2357	3.665260162669624e+03
2358	2.050305302164955e+03
2359	1.290253610629471e+03
2360	4.725262008614726e+03
2361	9.254465487799597e+02
2362	3.596456641013566e+03
2363	5.997512873800893e+03
2364	1.501455971778582e+03
2365	8.705098571023836e+02
2366	1.168830895986732e+03
2367	1.742933559977476e+03
2368	6.595020538747694e+03
2369	7.336714862399173e+03
2370	1.849157649410881e+03
2371	3.292889139267736e+03
2372	2.732235018775426e+03
2373	1.469517206439604e+03
2374	6.692666670237193e+02
2375	2.851692185357994e+03
2376	3.531742589400227e+03
2377	1.676646408283195e+03
2378	2.863463179234039e+03
2379	9.988850308869903e+02
2380	7.932641512528577e+03
2381	1.700606396694035e+03
2382	3.282595955989624e+03
2383	6.001174536178696e+03
2384	1.392099339943810e+03
2385	3.532949093019180e+03
2386	7.864190419703099e+03
2387	2.920212230874115e+03
2388	5.096316902979471e+03
2389	2.098850090108735e+03
2390	2.258159798727169e+03
2391	3.108979958433479e+03
2392	4.177366310731762e+03
2393	1.306018076390443e+03
2394	1.435309943433019e+03
2395	1.001916929496361e+03
2396	2.230514495304588e+03
2397	2.685375867788116e+03
2398	2.233400673906885e+03
2399	1.250884696128939e+03
2400	2.979249605846527e+03
2401	2.059443241274307e+03
2402	1.388706274327256e+04
2403	3.680582033297959e+03
2404	2.016395298126908e+03
2405	1.543798368750414e+03
2406	3.309590973187358e+03
2407	1.655115917310346e+04
2408	2.384915566551664e+03
2409	3.219771564795502e+03
2410	5.976490160715638e+03
2411	2.249635324678546e+03
2412	1.124619394371731e+03
2413	1.659429481288041e+03
2414	1.614279356510057e+03
2415	5.970946191422983e+03
2416	1.122645906789086e+03
2417	4.852275992052905e+03
2418	3.531634912765534e+03
2419	4.214268639800812e+03
2420	1.307462273645546e+03
2421	5.468201038958648e+03
2422	2.168966183816856e+03
2423	9.389669928098799e+02
2424	2.275148551003323e+03
2425	2.969598636693967e+03
2426	5.363144889778678e+03
2427	1.281788463514306e+03
2428	1.026563510328717e+03
2429	2.469334335588800e+03
2430	2.778551471534412e+03
2431	2.439812537704215e+03
2432	1.913747445056814e+03
2433	5.964768173073966e+02
2434	5.776143036873256e+02
2435	1.017721600203214e+03
2436	1.930016402158624e+03
2437	3.341520095128513e+03
2438	1.890198025276865e+03
2439	1.846907890291188e+03
2440	4.210486202820739e+03
2441	6.516238782190964e+03
2442	1.756931946210545e+03
2443	2.805942105883123e+03
2444	7.367013402260469e+02
2445	4.117783027358705e+03
2446	1.076918236710163e+03
2447	2.315953839444876e+03
2448	1.769911239162157e+03
2449	2.388008367598714e+03
2450	7.646455026589072e+02
2451	1.212858020675632e+03
2452	2.106339127929726e+03
2453	1.221573003425751e+03
2454	3.756886752007639e+03
2455	1.486346036855019e+03
2456	5.344037271277650e+03
2457	1.469049144783621e+03
2458	1.331893537690705e+03
2459	6.105870604771751e+03
2460	5.130889116280397e+03
2461	2.713636290975159e+03
2462	1.054642664716842e+03
2463	2.816150549150206e+03
2464	2.223310884147689e+03
2465	8.938046466993603e+02
2466	3.779917618392521e+03
2467	4.213460901631026e+03
2468	2.169812187252425e+03
2469	9.813510404783221e+03
2470	3.312568532130146e+03
2471	1.683767350020111e+03
2472	5.149784741949709e+03
2473	1.469989080428473e+03
2474	3.789499551399428e+03
2475	6.961935988504479e+03
2476	1.283036961953449e+03
2477	2.187343727765748e+03
2478	1.212443991552685e+03
2479	7.568026340166456e+03
2480	1.220679939316832e+03
2481	3.382428121106980e+03
2482	1.577198158276486e+03
2483	5.423290705819171e+02
2484	1.246615931487581e+03
2485	1.995605910175200e+03
2486	1.769703357521452e+03
2487	7.311882061655213e+02
2488	1.591912461715400e+03
2489	2.718940970630772e+03
2490	2.534333841903990e+03
2491	1.389211527313500e+03
2492	3.565942415650366e+03
2493	3.053300674039132e+03
2494	2.503863542193708e+03
2495	1.032727304599060e+03
2496	2.399544298942077e+03
2497	7.133932720703217e+02
2498	1.786300304247124e+03
2499	8.293095827204093e+02
2500	3.064804526151271e+03
2501	5.647615330129128e+03
2502	2.393414369415278e+03
2503	1.135231418921007e+03
2504	3.422926158709524e+03
2505	1.611817204682611e+03
2506	8.929064569202375e+02
2507	5.078663522253493e+03
2508	6.820439526309005e+03
2509	2.520118561765912e+03
2510	3.664696402332463e+03
2511	2.123452038368927e+03
2512	1.985091359831450e+03
2513	1.253249730769759e+03
2514	1.868806595157680e+03
2515	4.727063227029073e+02
2516	2.998284575115860e+03
2517	6.073541180226651e+02
2518	2.557600409718476e+03
2519	2.664166375084610e+03
2520	4.999000896398743e+03
2521	1.608223925653801e+03
2522	6.555885909525778e+02
2523	1.116594049363891e+03
2524	1.595826128900259e+03
2525	5.646882359645225e+03
2526	4.410144101267043e+02
2527	2.050041383870259e+03
2528	4.399829776389253e+03
2529	9.069938803730355e+02
2530	9.021241433706258e+02
2531	3.466863279463911e+03
2532	2.569341909058513e+03
2533	1.819731174601728e+03
2534	1.975014744213214e+03
2535	1.120048043381845e+03
2536	1.608900842050648e+03
2537	8.661650457035270e+02
2538	4.123764298567357e+03
2539	3.097227488553953e+03
2540	7.429733024726586e+03
2541	1.919467690538879e+03
2542	1.298680593019043e+03
2543	5.017964785385650e+03
2544	9.502113415528808e+02
2545	1.498553184277158e+03
2546	1.972839423121862e+03
2547	2.453333303930522e+03
2548	4.103192843634313e+03
2549	6.449062956675858e+03
2550	2.496812457443554e+03
2551	6.075896784213560e+02
2552	3.674970486993141e+03
2553	1.737354857302453e+03
2554	1.003012330049255e+03
2555	3.444549910294924e+03
2556	6.036572716930357e+03
2557	2.001863526184233e+03
2558	3.070278122925244e+03
2559	3.072183750969476e+03
2560	6.475437141378669e+03
2561	4.633626330052939e+03
2562	6.857782554756868e+02
2563	4.809063313606019e+02
2564	9.781359232408030e+02
2565	3.365468173478684e+03
2566	9.501144630207782e+02
2567	1.293458170682445e+03
2568	7.363468022568974e+02
2569	2.661120079154439e+03
2570	5.093303030425390e+02
2571	2.006267212656618e+03
2572	1.998456991837853e+03
2573	1.104776353852470e+03
2574	3.002785016035233e+03
2575	4.428815851480126e+03
2576	7.536565822113192e+02
2577	8.234513674057735e+02
2578	7.788921610667263e+03
2579	2.194271368255128e+03
2580	7.834760826492313e+02
2581	1.010870583271265e+03
2582	8.595054878907918e+02
2583	1.344256302266801e+03
2584	8.981938738906489e+02
2585	3.035925350429671e+03
2586	1.924338867005875e+03
2587	1.876943992921446e+03
2588	1.455779005403557e+03
2589	3.495781844524235e+03
2590	2.340462586301108e+03
2591	1.828088884816364e+03
2592	1.740176219547717e+03
2593	3.001014866310038e+03
2594	2.022604366927383e+03
2595	1.839255251558157e+03
2596	1.110717640856127e+03
2597	2.047547389254926e+03
2598	1.208832692714521e+03
2599	2.890671632265305e+03
2600	5.432039304046055e+03
2601	8.977443438576335e+02
2602	2.256452966908479e+03
2603	1.072147651713899e+03
2604	2.672587173852030e+03
2605	3.749319597215598e+03
2606	2.025534729954309e+03
2607	3.105467987939774e+03
2608	3.438161070850978e+03
2609	1.954513201312925e+03
2610	2.884368305465184e+03
2611	6.554994089386220e+03
2612	5.270514199177137e+03
2613	4.462803772490289e+02
2614	8.777555665461169e+02
2615	1.609674734648671e+03
2616	9.963806069825789e+03
2617	1.811521010899281e+03
2618	2.422233243861001e+02
2619	4.319603215636014e+03
2620	2.091536156017824e+03
2621	8.582799321573124e+03
2622	5.142731114126090e+03
2623	9.977571882680330e+02
2624	2.763681861806065e+03
2625	2.112233052028131e+03
2626	5.281507768487812e+03
2627	2.317372207508488e+03
2628	2.602465309733848e+03
2629	1.199620820280227e+03
2630	1.677682095786009e+03
2631	1.249398850660315e+03
2632	2.653221893466998e+03
2633	1.244416544366580e+03
2634	2.754245798277820e+03
2635	1.790786995878861e+03
2636	2.140679413931099e+03
2637	4.293112446798469e+03
2638	4.103023268518230e+02
2639	4.785973563753263e+02
2640	1.516671274489647e+03
2641	7.980095128772189e+02
2642	1.454426846373722e+04
2643	1.557638373496309e+03
2644	3.101662336072394e+03
2645	8.153964409385174e+03
2646	2.724162874349334e+03
2647	3.098433144661170e+03
2648	6.762943797978723e+03
2649	1.693184893247091e+03
2650	1.704640423346044e+03
2651	1.892681742837339e+03
2652	1.133407381328743e+03
2653	2.271847812001007e+03
2654	1.845248810405807e+03
2655	1.342613772304197e+03
2656	1.693452643889157e+03
2657	1.658611843016694e+03
2658	2.165285017429532e+03
2659	1.259708654345187e+03
2660	4.012516592189117e+03
2661	2.441738354068017e+03
2662	6.773275240002991e+02
2663	1.292177601933484e+03
2664	7.800779103397284e+02
2665	8.424251678818234e+02
2666	2.295973143911992e+03
2667	1.102528223382331e+03
2668	5.237665839640936e+03
2669	2.543099971096249e+02
2670	1.502818185019896e+03
2671	2.990472360100106e+03
2672	1.578737001968861e+03
2673	1.269099045290648e+03
2674	7.517616293255960e+02
2675	1.708536840570549e+03
2676	1.311193891812395e+03
2677	5.835755787142501e+03
2678	2.848216102040780e+03
2679	4.370516266500560e+03
2680	1.121254989958576e+03
2681	7.024749086168936e+03
2682	2.620823557089527e+03
2683	1.931635934997875e+03
2684	1.441436659428702e+03
2685	3.208679314548350e+03
2686	5.779840612221328e+02
2687	1.326840220680303e+03
2688	4.208056113611673e+02
2689	2.155562139619593e+03
2690	1.298692778793949e+03
2691	1.073769258222654e+03
2692	1.774607617889236e+03
2693	6.356449762874618e+02
2694	6.437577409298215e+02
2695	9.429283080627431e+02
2696	1.769296330502808e+03
2697	1.367170716909703e+03
2698	2.816773811699669e+03
2699	1.365244410088355e+03
2700	1.104734465135950e+04
2701	5.516000653097477e+02
2702	7.012404559766642e+02
2703	1.694171771751069e+03
2704	1.347171776247171e+03
2705	1.877187898635197e+03
2706	3.468490439254409e+03
2707	7.051352314868526e+02
2708	8.304636128005466e+02
2709	5.636241197369839e+02
2710	4.761837063978633e+03
2711	2.296016965804952e+03
2712	3.218135665427157e+03
2713	1.338209966868685e+03
2714	3.929393852093384e+03
2715	2.626458336743431e+03
2716	2.454808735924228e+03
2717	3.434382927567060e+03
2718	2.811328377169634e+03
2719	1.642419464809622e+03
2720	1.993639834345147e+03
2721	8.417805368201062e+02
2722	1.349283869266562e+03
2723	7.118475625955936e+02
2724	6.799297295654928e+02
2725	1.685869250106924e+03
2726	2.957190547968403e+03
2727	5.764017721296414e+03
2728	2.527529129608070e+03
2729	2.514336409289380e+03
2730	1.499903868213442e+03
2731	2.920997427877208e+03
2732	4.281582622947941e+03
2733	2.194709671377055e+03
2734	2.602526655204618e+03
2735	3.815029693285675e+03
2736	2.921708009423436e+03
2737	2.390629216531339e+03
2738	4.614058627515486e+03
2739	2.575241206331638e+03
2740	1.808168497561965e+03
2741	3.062167354985189e+03
2742	4.558817040834925e+03
2743	1.044994966753268e+03
2744	1.557618491673279e+03
2745	2.503709783360118e+03
2746	2.853128194003564e+03
2747	4.643769885420314e+03
2748	1.703655027755684e+03
2749	1.657413508350274e+03
2750	1.596326345148996e+03
2751	1.500571280053295e+03
2752	2.943963076025792e+03
2753	3.018784574817092e+03
2754	5.857277382259093e+02
2755	8.004839077528725e+02
2756	1.678230763103746e+03
2757	3.953486913088697e+03
2758	2.298502658056648e+03
2759	4.381225911224683e+03
2760	1.866520500671766e+03
2761	1.127068507486348e+03
2762	1.873958837042455e+03
2763	7.313823718828725e+02
2764	2.711123468014466e+03
2765	3.368415088461702e+03
2766	4.256186825913995e+03
2767	1.039615791321968e+03
2768	4.595075508308635e+02
2769	3.587160138905978e+03
2770	2.764507659919766e+03
2771	1.327171904328955e+03
2772	1.247120359719921e+03
2773	1.155902659016474e+03
2774	2.391134156109241e+03
2775	2.760707096463023e+03
2776	4.407993189395326e+03
2777	1.495544996089292e+03
2778	2.400676346000866e+03
2779	5.727387214442941e+03
2780	2.423540624881677e+03
2781	8.351193924789004e+02
2782	1.877262961887688e+03
2783	8.821460095442953e+02
2784	5.102392467651891e+02
2785	4.616995041912907e+03
2786	4.400232009922401e+03
2787	2.172522437806086e+03
2788	1.067528240227160e+04
2789	1.161015590124192e+03
2790	1.112904838449279e+03
2791	9.072870135384745e+02
2792	4.550929179305816e+03
2793	1.253452115379224e+03
2794	4.893640951078141e+02
2795	5.417912203145744e+03
2796	8.795872290122510e+02
2797	1.863635023954293e+03
2798	9.555629480155675e+02
2799	7.805406801669428e+03
2800	1.328098106906538e+04
2801	7.328856114933028e+02
2802	2.642046773819585e+03
2803	1.395847483377410e+03
2804	1.100678989610987e+03
2805	2.344999027946643e+03
2806	2.212670295628193e+02
2807	1.210800878380340e+03
2808	8.435148130432584e+03
2809	3.999041980929714e+03
2810	2.144641126286040e+03
2811	1.997464205595375e+03
2812	2.288534909852602e+03
2813	1.888751118664500e+03
2814	7.498123257021040e+02
2815	4.344515877645720e+03
2816	9.171956447665601e+02
2817	3.336462716780740e+03
2818	3.191805433419519e+03
2819	3.364061129188532e+03
2820	4.286169349280674e+03
2821	2.287888045588672e+03
2822	4.797823933656072e+03
2823	4.007493430199598e+03
2824	8.262515581940562e+02
2825	1.404891637132780e+03
2826	1.952477117595332e+03
2827	3.102535576680535e+03
2828	1.351643141334430e+03
2829	1.169896122605493e+03
2830	2.495012533919715e+03
2831	1.766880123437854e+03
2832	1.046815292930676e+03
2833	9.419037334661386e+02
2834	5.023745597123188e+03
2835	1.780440294587565e+03
2836	7.297490925759138e+02
2837	1.894048474809743e+03
2838	4.268176188235585e+03
2839	1.648377204707287e+03
2840	1.468733063247577e+03
2841	1.728085003132291e+03
2842	1.914404631436226e+03
2843	1.724622664814017e+03
2844	6.857809025940283e+03
2845	1.413078354289213e+03
2846	3.521544410042346e+03
2847	9.216194802859442e+02
2848	1.220334635666900e+04
2849	1.283979942126919e+04
2850	5.738673710374688e+03
2851	9.816583932883581e+02
2852	2.727650530515121e+03
2853	1.242930890480241e+03
2854	1.379324019044420e+03
2855	2.715706587777524e+03
2856	6.999634931668954e+02
2857	2.871301082368658e+03
2858	3.635920586707096e+03
2859	1.637939467552598e+03
2860	3.365173521193590e+03
2861	1.700732279522515e+03
2862	6.089329761689375e+03
2863	6.936069122286117e+02
2864	1.370355092140116e+03
2865	3.860533539636835e+03
2866	1.234580629741955e+03
2867	8.622052952611147e+02
2868	8.288493665732775e+02
2869	3.419340826475841e+03
2870	3.320764405947250e+03
2871	1.894107012663331e+03
2872	1.904965934231962e+03
2873	1.453953997174861e+03
2874	6.586006947305606e+02
2875	2.659382078370009e+03
2876	4.780927260769692e+03
2877	1.987267622606291e+03
2878	5.793081162634596e+03
2879	4.365041759996416e+03
2880	6.829877986316173e+03
2881	2.104694630102114e+03
2882	1.667777120347840e+03
2883	3.236575454618669e+03
2884	2.132919566616853e+03
2885	6.310543013346792e+03
2886	9.736471340465273e+02
2887	1.895348339091043e+03
2888	6.315898851090555e+03
2889	4.403256019588595e+03
2890	4.246834934560526e+02
2891	9.112893678165433e+02
2892	2.731448037068923e+03
2893	3.367641431173950e+03
2894	9.576249379986966e+02
2895	9.583170310600618e+02
2896	2.564320517164615e+03
2897	2.159797132856503e+03
2898	9.200744023506060e+02
2899	4.105303911445651e+03
2900	7.901680890549421e+02
2901	3.038693996954961e+03
2902	2.560006088029896e+03
2903	2.472700550923671e+03
2904	7.104329843185719e+03
2905	3.499456461038480e+03
2906	9.257318666363660e+02
2907	3.441953470891036e+03
2908	1.378856347342385e+03
2909	7.734024043411572e+02
2910	1.820083817324312e+03
2911	6.875920871417462e+02
2912	1.178234705028856e+04
2913	1.321517706639708e+03
2914	8.772340469244231e+02
2915	1.615861355261908e+03
2916	9.192285354037243e+03
2917	3.690509313564280e+03
2918	3.209540770131553e+03
2919	1.946176806594453e+03
2920	4.683646541263307e+02
2921	1.912815700714910e+03
2922	7.690403799910559e+02
2923	4.133235966793193e+02
2924	7.841745594409430e+02
2925	1.821642169310883e+03
2926	1.737919649079994e+03
2927	1.652491993993935e+03
2928	1.584713874067101e+03
2929	1.940995182674364e+03
2930	8.726380405162901e+02
2931	1.581198272985131e+03
2932	1.110289894530981e+03
2933	5.219506126284223e+03
2934	1.091374996749929e+03
2935	1.866118947159129e+03
2936	3.534182097543657e+03
2937	6.062908655084522e+02
2938	1.276223920661170e+03
2939	1.434365955000916e+03
2940	1.004874948706050e+03
2941	2.568652387043123e+03
2942	3.318570512959535e+03
2943	2.227424237751989e+03
2944	5.248240465314568e+03
2945	4.576198889577218e+03
2946	1.052953000466813e+03
2947	1.192268270543929e+03
2948	1.487238700001501e+03
2949	1.158923281346944e+03
2950	2.042095086866743e+03
2951	8.038317533210420e+02
2952	2.542316388001651e+03
2953	1.409106851072885e+03
2954	3.166875462128859e+03
2955	1.352536721174588e+03
2956	8.968296081435275e+02
2957	1.709676741913685e+03
2958	8.756141827529677e+02
2959	1.908779806701355e+03
2960	1.024347985918783e+03
2961	1.329401528904207e+03
2962	1.832384011214148e+03
2963	2.337888852944951e+03
2964	4.684059827009415e+03
2965	3.463284596408584e+03
2966	8.459019989466019e+02
2967	1.067384057105752e+03
2968	5.646998383812135e+02
2969	1.772633285085019e+03
2970	4.509545529456891e+03
2971	3.108723536856052e+03
2972	3.450867362980379e+03
2973	2.871316168581235e+03
2974	3.877324893193395e+03
2975	1.848111585931250e+03
2976	3.893393345044547e+03
2977	1.085510886740241e+03
2978	6.419722508779637e+02
2979	1.676992781843940e+03
2980	1.650418951902185e+03
2981	1.083546900093015e+03
2982	8.482600485482285e+02
2983	1.996763039571546e+03
2984	1.125082077507964e+03
2985	1.991914076219080e+03
2986	6.699907504618204e+03
2987	2.442491614583176e+03
2988	4.205786463036787e+02
2989	3.012476059030334e+03
2990	2.766184875750157e+03
2991	1.269874393727795e+03
2992	3.083377380385370e+02
2993	1.237868661023625e+03
2994	1.604329412463267e+03
2995	2.579263633789426e+03
2996	2.933231911264632e+03
2997	5.954524165294615e+03
2998	5.315411741833414e+03
2999	1.856402234012455e+03
3000	1.484074827293613e+03
3001	3.563684203014800e+03
3002	5.619360702521030e+02
3003	1.085036915362489e+03
3004	3.915998690647983e+03
3005	9.153619973730741e+02
3006	1.226903041970139e+03
3007	3.301166247918836e+03
3008	1.393048324243551e+03
3009	9.950230115125604e+02
3010	3.750400939526224e+03
3011	4.247807493666869e+03
3012	3.494994833881931e+02
3013	2.082036513710662e+03
3014	1.751499516675246e+03
3015	3.446526420440415e+02
3016	1.447475099345134e+03
3017	2.760471838142957e+03
3018	2.825758673877962e+03
3019	3.062301348843997e+03
3020	1.058193385591835e+03
3021	1.462061751058177e+03
3022	4.246926749168562e+03
3023	2.098268922670698e+03
3024	1.585425719487131e+03
3025	1.117704687706250e+03
3026	6.923446054719096e+02
3027	2.458204619403414e+03
3028	7.645246634947258e+02
3029	4.432586582184608e+03
3030	2.779616309151555e+03
3031	4.706556487125418e+02
3032	4.691124318838357e+02
3033	3.652032781894380e+02
3034	1.130458189814286e+03
3035	3.069180819545963e+02
3036	1.886470322061809e+03
3037	1.048071030913316e+03
3038	2.847869543474751e+03
3039	1.968509485947503e+03
3040	1.277394642051490e+03
3041	1.090913721412665e+03
3042	2.380348120459927e+03
3043	1.628602221991072e+03
3044	2.546995326327157e+03
3045	1.143679982428703e+03
3046	1.058189142546732e+03
3047	2.772794306141685e+03
3048	5.866268691934482e+03
3049	1.788366967743671e+03
3050	5.085039232090961e+02
3051	2.928225799186955e+03
3052	2.869193938436447e+03
3053	7.586013289758574e+02
3054	5.306022675496948e+03
3055	9.826268661047602e+02
3056	8.119260734520417e+02
3057	6.233179455764925e+03
3058	2.702974931455004e+03
3059	4.141581571247907e+03
3060	2.897895244484591e+03
3061	1.037361651269421e+03
3062	4.192357138457113e+03
3063	1.736790468335625e+03
3064	2.438474769509919e+03
3065	1.023403109403614e+03
3066	1.314905683204502e+03
3067	4.416844188698674e+03
3068	1.957014029039151e+03
3069	8.629592055491294e+02
3070	1.567765028258530e+03
3071	3.322971939162401e+03
3072	3.952019853548931e+02
3073	1.254196885466426e+03
3074	1.345438669150720e+03
3075	1.055475572803262e+03
3076	1.608350835922477e+03
3077	2.925964116148550e+03
3078	1.733078951094228e+03
3079	1.335949758548390e+03
3080	1.178335183981478e+03
3081	1.734582301005019e+03
3082	1.712857237374338e+03
3083	1.015873206859557e+03
3084	1.509224967202966e+03
3085	2.046106333969253e+03
3086	2.565902462635854e+03
3087	1.122120668794428e+03
3088	1.297539886593616e+03
3089	8.173628668223930e+02
3090	5.697012221852817e+02
3091	4.249609138456758e+03
3092	4.852699894548244e+02
3093	1.428557080362453e+03
3094	5.996420935696670e+03
3095	3.163223647780376e+03
3096	2.661555508730626e+03
3097	3.397007628457109e+02
3098	4.084951694107317e+03
3099	1.275893901995307e+03
3100	4.272840945537036e+02
3101	4.839055082193612e+03
3102	6.758526015740471e+02
3103	1.016517020383826e+03
3104	7.921093067366676e+02
3105	5.364041850552562e+02
3106	3.017414730010403e+03
3107	4.827273028374240e+03
3108	1.571098712718945e+03
3109	5.956696939778094e+03
3110	2.392557663147781e+03
3111	2.149411136901059e+03
3112	1.194310580499156e+03
3113	3.764331682261710e+03
3114	5.872849143934603e+02
3115	6.552302925233292e+02
3116	3.057013724320201e+03
3117	2.205325432216036e+03
3118	2.092222262355641e+03
3119	2.729443955821239e+03
3120	1.483237027797670e+03
3121	9.528665307411352e+02
3122	1.488174730081670e+03
3123	2.717486607958916e+03
3124	1.375604889842540e+03
3125	5.905279158743966e+03
3126	7.992848711334672e+02
3127	1.312591184051876e+03
3128	2.063026709550701e+02
3129	8.524082137817993e+02
3130	8.789040485296964e+02
3131	1.385372406020885e+03
3132	1.093114450953336e+03
3133	4.149336705061039e+03
3134	7.512244496432942e+02
3135	3.698872163382860e+02
3136	2.495564259949226e+03
3137	8.870260352134131e+02
3138	5.314946778771537e+03
3139	1.590090709248833e+03
3140	3.488627431925634e+03
3141	2.674403056155970e+03
3142	1.980827315551206e+03
3143	2.537437213970059e+03
3144	4.110886246797010e+02
3145	1.256177437532898e+03
3146	1.512377768982630e+03
3147	7.251352732216747e+02
3148	1.090102910362422e+03
3149	2.376498994909166e+03
3150	5.099638414237254e+03
3151	1.099835744238350e+03
3152	1.740581923489208e+03
3153	8.513595462749912e+02
3154	2.482141837826297e+03
3155	1.589429698116666e+03
3156	1.932262728316450e+03
3157	3.367106023347112e+02
3158	1.188124733453998e+03
3159	1.403672016084041e+03
3160	9.047237573649782e+02
3161	5.484543497630707e+03
3162	5.457622624006400e+02
3163	8.544815270533811e+03
3164	1.364023796255074e+03
3165	3.616709088452449e+03
3166	1.192528873983758e+03
3167	2.911880091957724e+03
3168	8.067721594443711e+02
3169	8.442966796945009e+02
3170	7.230737047310597e+02
3171	5.273184633927086e+02
3172	4.163846848681878e+02
3173	3.081595624251691e+03
3174	1.927499625007019e+03
3175	7.621665903665551e+02
3176	8.655293344593217e+02
3177	2.157427644134710e+03
3178	9.002921489926825e+02
3179	6.345721855163729e+03
3180	2.632001864339768e+03
3181	1.360599416175809e+03
3182	1.560958778151190e+03
3183	1.059973269688891e+03
3184	1.631502041841093e+02
3185	1.728695791200704e+03
3186	1.675499144579745e+03
3187	8.635321980190729e+02
3188	1.057778166624947e+03
3189	2.793132962339779e+03
3190	2.003882024316039e+03
3191	2.487421676348240e+03
3192	1.332063845269924e+03
3193	3.177056105106517e+03
3194	7.950442062035328e+02
3195	1.955629336343166e+03
3196	9.461884745733520e+02
3197	3.402372949950533e+03
3198	9.288100289453753e+02
3199	5.706834288405161e+02
3200	1.557027418905580e+03
3201	4.779255150691016e+03
3202	5.748808420730178e+02
3203	6.839906150747688e+02
3204	1.930876804800002e+03
3205	7.802951484920397e+02
3206	1.221788745926269e+03
3207	2.000207745776755e+03
3208	5.303260904791271e+02
3209	2.465864028013560e+03
3210	5.443238594747828e+02
3211	5.929845521384228e+03
3212	7.866697826728321e+02
3213	2.630459274055531e+03
3214	1.216799775164468e+03
3215	4.401723680103502e+03
3216	5.621854648403607e+03
3217	7.432440031959438e+02
3218	2.920690842717392e+03
3219	1.788418584207697e+03
3220	1.589632068941865e+03
3221	2.201138198131638e+03
3222	1.092205128657536e+03
3223	2.786755611299961e+02
3224	6.021630731202013e+02
3225	1.771258424921913e+03
3226	3.054628259462937e+03
3227	3.598918744479119e+03
3228	1.688378220635562e+03
3229	1.622164883040925e+03
3230	1.946932999662308e+03
3231	8.723032271852975e+02
3232	1.656491417272861e+03
3233	3.261772255352150e+02
3234	9.455004633134238e+02
3235	5.732406455758716e+02
3236	7.666978154356838e+02
3237	9.167860404216784e+02
3238	3.898806996742474e+03
3239	5.519449519764380e+03
3240	8.088376422410097e+02
3241	1.446228848343581e+03
3242	1.202168127997075e+03
3243	4.258840580072009e+02
3244	1.341472548054795e+03
3245	4.260772534987298e+02
3246	3.477601120509865e+02
3247	1.874781036755589e+03
3248	2.086401494633484e+03
3249	1.019356264723775e+03
3250	1.886751353053627e+03
3251	3.514610710686848e+03
3252	1.314026808029266e+03
3253	1.772355724354476e+03
3254	1.709702628264260e+03
3255	3.228064981113931e+03
3256	6.661200934283183e+02
3257	2.820659207996398e+03
3258	4.505295161316376e+03
3259	1.200438215519488e+03
3260	1.319717663375914e+03
3261	3.515513290070757e+03
3262	3.638611460761976e+03
3263	1.613886575143621e+03
3264	5.531147274176408e+02
3265	9.657767233286636e+02
3266	5.916853184800057e+02
3267	7.869481377198499e+02
3268	1.412623388733437e+03
3269	6.117104371822023e+03
3270	1.640195158720147e+03
3271	3.996022752350257e+02
3272	1.286278447991448e+03
3273	1.241562109994383e+03
3274	3.909155996513727e+03
3275	3.172783531425565e+03
3276	3.223299246979451e+03
3277	8.846565362900354e+02
3278	1.020809840224073e+04
3279	1.689886627014004e+03
3280	2.214506891065239e+03
3281	2.640164417955645e+03
3282	7.807948377149366e+02
3283	7.339764434934816e+02
3284	2.546475167908712e+03
3285	1.427312702678364e+03
3286	1.326596412128739e+03
3287	3.051950102907271e+03
3288	5.820383822778460e+02
3289	7.770986832609934e+02
3290	6.836615722918688e+02
3291	6.102820341169910e+02
3292	1.300458981531390e+03
3293	1.373386858703236e+03
3294	4.117126082002350e+03
3295	1.299289426423573e+03
3296	1.491555433456924e+03
3297	1.201434917595845e+03
3298	4.150910637171045e+03
3299	1.696093591140406e+03
3300	1.430157574847698e+03
3301	1.550640245377726e+03
3302	1.423205841429684e+03
3303	3.172849207930680e+02
3304	1.081172092125637e+03
3305	1.197185868304341e+03
3306	3.673258072363689e+03
3307	2.471071326369641e+03
3308	1.152160267136734e+03
3309	1.296789319677460e+03
3310	2.817334490625674e+03
3311	3.763831415677256e+03
3312	1.031604046914831e+03
3313	5.193203414504510e+02
3314	8.360158340032081e+02
3315	9.205624459973761e+02
3316	5.810248396638341e+02
3317	1.499684065990157e+03
3318	2.283276562440712e+03
3319	7.607579468685431e+02
3320	3.104509076253149e+03
3321	2.747326367416585e+03
3322	1.234454916872501e+03
3323	2.507766507894457e+03
3324	3.656612991588369e+03
3325	3.173975004500096e+03
3326	1.519287504005564e+03
3327	8.104108777251710e+02
3328	2.043387491155991e+03
3329	5.918004685412379e+02
3330	8.962773197476550e+02
3331	3.294932577684856e+03
3332	4.959108624434863e+02
3333	3.302100614922119e+03
3334	9.156715654225350e+02
3335	2.567725072011571e+03
3336	1.639816996172513e+03
3337	1.821780269839381e+03
3338	2.946869824573156e+02
3339	3.785862280722398e+03
3340	4.481199173548966e+02
3341	1.595344828104720e+03
3342	3.260120789200517e+02
3343	1.926405537937001e+03
3344	1.623819171938523e+03
3345	2.916609751137407e+03
3346	1.023759213561073e+03
3347	1.922974511130950e+03
3348	7.275425139961062e+02
3349	1.536062515055662e+03
3350	1.333150531499781e+03
3351	6.507956605835053e+02
3352	2.835822775868452e+02
3353	9.751763543980026e+02
3354	1.207781658098980e+03
3355	8.571609147222728e+02
3356	1.005780186252215e+03
3357	3.581129683260513e+02
3358	1.257508057293282e+03
3359	1.205867585415100e+03
3360	1.828855224200530e+03
3361	2.795426381588277e+02
3362	8.670190448317237e+02
3363	1.637706167545025e+03
3364	1.246647766701536e+03
3365	2.218206558529313e+03
3366	4.349503022859264e+03
3367	2.214650369766402e+03
3368	2.828248632827626e+03
3369	8.521467239649178e+02
3370	1.498414174565573e+03
3371	1.192074289212645e+03
3372	1.856017059458784e+03
3373	1.145700735209870e+03
3374	1.261649972504175e+03
3375	1.181583804622673e+03
3376	3.472712210640934e+02
3377	3.618190592520942e+02
3378	6.888321406674726e+02
3379	4.141779453787686e+02
3380	2.633268963810467e+02
3381	1.586717787682337e+03
3382	2.618289504494663e+03
3383	2.027383487685739e+03
3384	1.403937759963636e+03
3385	1.065841627230508e+03
3386	2.326446226476857e+03
3387	9.701108521687074e+02
3388	9.118776042469181e+02
3389	7.053833591724240e+02
3390	1.544892376406955e+03
3391	2.487521205367521e+03
3392	7.588626252324531e+02
3393	1.021745842027099e+03
3394	3.303676469785280e+03
3395	4.072834000077202e+03
3396	1.846822658883976e+03
3397	3.091875342619253e+02
3398	1.713087707198624e+03
3399	7.492172020362806e+02
3400	1.793057786850261e+03
3401	6.441632808745937e+02
3402	1.049575357296132e+03
3403	2.942865026749542e+03
3404	4.026995076575171e+03
3405	2.379389450560395e+03
3406	1.772310386323709e+03
3407	5.717089134523252e+02
3408	5.980367983114118e+02
3409	4.476889674411599e+03
3410	1.914892879196566e+03
3411	1.304143065431088e+03
3412	7.341032551933866e+02
3413	9.126592818171724e+02
3414	3.237961146378269e+02
3415	1.693164854562072e+03
3416	8.732842973783672e+02
3417	1.621726842270167e+03
3418	1.533673463409890e+03
3419	2.511983558169063e+03
3420	2.589245246556043e+03
3421	5.237623462893710e+02
3422	2.093929756363628e+03
3423	9.356155316314126e+02
3424	1.438317902527628e+03
3425	1.147569904709891e+03
3426	1.767204010611367e+03
3427	2.427712783515714e+03
3428	5.140481868613584e+02
3429	1.438790427220628e+03
3430	7.764918376050007e+02
3431	1.242979349169976e+03
3432	4.223771410869134e+02
3433	5.018517527183461e+03
3434	1.263856026348648e+03
3435	7.688508613868416e+02
3436	1.597091268126400e+03
3437	1.972619733002278e+03
3438	2.279384169516236e+03
3439	2.247212361347911e+03
3440	4.436390624607092e+02
3441	1.481690088876697e+03
3442	1.238080436581409e+03
3443	5.648702787531296e+02
3444	2.915085960971337e+03
3445	1.063237375442490e+03
3446	1.666108960805449e+03
3447	1.469123251735212e+03
3448	1.128996695043545e+03
3449	1.167748214833559e+03
3450	1.351274719296933e+03
3451	8.168456390683288e+02
3452	1.071959827042225e+03
3453	6.946939200036402e+02
3454	5.558905889541812e+02
3455	2.349806513383347e+03
3456	2.043632489813403e+03
3457	4.931906074903604e+02
3458	2.814769266100681e+03
3459	2.019429420684958e+03
3460	3.960376262421652e+03
3461	1.259526730577091e+03
3462	2.391041088886176e+03
3463	9.309096739201403e+02
3464	5.980092283938603e+02
3465	1.951914791705329e+03
3466	1.995352066591970e+03
3467	1.281394612558910e+03
3468	1.976810737137721e+03
3469	1.220403356676519e+03
3470	7.362425132399169e+02
3471	3.562800416738332e+02
3472	9.302429860639526e+02
3473	2.472287292739160e+03
3474	2.406976456883920e+03
3475	3.665131554393203e+03
3476	1.375702984864653e+03
3477	3.781124672807128e+03
3478	9.751419188075164e+02
3479	4.035079816519902e+03
3480	1.017614985243708e+03
3481	4.469988958584493e+02
3482	1.043205492604212e+03
3483	4.833679837666529e+03
3484	1.671701486215677e+02
3485	1.513241006310409e+03
3486	8.024355569089258e+02
3487	3.458877116277856e+03
3488	9.059735928261196e+02
3489	2.359197446076498e+03
3490	9.210661265804772e+02
3491	8.693620466045213e+02
3492	1.059168585829515e+03
3493	9.042735166896242e+02
3494	4.855980547437876e+02
3495	1.739352627432068e+03
3496	1.844560815690856e+03
3497	5.077997146847930e+02
3498	3.931360434865027e+02
3499	2.887276602477500e+03
3500	5.445203238080602e+02
3501	8.647315426570004e+02
3502	5.796316990395112e+02
3503	7.738163836848738e+02
3504	1.919141893997550e+03
3505	5.202908720157207e+03
3506	3.977608192500640e+02
3507	2.608108432435180e+03
3508	3.551801691805400e+03
3509	2.498172462400104e+02
3510	1.922476951050055e+03
3511	3.617395391976188e+03
3512	6.924969424488011e+03
3513	3.057103152754712e+03
3514	2.112089608240141e+03
3515	8.158034804282037e+02
3516	8.206859233661080e+03
3517	1.691063813021581e+03
3518	4.187442681963403e+02
3519	8.679813573346541e+02
3520	1.457220848482415e+03
3521	1.053691649803784e+03
3522	7.555821944086832e+02
3523	3.469594959915139e+02
3524	1.541353870500512e+03
3525	1.784833938413733e+03
3526	2.480566631097699e+03
3527	1.142794355530334e+03
3528	7.411717500036572e+02
3529	4.122816081389841e+02
3530	1.605540446775305e+03
3531	5.227213975924779e+03
3532	5.500084045732671e+02
3533	1.726890297312787e+02
3534	1.117155753247153e+03
3535	3.025951501111440e+03
3536	2.699934249815600e+03
3537	3.227514900324066e+03
3538	4.037800237299307e+03
3539	2.361356150182602e+02
3540	5.945582401447374e+03
3541	1.810445209961578e+03
3542	7.323053243971107e+02
3543	1.247633953437542e+03
3544	8.249134413777487e+02
3545	1.413333438711424e+03
3546	2.472912370441907e+03
3547	5.534424596846371e+02
3548	7.206491212677689e+02
3549	2.339923354256263e+03
3550	1.084363886250522e+03
3551	9.114494910573966e+02
3552	8.776265450723077e+02
3553	8.340665027055111e+02
3554	2.720986829770053e+03
3555	2.546654519635831e+03
3556	1.657003966880075e+03
3557	1.441109038052253e+03
3558	2.839108934660599e+03
3559	3.740454455140170e+03
3560	8.373653559234265e+02
3561	1.974437428170335e+03
3562	4.536428473808916e+02
3563	1.083024879546076e+03
3564	1.433958659762981e+03
3565	1.751852715518686e+03
3566	3.930095380010281e+03
3567	3.244525969926843e+03
3568	3.650187242081917e+03
3569	4.390663564814075e+02
3570	1.830051901055497e+03
3571	1.029699792772554e+03
3572	2.092216768944766e+03
3573	8.426668664443119e+02
3574	3.446204404546437e+03
3575	5.890260575137767e+02
3576	4.972009306173464e+03
3577	1.171956474733541e+03
3578	4.410800501766376e+03
3579	7.153692505754756e+02
3580	3.121231872825399e+03
3581	2.243995227032585e+03
3582	1.375876138478639e+03
3583	1.553787149456815e+03
3584	1.107546446536523e+03
3585	2.399057626579792e+03
3586	1.857137528453443e+03
3587	8.651107806267991e+02
3588	1.669158581983663e+03
3589	1.349234040075311e+03
3590	1.882761473212567e+03
3591	7.264186099073235e+03
3592	3.788706995818126e+02
3593	6.126749833037626e+02
3594	2.012629697049475e+03
3595	6.323853124550661e+02
3596	1.872685936927506e+03
3597	1.467194795035063e+03
3598	1.964851208984083e+03
3599	4.797437371409010e+02
3600	1.588796447759668e+03
3601	5.478674163078248e+02
3602	5.166071398149325e+02
3603	3.293129484872000e+03
3604	6.423147419900222e+02
3605	3.764860442763874e+03
3606	6.793759345972052e+02
3607	1.087902462961300e+04
3608	2.166984170225581e+03
3609	2.285197103034589e+03
3610	3.098422818555243e+03
3611	2.295587597233202e+03
3612	4.768118422545807e+02
3613	9.336310892329645e+02
3614	1.218555224829205e+03
3615	7.681208724338052e+02
3616	1.395662306759229e+03
3617	1.166908659553847e+03
3618	2.244371433341672e+03
3619	1.245529733435565e+03
3620	2.215413481779137e+03
3621	5.495769221589170e+02
3622	4.957297333515397e+02
3623	3.930512157118430e+03
3624	4.331772427234960e+02
3625	5.314376726118774e+02
3626	1.566831993842264e+03
3627	1.534091292021174e+03
3628	1.167900584072383e+03
3629	1.367481338195341e+03
3630	6.878292407047284e+02
3631	2.528581757128748e+03
3632	5.405428807970421e+02
3633	2.366091363258912e+03
3634	3.624774333563416e+02
3635	4.121580850774218e+02
3636	5.268586556405094e+02
3637	1.406074245260064e+03
3638	1.434525689507528e+03
3639	8.168956797462571e+02
3640	9.844486527169804e+02
3641	4.417340081068638e+02
3642	6.844632568763445e+02
3643	1.680287860238726e+03
3644	1.471675940753678e+03
3645	1.423281835631788e+03
3646	1.465431285158412e+03
3647	4.308831636685296e+02
3648	1.530796070190506e+03
3649	6.953031105705288e+02
3650	2.146431732895690e+03
3651	5.922386766638899e+02
3652	5.826781555163857e+02
3653	7.047059633680736e+02
3654	6.570552724661865e+02
3655	1.177586642586033e+03
3656	8.050744352867753e+02
3657	1.713445043193070e+03
3658	1.733692818526094e+03
3659	6.885971872904837e+03
3660	5.634234748220275e+02
3661	4.066685996065998e+02
3662	5.594977950522585e+03
3663	1.103095559744262e+03
3664	1.038438382782334e+03
3665	1.922017952838050e+03
3666	1.539555264390137e+03
3667	1.241335830596977e+03
3668	1.168239454920981e+03
3669	1.214203085716762e+03
3670	1.026279758606367e+03
3671	1.700594476574092e+03
3672	2.034165861641744e+03
3673	2.139880658856654e+03
3674	1.496527637789608e+03
3675	9.675401631699932e+02
3676	1.426494454773049e+03
3677	1.676413116493251e+03
3678	9.389939878682984e+02
3679	7.772741620876134e+02
3680	1.931197619763580e+03
3681	1.090077932557268e+03
3682	5.579895163189286e+02
3683	1.624856673657992e+03
3684	3.544148842863800e+03
3685	4.903308641115137e+02
3686	2.849609484797693e+02
3687	5.910884615976402e+02
3688	2.335404706925698e+03
3689	2.602325868227571e+03
3690	1.382860424662291e+03
3691	1.057005394059731e+03
3692	1.427131411092122e+03
3693	2.075608622136484e+03
3694	7.598293818577991e+02
3695	3.703260283007354e+02
3696	1.384157947386058e+03
3697	2.255471408488360e+03
3698	4.956549386629180e+02
3699	3.722373768153847e+03
3700	5.506069254971569e+02
3701	8.006456112485263e+02
3702	2.954795138482275e+03
3703	1.337749343886208e+03
3704	5.942626075219645e+03
3705	7.777051741207686e+02
3706	8.857373352129028e+02
3707	3.815069865211161e+03
3708	8.150695498312501e+02
3709	7.542445588948716e+02
3710	3.715278328936358e+02
3711	1.395455731424292e+03
3712	2.600188601338658e+03
3713	9.061904171999704e+02
3714	1.060769554283307e+03
3715	4.285381011441593e+03
3716	5.289048328484547e+03
3717	1.444642185607481e+02
3718	1.713467748065886e+03
3719	2.287396473273983e+02
3720	8.123093388599301e+02
3721	7.081365922280607e+02
3722	8.404837862163765e+02
3723	8.889843389362121e+02
3724	3.275951770106322e+02
3725	8.109133277167119e+02
3726	8.316706654668236e+02
3727	2.180794014469129e+03
3728	1.689493970263857e+03
3729	1.258229104049480e+03
3730	1.890159390017028e+03
3731	6.826926028689105e+02
3732	1.934147227987460e+03
3733	6.367621167559205e+02
3734	1.110746573769235e+03
3735	3.111787719543715e+03
3736	1.366890447528172e+03
3737	1.422444343934852e+03
3738	4.492884029029712e+02
3739	4.054959460127324e+02
3740	2.417015191237205e+02
3741	3.253235850755157e+02
3742	2.474255373218850e+03
3743	4.118260156299047e+03
3744	1.200493051519137e+03
3745	4.707296707365708e+02
3746	1.118832759131932e+03
3747	1.969627343195608e+03
3748	2.249585933252266e+03
3749	1.285953092319287e+03
3750	8.446311456517453e+02
3751	4.699474104192823e+02
3752	1.700073800645125e+03
3753	1.232012103711801e+03
3754	4.812386664178506e+02
3755	2.005544963344394e+03
3756	3.122273498870719e+03
3757	1.326491626780487e+03
3758	9.913264011602814e+02
3759	2.089829766641946e+03
3760	1.473469221619993e+03
3761	5.795817736250315e+02
3762	4.260747479385307e+03
3763	1.163426560283839e+03
3764	6.135153583882043e+02
3765	1.411164921212177e+03
3766	1.802600570157397e+03
3767	1.720193054684580e+03
3768	8.846240059213643e+02
3769	1.070139736540126e+03
3770	3.040690417159178e+03
3771	4.712203694757856e+03
3772	1.421143915277858e+03
3773	7.193795046436730e+02
3774	2.264755583718953e+03
3775	1.460964136722698e+03
3776	2.778875470713101e+02
3777	2.072266684312376e+03
3778	2.521839262010078e+03
3779	5.566324284667739e+03
3780	6.170262664990862e+02
3781	6.684358981247697e+03
3782	7.530912901927388e+02
3783	2.454979185943162e+03
3784	7.832355050956887e+02
3785	4.700880946923378e+03
3786	1.501510245403178e+03
3787	5.391957181102679e+02
3788	1.202471651857938e+03
3789	3.709814279207375e+03
3790	3.016683537866171e+02
3791	4.673944138653728e+02
3792	3.683617488665422e+03
3793	3.379258896760783e+02
3794	9.067916062532913e+02
3795	1.080086097275265e+03
3796	3.729254847928648e+03
3797	2.032466005028406e+03
3798	3.498883478382449e+03
3799	3.812223310631160e+03
3800	1.386104355786952e+03
3801	4.855257688584464e+02
3802	9.690359657500701e+02
3803	1.041379656814824e+03
3804	1.313336008594121e+03
3805	9.363568000364049e+02
3806	2.933852924147554e+02
3807	6.054726381796635e+02
3808	1.754435647199281e+03
3809	2.387648699624168e+03
3810	7.342828828245346e+02
3811	1.002585060161931e+03
3812	5.072565381500005e+02
3813	2.876922758085456e+03
3814	9.068674783410000e+02
3815	3.611394710138168e+02
3816	8.682452319494625e+03
3817	2.382085854726152e+03
3818	1.311602361936486e+03
3819	2.452436730590898e+03
3820	8.652436887714531e+02
3821	2.193792215282903e+03
3822	9.104681874642563e+02
3823	1.621572237921070e+03
3824	7.731227635548366e+02
3825	4.765350454832014e+02
3826	1.645247714238881e+03
3827	1.695297058362156e+03
3828	5.027313960545261e+02
3829	1.298267740200578e+03
3830	1.423160487503533e+03
3831	6.455504599435133e+02
3832	5.236349983349205e+02
3833	1.082457367942671e+03
3834	1.188807866007332e+03
3835	5.849260943113597e+02
3836	2.889785176127631e+03
3837	2.157010371842746e+03
3838	5.596403894394058e+02
3839	6.962267371542508e+02
3840	5.572802012537251e+02
3841	8.917020334214907e+03
3842	8.519022161046763e+02
3843	8.496466054394342e+02
3844	1.611532551633284e+03
3845	2.489598202917461e+03
3846	7.138449063688382e+02
3847	1.566472700989945e+03
3848	8.378730783581610e+02
3849	1.498408474714574e+03
3850	5.049154704436950e+02
3851	4.248763187568536e+03
3852	6.348909903361729e+02
3853	2.322035064653674e+03
3854	5.358537627099277e+02
3855	2.119077915573466e+03
3856	3.330232787783718e+02
3857	8.972904719390566e+02
3858	1.642225303637805e+03
3859	1.005243805168629e+03
3860	3.667333941163410e+02
3861	2.111958975488414e+03
3862	2.171383944538504e+03
3863	1.597395243467342e+03
3864	4.687122761687485e+02
3865	7.510580639624552e+02
3866	2.991345632312114e+03
3867	1.965815693780199e+03
3868	6.512199861530084e+03
3869	7.528687886209866e+02
3870	1.474833480833436e+03
3871	1.296013891474474e+03
3872	1.358993843621965e+03
3873	3.508724773104260e+03
3874	2.150147947905673e+03
3875	4.549268838345854e+03
3876	1.632717796906695e+03
3877	1.180725441745388e+03
3878	4.868348422595270e+03
3879	7.686763617909430e+02
3880	9.987480130488897e+02
3881	9.727423690369212e+02
3882	1.691103802041579e+03
3883	2.338719926345849e+03
3884	1.183254005290937e+03
3885	1.292171858786923e+03
3886	8.400382823907642e+02
3887	1.187201453997605e+03
3888	1.626177514619996e+03
3889	6.023709370474967e+02
3890	6.855181215698670e+02
3891	5.494256372663126e+02
3892	8.566263465140047e+02
3893	2.529737146475602e+03
3894	4.648208622918722e+03
3895	4.973579613958643e+02
3896	1.044378019854388e+03
3897	5.937315025299780e+02
3898	1.096038584574302e+03
3899	4.056454799591067e+02
3900	6.141699527635406e+02
3901	4.637576711498587e+03
3902	2.003783949412833e+03
3903	1.233316804451672e+03
3904	2.985310983843681e+03
3905	6.626922830957915e+02
3906	6.900988609648617e+02
3907	8.620149546401153e+02
3908	5.347469861820819e+03
3909	8.379804684298911e+02
3910	4.436669929779255e+02
3911	1.049454143716402e+02
3912	3.074638316299602e+03
3913	3.291047386786788e+03
3914	1.011768010131723e+03
3915	1.466877482215897e+03
3916	5.054636304032936e+02
3917	1.259806648965040e+03
3918	1.324107103283260e+03
3919	1.838115586236507e+03
3920	1.071117320900344e+03
3921	9.753213368460824e+02
3922	2.232503129470489e+03
3923	9.276135215954382e+02
3924	4.087402835106616e+02
3925	9.996887081216425e+02
3926	6.225792533679779e+03
3927	6.730585744379426e+02
3928	6.638807243483891e+02
3929	6.022139127543211e+02
3930	7.726376310437264e+02
3931	4.321913102150287e+02
3932	3.266449580769395e+03
3933	5.887837597650854e+02
3934	1.714968016437899e+03
3935	8.819291576433009e+02
3936	9.095969770508379e+02
3937	3.297860592182426e+03
3938	1.263130693923926e+03
3939	1.340559844799846e+03
3940	3.649224102824082e+02
3941	1.725411940357990e+03
3942	6.981914635458999e+02
3943	1.884421976687353e+03
3944	8.107911624462270e+02
3945	1.157741369777981e+03
3946	2.074189877752550e+03
3947	8.835397484157426e+02
3948	1.014103092017652e+03
3949	1.604198697309371e+03
3950	2.670889275741069e+03
3951	4.256801665588248e+02
3952	6.078538041465389e+02
3953	1.071964980197015e+03
3954	1.431897740657804e+03
3955	1.090326521324746e+03
3956	1.645280641452923e+03
3957	1.611049615150335e+03
3958	8.822182272043119e+02
3959	1.200843790978439e+03
3960	5.131229480454177e+02
3961	7.127023877288899e+02
3962	2.883938188582966e+03
3963	1.138956565203820e+03
3964	7.106786816350536e+02
3965	4.756278796885716e+03
3966	1.851879610843722e+03
3967	5.702558691521602e+02
3968	3.542481118979274e+02
3969	3.817924177802012e+02
3970	1.259780266858318e+03
3971	7.346114176415252e+02
3972	1.618771995443163e+03
3973	8.827598517353663e+02
3974	6.773840008433784e+02
3975	9.437674490280516e+02
3976	2.157356456969084e+02
3977	5.601516530141689e+02
3978	6.852318085224385e+02
3979	1.242741920044707e+03
3980	6.182878961847622e+02
3981	1.340639273098752e+03
3982	1.234259725864469e+03
3983	6.386552377570978e+02
3984	3.540808544013541e+03
3985	1.653909690204532e+03
3986	4.113267327681718e+03
3987	8.842078691990863e+02
3988	3.634679763493091e+03
3989	1.431712412709290e+03
3990	6.148959788393743e+02
3991	4.821223033540808e+02
3992	5.500575766218541e+02
3993	1.029947500609162e+03
3994	6.697784073614463e+02
3995	8.587643336839440e+02
3996	2.578906106799776e+03
3997	2.457402660982213e+03
3998	3.220991896904692e+03
3999	4.075975141540836e+03
4000	1.048098448484626e+03
4001	5.797901907793044e+03
4002	3.335651622593871e+03
4003	7.008256544340940e+02
4004	1.214152466438456e+03
4005	4.489236266732225e+03
4006	1.025205111303096e+03
4007	3.029783655307115e+03
4008	2.523208794092751e+03
4009	1.318261976977786e+03
4010	1.061337183958889e+03
4011	5.465335667638959e+02
4012	3.610498952202396e+03
4013	6.678173148512841e+02
4014	7.203517258722479e+02
4015	1.179144889968603e+02
4016	5.398898909232801e+03
4017	4.721525567064008e+02
4018	4.189063811202180e+03
4019	1.065405158632796e+03
4020	1.104301468460756e+03
4021	3.964971054658192e+02
4022	1.070185785363840e+03
4023	3.085678241636741e+03
4024	1.030164822369346e+03
4025	3.909506244078168e+03
4026	1.118716478246350e+03
4027	3.914135774628275e+03
4028	1.273923273188665e+03
4029	4.626620350690657e+02
4030	4.001411284318465e+02
4031	1.280908761179230e+03
4032	8.240721631717126e+02
4033	6.756498928400064e+02
4034	1.281704708657563e+03
4035	1.719708833314850e+02
4036	5.752709881754799e+02
4037	8.880258945079175e+02
4038	2.300734744375546e+02
4039	6.662078409824519e+03
4040	3.489197915131326e+02
4041	1.203927116868006e+03
4042	9.281710021168705e+02
4043	8.582980860348092e+02
4044	1.282813744263645e+03
4045	2.787322387386567e+02
4046	3.841896494603880e+02
4047	7.299163563653078e+02
4048	7.888574161219509e+03
4049	1.577117123045271e+03
4050	7.682938168041080e+02
4051	1.163674555315875e+03
4052	4.535570474644389e+02
4053	7.569750622623991e+02
4054	9.850450233817304e+02
4055	1.336112752534404e+03
4056	6.106985703103096e+02
4057	2.340158321411864e+03
4058	5.078442824572235e+02
4059	1.473099685095455e+03
4060	1.559221158107061e+03
4061	4.485259337557030e+02
4062	1.328386908063254e+03
4063	3.034472214738872e+03
4064	7.081310366719347e+02
4065	2.541866421145215e+02
4066	3.476955930376612e+03
4067	2.985388413214032e+02
4068	9.410225524805261e+02
4069	7.278385748994507e+02
4070	8.113151967117415e+02
4071	1.386347917465031e+03
4072	9.033403370126118e+02
4073	5.210863646148160e+03
4074	1.398151066186135e+03
4075	2.377169310910663e+03
4076	2.518631912887439e+03
4077	1.178440684180073e+03
4078	5.207521609966831e+02
4079	4.742946984200489e+02
4080	1.081123007546571e+03
4081	7.991373232744751e+02
4082	7.763225848369511e+02
4083	1.648109078349404e+03
4084	6.797321684842719e+02
4085	2.803888096510092e+03
4086	4.704838686379348e+02
4087	4.103858089672942e+02
4088	3.322967744105020e+03
4089	1.526044997569916e+03
4090	1.395690133683875e+03
4091	2.868145053643407e+02
4092	8.146449569167858e+02
4093	5.202660868481579e+02
4094	5.340399543820148e+02
4095	9.582548349938692e+03
4096	1.465876457684737e+03
4097	1.846870210018996e+03
4098	1.099416444330750e+03
4099	9.646146716733215e+02
4100	8.153702422498479e+02
4101	4.043416359451128e+02
4102	2.300669005142976e+03
4103	1.588624378164241e+03
4104	2.037417608219673e+03
4105	2.044902456280882e+02
4106	4.150610777474335e+02
4107	1.175499957685692e+03
4108	1.167098284108834e+03
4109	3.837284945926855e+02
4110	2.932542187963108e+03
4111	4.414038138322427e+02
4112	1.994629922984116e+03
4113	9.841322269949447e+02
4114	9.617096041097799e+02
4115	3.648832661096317e+02
4116	4.741517336907189e+02
4117	4.560199952727245e+02
4118	5.198836120070882e+02
4119	1.508321962506951e+03
4120	6.969302207324503e+02
4121	1.244809660144856e+03
4122	5.405033390958403e+02
4123	9.552350664913985e+02
4124	1.817786182045990e+03
4125	1.532703141552610e+03
4126	1.059042494371373e+03
4127	2.570787170855406e+02
4128	2.174857152497895e+02
4129	1.262207003397666e+03
4130	4.156096479419554e+02
4131	7.000838131569938e+02
4132	5.909004149371514e+02
4133	1.052199126674110e+03
4134	1.472110438625959e+03
4135	8.571644177342536e+02
4136	3.365408697065325e+02
4137	5.103148541357334e+02
4138	1.250319223847229e+03
4139	6.258781034330508e+02
4140	8.062576250626698e+02
4141	7.544675245418491e+02
4142	2.728410098463409e+03
4143	3.986738999234282e+02
4144	7.108121042483871e+02
4145	9.143693896532296e+02
4146	1.553892546472251e+03
4147	1.476023809205921e+03
4148	7.184678141524361e+02
4149	4.280192723294889e+03
4150	1.360827765735885e+03
4151	8.905477859735878e+02
4152	6.226338811114053e+02
4153	1.302783614143472e+03
4154	3.692513448723755e+02
4155	3.369344560103713e+03
4156	2.326762349859056e+03
4157	1.265751331089335e+03
4158	1.942852048645318e+03
4159	1.695402499376523e+03
4160	1.349943511227569e+03
4161	3.915451677612347e+02
4162	3.675364499692655e+03
4163	4.818134749176258e+03
4164	1.543972227894134e+03
4165	1.301325666973000e+03
4166	8.049533204378113e+02
4167	2.315430300527548e+03
4168	1.774828278243817e+03
4169	2.317172767672416e+03
4170	8.080414007969783e+02
4171	4.599794474612530e+02
4172	4.610514441472188e+02
4173	1.973087921054327e+03
4174	4.316297776816576e+02
4175	1.541443601044175e+03
4176	6.430469227512633e+02
4177	1.752999452220286e+03
4178	2.611040273613863e+02
4179	8.066562450335284e+02
4180	8.622991323818404e+03
4181	2.638747201688066e+03
4182	4.669470737255199e+02
4183	5.085799644175590e+02
4184	8.280392497825673e+02
4185	6.575371709637719e+02
4186	8.746018877956370e+02
4187	4.169582131546984e+03
4188	1.190702076802260e+03
4189	1.292954161516803e+03
4190	9.580616445662607e+02
4191	4.440904454186945e+02
4192	9.922346121614688e+03
4193	8.471962277267195e+02
4194	1.186400269935129e+03
4195	1.077591540034568e+03
4196	2.971831778164337e+03
4197	1.282274436388869e+03
4198	1.206587650559878e+03
4199	2.793925736605368e+03
4200	8.810756983873773e+02
4201	4.529670101213253e+03
4202	9.370406288670018e+02
4203	1.651731120007569e+03
4204	1.163396489880853e+03
4205	7.511174410816111e+02
4206	4.438096683379142e+03
4207	4.799702733328600e+02
4208	1.416316917435832e+03
4209	8.289226263066489e+02
4210	6.289083211895631e+02
4211	1.514634023663053e+03
4212	7.246386044217676e+02
4213	2.215218410509481e+03
4214	5.167027409007334e+03
4215	8.430131859736083e+02
4216	3.469864356077733e+03
4217	3.119196469537043e+03
4218	2.397533339386652e+03
4219	1.316157807274951e+03
4220	2.319560945742437e+02
4221	5.210997563309446e+02
4222	5.681178457243030e+02
4223	1.119032766588346e+03
4224	1.163884229507929e+03
4225	8.050263135388254e+02
4226	5.638909783097069e+03
4227	3.203396673500761e+03
4228	1.879603089774499e+03
4229	7.570889505297381e+02
4230	1.677305760153735e+03
4231	7.579592482931805e+02
4232	8.031698568707295e+02
4233	3.414126838146913e+03
4234	6.335965067311330e+02
4235	1.063106621118426e+03
4236	3.569094170430082e+03
4237	1.287447243817420e+03
4238	1.266476770054998e+03
4239	4.296594848647102e+03
4240	2.300913099280692e+03
4241	2.978109005357825e+03
4242	3.068195936587456e+02
4243	6.809940207339388e+02
4244	1.246150139705585e+03
4245	6.266271564391960e+02
4246	2.122214743936627e+03
4247	3.456636437353219e+03
4248	6.124152864296908e+02
4249	1.670488869019950e+03
4250	1.566155710883419e+03
4251	9.555857130227340e+02
4252	1.482299120350747e+03
4253	2.255392256820122e+03
4254	6.763138125686243e+02
4255	1.908074158217409e+03
4256	6.341574344961879e+02
4257	1.899424860389780e+03
4258	2.232352289870824e+03
4259	9.626351348904026e+02
4260	3.340812609280654e+03
4261	7.110386405571767e+02
4262	1.377357242425833e+03
4263	6.993402980325461e+02
4264	4.507418933490154e+03
4265	6.235698785130508e+02
4266	2.147288137824918e+03
4267	5.318799819078007e+02
4268	2.515232332572504e+03
4269	4.335646689858104e+02
4270	9.215313119924748e+02
4271	1.021415860977999e+03
4272	3.161570988034622e+03
4273	1.428519397577792e+03
4274	4.323407531705461e+03
4275	2.460946046198531e+03
4276	2.146993753027562e+03
4277	4.903678351778703e+02
4278	2.186567702754281e+03
4279	2.506573238580385e+03
4280	2.375571374725577e+03
4281	1.488566231991775e+03
4282	4.303848481265273e+02
4283	3.978244089610886e+02
4284	8.801058392296735e+02
4285	1.052087852118132e+03
4286	1.485537052639228e+03
4287	6.667254555491562e+02
4288	1.744165174791979e+03
4289	1.036268730201433e+02
4290	1.703524612653793e+03
4291	6.045689879939462e+02
4292	3.468229107593309e+02
4293	1.289555404333070e+03
4294	1.487180875538863e+03
4295	4.958647914206823e+02
4296	7.509507574802902e+02
4297	1.336830154818156e+03
4298	2.187660741014263e+03
4299	9.670383099461759e+02
4300	8.853357582826021e+02
4301	1.701993689719252e+03
4302	1.474161744006891e+03
4303	7.281891673329404e+02
4304	1.057267120867599e+03
4305	5.273275361920244e+02
4306	3.823030208609152e+02
4307	1.059553506511753e+03
4308	1.261381261732713e+03
4309	1.422998774911972e+03
4310	1.197074342668574e+03
4311	3.256060478904598e+03
4312	2.848210661266385e+03
4313	1.891058069690768e+03
4314	1.811635613040838e+03
4315	7.308195733075628e+02
4316	3.632899613226295e+02
4317	5.185231991077977e+02
4318	1.325905567436322e+03
4319	7.805117775691783e+02
4320	3.758320336793472e+03
4321	8.280160482292994e+02
4322	5.011967882377543e+02
4323	7.616849413314804e+02
4324	9.333557535755876e+02
4325	2.625859070088293e+03
4326	9.856403242672101e+02
4327	9.212063068168599e+02
4328	7.685721812449378e+02
4329	1.833757975841741e+03
4330	6.549671366329379e+02
4331	3.016416029002065e+03
4332	9.932483957009647e+02
4333	2.248081418015723e+03
4334	1.235907563851364e+03
4335	3.187066267917724e+02
4336	4.104658217824582e+02
4337	3.615325364267828e+02
4338	3.106791111906240e+02
4339	2.562525562440568e+03
4340	1.165015030050145e+03
4341	1.102500115459466e+03
4342	1.679147794546024e+03
4343	5.404542226512156e+02
4344	5.098416314607904e+02
4345	5.482751378440012e+02
4346	2.956893838728105e+03
4347	2.323209828903267e+02
4348	2.552952742374504e+03
4349	1.344031891497373e+03
4350	1.263761142753495e+03
4351	1.353032741728436e+03
4352	3.290913516144733e+03
4353	1.028532164078093e+03
4354	1.037509579270190e+03
4355	1.559819000049000e+03
4356	6.278649935574546e+02
4357	3.182639722890747e+03
4358	9.394168586605862e+02
4359	1.014462891299304e+03
4360	8.887394505203504e+02
4361	1.125115071617142e+03
4362	1.826556132054058e+03
4363	4.712161161738931e+02
4364	7.735215189410734e+02
4365	5.840021021461316e+02
4366	3.062404141524335e+02
4367	1.303863930148573e+03
4368	8.451176825223140e+02
4369	2.916170702933419e+02
4370	4.422929917505649e+02
4371	9.654797679818470e+02
4372	3.743105930088068e+03
4373	2.434084994858605e+03
4374	1.648176651677336e+02
4375	8.010932406470426e+03
4376	1.505553280788411e+03
4377	2.015627599422481e+03
4378	8.622452565465464e+02
4379	1.673326360779560e+03
4380	4.699263942482271e+03
4381	7.403754487706140e+02
4382	6.976814227140501e+02
4383	7.765182902927771e+02
4384	8.415024960153125e+02
4385	4.399759169432664e+02
4386	2.829390695172865e+03
4387	5.989127445220067e+02
4388	1.195626233118308e+02
4389	1.253539697221681e+03
4390	9.117298407750421e+02
4391	1.206024628027489e+03
4392	1.179243601391115e+03
4393	1.414531269138190e+03
4394	3.813562586669912e+02
4395	6.217933416679742e+02
4396	5.920835631066859e+02
4397	5.300217930483639e+02
4398	1.346440520607094e+03
4399	1.598410747311463e+03
4400	1.881357196235210e+03
4401	7.010760287205444e+02
4402	5.866943510263046e+02
4403	7.777647332935355e+02
4404	1.675159175679723e+03
4405	3.832306636751155e+02
4406	1.841596619094696e+03
4407	1.188284616294578e+03
4408	6.595390929973822e+02
4409	6.149099146175695e+02
4410	3.301067357319443e+03
4411	2.990299903165326e+03
4412	7.248510182576367e+02
4413	7.306717677528968e+02
4414	1.158378378214757e+03
4415	8.141959361288972e+02
4416	4.578617862317928e+02
4417	7.204084118345983e+02
4418	2.639406778178837e+03
4419	3.600417576879280e+02
4420	1.125468896965891e+03
4421	9.984913048887089e+02
4422	2.029330466714968e+03
4423	8.127539428838580e+02
4424	1.243446648949874e+03
4425	6.727741037711068e+02
4426	5.865867687433729e+02
4427	1.047733108837006e+03
4428	1.258704369629297e+03
4429	2.081347356891900e+03
4430	3.567702694635256e+02
4431	1.216000388689262e+03
4432	1.993960421203672e+03
4433	1.146982623320287e+03
4434	5.757252351791066e+03
4435	1.409222022148624e+03
4436	1.043966599190916e+03
4437	1.076109686416216e+03
4438	5.506367807548799e+02
4439	5.372610926663806e+02
4440	1.337758166680920e+03
4441	3.924380811286188e+02
4442	8.865075962986310e+02
4443	8.706706845216213e+02
4444	1.028766411411123e+03
4445	8.026933532648168e+02
4446	3.493942178252360e+02
4447	7.464637219376334e+02
4448	3.980678088678988e+03
4449	1.849566282444116e+03
4450	7.938580877613592e+02
4451	7.729171516733134e+03
4452	2.062482810881718e+03
4453	9.727814774049172e+02
4454	8.605177855996166e+02
4455	1.202880848469315e+03
4456	4.167059362170697e+02
4457	6.174815972172030e+02
4458	1.108655744139922e+03
4459	7.734305454424544e+02
4460	1.714671341474052e+03
4461	2.440730430596286e+03
4462	6.831336601337543e+02
4463	3.999631983848943e+03
4464	2.079754058834077e+03
4465	5.723606050499446e+02
4466	3.527824537541720e+03
4467	9.924146736407803e+02
4468	2.312432597253598e+03
4469	1.441581465899920e+03
4470	1.277700321156332e+03
4471	1.044837889303205e+03
4472	2.324514546489097e+03
4473	7.774545898972655e+02
4474	9.575780743539979e+02
4475	8.190995542928040e+02
4476	2.473094693287931e+03
4477	1.803157036983439e+03
4478	5.733087305175194e+02
4479	1.221290555533502e+03
4480	4.677729762785248e+02
4481	4.905995970097600e+02
4482	7.145205090971319e+02
4483	1.431344880196842e+03
4484	6.470099465895387e+02
4485	2.029610264807506e+03
4486	1.951571743238999e+03
4487	1.693595120315804e+03
4488	3.220471197480367e+03
4489	1.092652096118462e+03
4490	1.823116843208561e+03
4491	6.842752214739444e+02
4492	4.226426852169129e+02
4493	5.213013178753837e+02
4494	5.438775751051595e+02
4495	1.291939431342086e+03
4496	3.659340529319234e+02
4497	1.638380164090349e+03
4498	1.855930337714255e+03
4499	3.770345735491462e+03
4500	2.304445564225239e+03
4501	8.675523863744694e+02
4502	4.124564414828438e+02
4503	9.848548404951481e+02
4504	9.594317883753887e+02
4505	8.839474399096162e+02
4506	1.369100274010526e+03
4507	5.922185729542554e+02
4508	1.287681929862917e+03
4509	1.593603815467172e+03
4510	3.552813087819328e+03
4511	2.725112426213616e+03
4512	5.603446182430340e+02
4513	9.253451933217757e+02
4514	4.393559018541222e+02
4515	7.673329549934813e+02
4516	7.678157198948614e+02
4517	7.970192141331027e+02
4518	6.240383282787037e+02
4519	5.369050704001870e+02
4520	3.725538681450142e+02
4521	2.601627429958085e+03
4522	1.023416042943583e+03
4523	1.256294691303113e+03
4524	6.296418179466906e+02
4525	9.736969744411319e+02
4526	8.737923303257631e+02
4527	2.179728353994532e+02
4528	1.176865948372784e+02
4529	1.730954608678649e+03
4530	3.680093325678989e+02
4531	3.164291119576224e+02
4532	4.651767296106799e+03
4533	1.598194575822991e+03
4534	6.243121763201644e+02
4535	5.046717889473170e+02
4536	2.379257926845183e+02
4537	1.298385811070732e+03
4538	1.358113890739370e+03
4539	1.926722769496258e+03
4540	7.147779765671974e+02
4541	8.498336047926889e+02
4542	4.462322319126666e+02
4543	5.868576641322003e+03
4544	2.499899218131540e+03
4545	7.270218461483360e+02
4546	3.836268988232924e+03
4547	2.667127552515421e+03
4548	5.281179541800215e+02
4549	4.633750516359713e+02
4550	3.911777429626911e+02
4551	8.716174521315723e+02
4552	7.212212053783678e+02
4553	1.203196603112866e+03
4554	2.053280350409664e+03
4555	6.339645858297606e+02
4556	1.371245321436696e+03
4557	6.179974897646960e+02
4558	1.991841315691943e+03
4559	6.120789309180125e+02
4560	6.768815034140275e+02
4561	3.121821521699568e+03
4562	1.725228684910198e+03
4563	8.831607792494059e+02
4564	1.429342979143235e+03
4565	1.815820613826417e+03
4566	5.608766248464981e+02
4567	2.600441066348028e+03
4568	1.230757114581098e+03
4569	6.437965083586133e+02
4570	4.380759208985946e+02
4571	8.001400564504808e+02
4572	5.619887867259757e+02
4573	1.266857298045648e+03
4574	4.924688037093600e+02
4575	7.360958393598563e+02
4576	2.976046519835273e+03
4577	2.211869182455975e+02
4578	1.500254197636112e+03
4579	2.083944327174223e+03
4580	5.515568316393990e+02
4581	4.400270688787112e+02
4582	9.345309938129806e+02
4583	2.310038750459370e+03
4584	2.785678552529358e+02
4585	3.947586448818335e+02
4586	1.690098779288005e+03
4587	1.421003384269709e+03
4588	5.904645039374445e+02
4589	1.381240175263675e+03
4590	9.224833034645303e+02
4591	3.906886630840579e+02
4592	2.438718659460532e+03
4593	1.601074037119881e+03
4594	1.359977820346061e+03
4595	8.909076488958660e+02
4596	8.769834948235663e+02
4597	3.045768029534997e+03
4598	4.810475657074091e+02
4599	1.485663113345535e+03
4600	8.507678298774514e+02
4601	1.336940922360236e+03
4602	5.209939053292952e+02
4603	1.291652246745498e+03
4604	7.438274941125542e+02
4605	2.725719121564279e+02
4606	1.755039344431956e+03
4607	1.173373757358399e+03
4608	2.073865089632539e+03
4609	9.740217798021837e+02
4610	3.362170424752515e+03
4611	1.955841635758461e+03
4612	6.800136322933600e+02
4613	9.619700023414584e+02
4614	6.454693405593156e+02
4615	2.463274566916894e+03
4616	5.843912973093816e+02
4617	3.778087780009095e+02
4618	5.255608137187218e+02
4619	8.330571195130427e+02
4620	8.074563747885435e+02
4621	8.391598485299681e+02
4622	2.478405985325127e+03
4623	6.792482481570106e+02
4624	4.685999213696690e+02
4625	4.549342159752307e+03
4626	7.948017512086676e+02
4627	2.054450692739880e+03
4628	1.876991487436379e+03
4629	2.876071308134480e+02
4630	3.679263351896950e+02
4631	1.355034729718509e+03
4632	5.820804800818992e+02
4633	7.155734908775893e+02
4634	2.454883047129074e+03
4635	1.444167310126275e+03
4636	1.210956127811980e+03
4637	1.084655469485214e+03
4638	4.961533611103037e+02
4639	4.043309069718605e+03
4640	1.703226444291755e+03
4641	2.528196193334837e+03
4642	2.561919973501741e+03
4643	6.713696829869189e+02
4644	2.241131315439477e+03
4645	8.354158525426725e+02
4646	4.447857142347866e+02
4647	1.870640067886934e+03
4648	8.308962778162871e+02
4649	1.626422719766791e+03
4650	1.211365998689654e+03
4651	1.044979098477812e+03
4652	3.054560572919943e+02
4653	4.446152479292921e+02
4654	1.324925619623577e+03
4655	7.430170996463372e+02
4656	1.724332859108636e+03
4657	2.636896291172222e+03
4658	5.875215260631541e+02
4659	7.300556080220898e+02
4660	7.996431498546293e+02
4661	1.074350192271899e+03
4662	9.521147989726292e+02
4663	6.943360825642386e+02
4664	2.549508415181054e+02
4665	5.075237700042472e+02
4666	5.223639653724903e+02
4667	1.098175817253976e+03
4668	9.959087774980577e+02
4669	1.180751847690836e+03
4670	6.618000923869787e+02
4671	6.065313528526126e+02
4672	5.482983494874065e+02
4673	2.037780001236397e+03
4674	6.598355240198225e+02
4675	2.108494496259963e+02
4676	1.039083790449929e+03
4677	4.247773108970644e+02
4678	9.941880123249853e+02
4679	6.415380763157726e+02
4680	8.643829129200706e+02
4681	6.556462182903995e+02
4682	2.401187049315750e+02
4683	5.427022489620900e+02
4684	7.938202777448176e+02
4685	1.190184440287507e+03
4686	1.485729332888364e+03
4687	2.064813477921376e+03
4688	1.472749110734672e+03
4689	4.756096439025150e+02
4690	9.329528061127456e+02
4691	7.681491416786851e+02
4692	9.593942252675919e+02
4693	9.830321889921736e+02
4694	7.323772074337073e+02
4695	2.226216505226281e+03
4696	1.064655338686719e+03
4697	1.740600304316255e+03
4698	5.489289362591146e+03
4699	3.467465107499675e+02
4700	6.877168917980952e+02
4701	6.966213407913466e+02
4702	1.069487507793875e+03
4703	2.392103047274656e+03
4704	7.762583598944910e+02
4705	1.073914246326934e+03
4706	1.494752535789244e+03
4707	2.126784265655154e+03
4708	5.863376316002588e+02
4709	4.859373257147486e+02
4710	8.550620427090453e+02
4711	9.399842114881002e+02
4712	7.262052839784735e+02
4713	2.253205341591033e+02
4714	1.970556562546235e+02
4715	1.550395924874154e+03
4716	3.669038639053443e+02
4717	7.705727758596605e+02
4718	1.344591964775325e+03
4719	1.097857534918979e+03
4720	1.692692257273341e+03
4721	7.127440932720011e+03
4722	2.712952309213271e+03
4723	8.961430983375170e+02
4724	3.581826580510070e+02
4725	8.459905941236415e+02
4726	6.826013511695837e+02
4727	1.405377637738552e+03
4728	3.233944323324178e+02
4729	7.110603295727915e+02
4730	1.822994298337356e+02
4731	1.244218169278645e+03
4732	1.443748476808891e+03
4733	1.123102265569985e+03
4734	2.098081751908156e+03
4735	7.840655785970657e+02
4736	1.228951923904143e+03
4737	9.563017276680467e+02
4738	3.021581690458094e+02
4739	3.007103792962316e+02
4740	1.105793829522070e+03
4741	2.107393622537786e+02
4742	7.465730237589584e+02
4743	2.308750868197111e+03
4744	3.455552291536339e+03
4745	9.115332400418425e+02
4746	4.304194290900971e+02
4747	7.792137329330250e+02
4748	7.426869734828718e+02
4749	1.791390392492222e+03
4750	3.236608454713630e+03
4751	4.859834352969386e+03
4752	6.635492214613114e+02
4753	3.332196248470494e+02
4754	6.987311975803589e+02
4755	6.268386309924612e+02
4756	6.228530257289184e+02
4757	1.858889615721692e+03
4758	2.044746059504208e+03
4759	9.959755770855662e+02
4760	4.585694172839579e+02
4761	2.742390122828544e+03
4762	4.264282031029135e+02
4763	3.616787971579908e+02
4764	4.020510095778965e+02
4765	4.138327893962423e+02
4766	1.313204833531805e+03
4767	3.363105297729500e+02
4768	7.519562402694279e+02
4769	5.230097582979038e+02
4770	6.070227009648698e+02
4771	2.682313773458683e+03
4772	3.758966017382940e+02
4773	1.741749264731209e+03
4774	7.714629362905961e+02
4775	8.367140022966955e+02
4776	1.067413836006714e+03
4777	1.277302062953579e+03
4778	6.433481520774077e+02
4779	8.623477923261846e+02
4780	1.111387620007396e+03
4781	7.303711351323210e+02
4782	7.131875910037780e+02
4783	4.365832164151476e+02
4784	1.854524815361097e+03
4785	8.972874237783676e+02
4786	4.336966405674074e+03
4787	2.801316032137736e+02
4788	4.555957340375555e+02
4789	3.803421642462397e+02
4790	5.335244919382973e+02
4791	2.034264721680337e+03
4792	2.228340384703907e+02
4793	3.232064725870442e+03
4794	6.473402504083748e+02
4795	1.499795207525585e+03
4796	1.422230758642057e+03
4797	3.389376167906292e+02
4798	6.256542768577667e+02
4799	1.694479448447814e+03
4800	3.369739949341583e+02
4801	1.039307285111106e+03
4802	1.176394440767054e+03
4803	1.342331001340365e+03
4804	4.510754006016290e+02
4805	7.763469914493280e+02
4806	1.503450422841188e+03
4807	8.996371523347797e+02
4808	1.437888826572168e+03
4809	1.222811888840889e+03
4810	1.887727499458779e+03
4811	1.275667947836497e+03
4812	3.642099888138522e+02
4813	1.356716277703112e+03
4814	1.036352531321969e+03
4815	2.456212223370463e+03
4816	1.128268755710533e+03
4817	2.377836882028867e+03
4818	7.179562346785101e+02
4819	9.278855582076277e+02
4820	7.198036206566111e+02
4821	6.857059107951798e+02
4822	4.096740254916119e+02
4823	8.654015922900354e+02
4824	9.023470351267084e+02
4825	2.758951070249595e+02
4826	5.011429033957119e+02
4827	8.375990038617449e+02
4828	9.929587907018328e+02
4829	1.111512063736584e+03
4830	9.283341957550357e+02
4831	9.871893325930670e+01
4832	1.205300501860767e+03
4833	5.156568491643222e+02
4834	5.728929943952097e+02
4835	3.838090690199522e+03
4836	1.605513255326090e+03
4837	4.506928986925846e+02
4838	2.836820549583428e+02
4839	2.384723486099328e+03
4840	4.489587665010096e+02
4841	3.978772175817421e+02
4842	4.019484886337077e+02
4843	1.166269458103694e+03
4844	1.689283676997507e+03
4845	4.458904274705571e+02
4846	3.227562480893703e+02
4847	6.337879123882093e+02
4848	4.540134507946748e+02
4849	6.901886657747372e+02
4850	2.055614203710165e+03
4851	4.419735003868757e+02
4852	3.123876130750216e+03
4853	1.507007731572792e+03
4854	1.210328892987508e+03
4855	3.217127545823561e+02
4856	1.368708842178397e+03
4857	4.589640549042443e+02
4858	8.308160312950148e+02
4859	5.286137895252673e+03
4860	3.825613142363667e+02
4861	1.243895545665241e+03
4862	8.400782243405416e+02
4863	3.680649991032313e+02
4864	7.888858406862129e+02
4865	6.681156482571721e+02
4866	9.936248281121705e+02
4867	7.894013598090748e+02
4868	1.031082794518221e+03
4869	9.141903885233402e+02
4870	2.489004721838524e+02
4871	1.644122026361340e+03
4872	1.116396231152255e+03
4873	8.420776841674359e+02
4874	8.159732357806025e+02
4875	1.078623951333510e+03
4876	1.127652033579221e+03
4877	6.432597749716438e+02
4878	2.781056871339097e+03
4879	4.732107803498727e+02
4880	1.563136286903461e+03
4881	1.956957040326851e+03
4882	7.920124615591307e+02
4883	4.070846062932673e+02
4884	3.135699693737451e+03
4885	6.589332891958553e+02
4886	1.131287125483700e+03
4887	3.975084717660989e+03
4888	2.788238561360304e+02
4889	8.757150986460576e+02
4890	1.355176939179362e+03
4891	1.128110065690197e+03
4892	2.835405351504198e+03
4893	2.628052333188369e+03
4894	8.300940114146699e+02
4895	9.787643879944113e+02
4896	7.550003221712689e+02
4897	4.226612015672706e+02
4898	6.295857276067314e+02
4899	4.261278790009565e+03
4900	2.056225118479870e+03
4901	1.237393102491096e+03
4902	4.048903211535801e+02
4903	6.247214456749230e+02
4904	9.351152702359324e+02
4905	5.709643152981855e+02
4906	6.261283397734293e+02
4907	2.321515112155775e+03
4908	3.416138915628349e+02
4909	9.426496596202267e+02
4910	6.431582706585727e+02
4911	4.178663978599852e+02
4912	3.697035151796391e+02
4913	2.344164263437021e+03
4914	5.302992209594526e+02
4915	6.417390489188663e+02
4916	9.510498554190339e+02
4917	8.524651306793598e+02
4918	1.039569045476966e+03
4919	8.311778602251555e+02
4920	2.264866321146101e+02
4921	5.135886257467268e+02
4922	3.670284168685413e+02
4923	3.362002532901464e+02
4924	4.740802702257399e+03
4925	6.876932542591213e+02
4926	2.447529116289690e+03
4927	8.294957524561806e+02
4928	8.039844258688211e+02
4929	9.383493385459343e+02
4930	2.332026740500179e+02
4931	4.621407381442618e+02
4932	3.795051458329462e+02
4933	6.886557406284966e+02
4934	1.870926572416093e+03
4935	7.103983049716450e+02
4936	1.257214625986821e+03
4937	1.005877969138047e+03
4938	4.070952925664280e+03
4939	5.843434382411830e+02
4940	8.778723167514650e+02
4941	9.862995055562877e+02
4942	3.166930067815514e+02
4943	5.978696591610611e+02
4944	2.832042775941582e+03
4945	4.585035863281872e+02
4946	4.917350984916707e+02
4947	8.912525079288253e+02
4948	7.569841188043567e+02
4949	3.983664117075133e+02
4950	4.022764789716124e+02
4951	1.648855204272635e+03
4952	1.159893436625093e+03
4953	2.641038508799930e+02
4954	1.126953686100458e+03
4955	6.083510121113542e+02
4956	7.840575827390242e+02
4957	4.910457451703214e+02
4958	1.114091334825476e+03
4959	3.606167189779296e+02
4960	4.511197503833718e+02
4961	7.655640563132133e+02
4962	1.941979775467600e+03
4963	8.445471037126221e+02
4964	8.677672157498396e+02
4965	1.124073020993457e+03
4966	8.038474623070749e+02
4967	2.453113790626708e+03
4968	1.148026965110808e+03
4969	1.082673158639720e+03
4970	7.685290750524871e+02
4971	3.933370953864964e+03
4972	8.133974892496592e+02
4973	7.217067999729006e+02
4974	8.940752298078213e+02
4975	5.486513447789628e+02
4976	1.054529478166749e+03
4977	2.345004044581325e+03
4978	4.989224932814302e+03
4979	5.925286930783134e+02
4980	8.106863474473491e+02
4981	4.888369600019954e+02
4982	2.465440023370517e+03
4983	1.334341687157095e+03
4984	5.937904808032500e+02
4985	6.864918405221898e+02
4986	7.237907369508721e+02
4987	1.007478402023427e+03
4988	6.948753808847100e+02
4989	7.462622731152015e+03
4990	6.063212703667730e+02
4991	1.876710523694011e+03
4992	5.534289073711653e+02
4993	1.368831271088683e+03
4994	3.355354444688004e+02
4995	5.953960473253136e+02
4996	1.497189829224811e+03
4997	5.160337717812627e+02
4998	2.695229860614671e+03
4999	1.608228191524783e+02
5000	1.950760393928541e+02
5001	2.039250487707156e+02
5002	1.142743308785683e+03
5003	8.908591575668336e+02
5004	6.279303864290972e+02
5005	8.699818929115226e+02
5006	2.161532439513371e+03
5007	3.696634598314043e+02
5008	4.006801200709020e+02
5009	1.592489112425748e+03
5010	1.686983092260597e+03
5011	8.156968967067189e+02
5012	5.941188458255752e+02
5013	1.088459196749792e+03
5014	9.080206357911709e+02
5015	2.994196035293772e+03
5016	6.233810857064635e+02
5017	1.006501258144890e+03
5018	9.778856669265314e+02
5019	2.751410355374925e+03
5020	1.070818985806714e+03
5021	1.798313350223314e+03
5022	4.591138219741631e+03
5023	2.402136566091555e+03
5024	2.826588262688468e+03
5025	7.182153046246187e+02
5026	1.436250013552808e+03
5027	8.906519162378526e+02
5028	2.694881252397820e+03
5029	6.263807623287493e+02
5030	1.467928678610785e+03
5031	3.933316079180609e+02
5032	2.011463005016797e+03
5033	1.201289560777064e+03
5034	4.597863847652830e+02
5035	1.274422245726699e+03
5036	1.068470805968330e+03
5037	6.056900174686588e+02
5038	5.666853850977706e+02
5039	7.076363171207448e+02
5040	1.788711213959857e+03
5041	3.551993020267734e+02
5042	7.394257467736122e+02
5043	1.527954149932839e+03
5044	4.879112354572235e+02
5045	9.407672164468680e+02
5046	1.212910756400294e+03
5047	5.543795679068472e+02
5048	1.700160727407403e+03
5049	3.648517401852177e+02
5050	9.403939430988929e+02
5051	1.104380329288478e+03
5052	1.179063077682832e+03
5053	5.986992135477667e+02
5054	5.342246772616232e+02
5055	8.915084655289353e+02
5056	1.616477095338134e+03
5057	4.246957390355837e+02
5058	7.177070488815955e+02
5059	8.948583853115180e+02
5060	3.491021953195323e+03
5061	6.821945435650803e+02
5062	3.978028410571090e+03
5063	6.543170865538268e+02
5064	1.515859309568929e+03
5065	2.605123414573504e+02
5066	2.234098764786367e+03
5067	5.447500569823379e+02
5068	3.275081667941834e+03
5069	3.838349681562815e+02
5070	3.867175047905401e+02
5071	1.328576770063724e+03
5072	3.373486879235114e+02
5073	2.950415733072427e+03
5074	2.221402358824880e+03
5075	6.311953525531818e+02
5076	5.287639432879606e+02
5077	7.964685348849459e+02
5078	9.721988084201539e+02
5079	9.778830878576099e+02
5080	2.515655978491900e+03
5081	6.912617411544070e+02
5082	7.334203558876749e+02
5083	1.043998522115172e+03
5084	4.977291368276105e+02
5085	1.751283240536240e+03
5086	7.358437427133662e+02
5087	2.523127799965115e+03
5088	7.402067416416119e+02
5089	8.282618664424332e+02
5090	2.150670123257720e+03
5091	1.121242313167557e+03
5092	6.094231719421571e+02
5093	9.629727007296572e+02
5094	5.913934886066801e+02
5095	1.608381752237814e+03
5096	1.348104080520102e+03
5097	9.736911926889920e+02
5098	2.625392076662668e+02
5099	2.240834234116367e+03
5100	7.337687306589781e+02
5101	8.276693286384810e+02
5102	8.187012700301957e+02
5103	4.468489495055655e+02
5104	1.423095788826757e+03
5105	4.827686110790676e+02
5106	6.049461752556799e+02
5107	1.697790859078675e+03
5108	5.454913124767141e+03
5109	7.521488926997774e+02
5110	1.777218999248502e+03
5111	9.722349323226525e+02
5112	5.705736273829415e+02
5113	8.912853555454192e+02
5114	3.268897200892372e+02
5115	1.327589731885321e+03
5116	1.400847596335074e+03
5117	4.671912221430498e+02
5118	5.179673683371487e+02
5119	1.801751386501580e+03
5120	4.860785776951320e+02
5121	4.410387112365863e+02
5122	6.581185055429207e+02
5123	4.345625121512691e+02
5124	1.971315389391900e+03
5125	6.685511558754428e+02
5126	7.144114496562504e+02
5127	5.988747634099317e+02
5128	3.356419327106707e+02
5129	5.981664873711468e+02
5130	1.878632617194966e+03
5131	4.875097162960757e+03
5132	6.612151994249012e+02
5133	2.892476574469733e+02
5134	2.159076180079655e+03
5135	1.532570562829103e+03
5136	2.434914579283551e+03
5137	8.137772299518914e+02
5138	4.968227155316216e+02
5139	2.251729041957997e+02
5140	7.954155769751382e+02
5141	1.021500287123547e+03
5142	1.523199564580674e+03
5143	2.480326599923191e+02
5144	1.219005657405751e+03
5145	3.445187733269581e+02
5146	6.452389282060869e+02
5147	9.684572656460971e+02
5148	5.740842433082834e+02
5149	3.144994493870362e+02
5150	1.683019313814117e+03
5151	7.102699463849957e+02
5152	2.192107160397731e+03
5153	7.925995666397546e+02
5154	1.080163980962493e+03
5155	2.651283718081625e+03
5156	1.608204509872880e+03
5157	2.105972190291714e+03
5158	1.920326541214389e+03
5159	1.288591608649247e+03
5160	5.448741276004187e+02
5161	1.522366180630880e+03
5162	7.144674043251548e+02
5163	1.205878965849741e+03
5164	2.372525643329163e+03
5165	1.848881867523732e+03
5166	2.540149579425269e+02
5167	5.337650850859433e+02
5168	5.072075725026569e+02
5169	8.258922609156014e+02
5170	1.073672855025418e+03
5171	8.571889292428236e+02
5172	5.265949701866928e+03
5173	1.555250375140121e+03
5174	4.487393180224049e+02
5175	4.173562235093092e+02
5176	2.056303705791166e+03
5177	2.738514264326214e+03
5178	5.039105374118110e+02
5179	7.230200115574014e+02
5180	1.947048748787416e+03
5181	7.118060625577981e+02
5182	4.637155348164443e+02
5183	2.066080666527900e+03
5184	9.363928285428156e+02
5185	7.439215576228717e+02
5186	8.126286715516611e+02
5187	1.376926652082580e+03
5188	2.866794949018191e+02
5189	1.652593815090488e+03
5190	1.282217745469814e+03
5191	3.315971719700632e+02
5192	2.459989077415978e+02
5193	2.323435595657799e+03
5194	1.374996904159697e+03
5195	4.117437120981271e+02
5196	6.959394935304474e+02
5197	1.337558483304366e+03
5198	5.577716698591414e+02
5199	6.939894764405310e+02
5200	1.406411841194516e+03
5201	6.079893294406046e+02
5202	2.457116813022812e+03
5203	2.628207409824249e+03
5204	6.414653861373166e+02
5205	6.907088403998780e+02
5206	6.260816617145997e+02
5207	1.229638822858369e+03
5208	1.351114675243430e+03
5209	1.049424211260185e+03
5210	8.026301058397227e+02
5211	8.036921462698916e+02
5212	1.405488385144494e+03
5213	8.518435353085969e+02
5214	4.691718404415471e+02
5215	3.971349785534632e+02
5216	1.272169954578253e+03
5217	1.233160133929237e+03
5218	5.769812511188067e+02
5219	1.876263465798089e+03
5220	1.651299235497290e+03
5221	8.579039480935838e+02
5222	5.518849068623623e+02
5223	3.500002786313520e+02
5224	7.672460819237029e+02
5225	1.464776253283805e+03
5226	1.288307651645868e+03
5227	8.325051799334504e+02
5228	3.366773209141141e+02
5229	1.127067416433150e+03
5230	9.782570963456820e+02
5231	3.428049149594091e+03
5232	1.319533386056291e+03
5233	8.928019955325323e+02
5234	1.056450792794656e+03
5235	6.316896187131040e+02
5236	6.946044512972582e+02
5237	1.218816603817620e+03
5238	1.245298568475109e+03
5239	2.529314711833049e+03
5240	8.190794492088514e+02
5241	1.503726091543712e+03
5242	1.335718297233290e+03
5243	5.128967426922561e+02
5244	4.971254726498273e+03
5245	4.537863163590308e+02
5246	4.157008481590670e+02
5247	8.471987864962736e+02
5248	1.131457170366906e+03
5249	5.058457407126451e+01
5250	2.880958495892075e+02
5251	3.368498056254214e+03
5252	4.528214318368337e+02
5253	2.091269905968890e+02
5254	5.312021544553717e+02
5255	1.183251774316622e+03
5256	1.745804697908277e+03
5257	3.552690890710469e+02
5258	1.025793885208616e+03
5259	9.502542147077367e+02
5260	8.744618766382345e+02
5261	1.334496237903978e+03
5262	1.343942115589046e+03
5263	1.716115521950530e+03
5264	5.775895410745073e+02
5265	3.418852699265919e+03
5266	3.796160443951183e+02
5267	1.459967083581146e+03
5268	4.645661930051917e+02
5269	3.670859477013003e+02
5270	1.223787085161797e+03
5271	4.183301771885598e+02
5272	8.804683597170101e+02
5273	8.738650331253726e+02
5274	4.806504403183677e+02
5275	8.337342027781091e+02
5276	1.360951310728706e+03
5277	1.113561134275368e+03
5278	5.281782676621099e+02
5279	6.746362314895579e+02
5280	8.127946349561514e+02
5281	1.408902560491044e+03
5282	8.728597283230616e+02
5283	6.740554057081442e+02
5284	6.803157087278051e+02
5285	1.652233682144923e+03
5286	1.719156823128029e+03
5287	2.208305377304222e+02
5288	6.698900310479274e+02
5289	6.252152496979426e+02
5290	5.379097683220268e+02
5291	5.899108831095666e+02
5292	9.194367335451805e+02
5293	1.274285794484495e+03
5294	6.088704913704578e+02
5295	1.112880178437213e+03
5296	1.989381220877945e+02
5297	3.553887908456785e+02
5298	8.941835080341629e+02
5299	6.170338557137702e+02
5300	9.202696931551957e+02
5301	2.942504756880182e+02
5302	4.980153122427895e+02
5303	1.197577833126569e+03
5304	4.508920382389604e+02
5305	5.917424574588491e+02
5306	1.179578258802946e+03
5307	4.367219707441878e+02
5308	6.417797758824538e+02
5309	3.375721741662568e+02
5310	1.319437251635964e+03
5311	1.194755049905516e+03
5312	2.754966738888276e+02
5313	9.765303965987471e+02
5314	1.077739035672295e+03
5315	2.281171446655733e+03
5316	1.207073523414962e+03
5317	3.096723731176855e+02
5318	4.902098591729756e+03
5319	3.708661520846412e+02
5320	1.502517459795712e+03
5321	5.812876145814129e+02
5322	8.468351560141354e+02
5323	2.021350272770882e+03
5324	1.328569040091856e+03
5325	4.278215491615890e+02
5326	8.926862418426567e+02
5327	1.114861836292356e+03
5328	7.463598423850505e+02
5329	4.828300164213627e+02
5330	2.325053277882707e+03
5331	7.624022002081530e+02
5332	2.140574262755852e+03
5333	6.563443133340403e+02
5334	5.456550955953061e+03
5335	1.472660480945276e+03
5336	8.441249839130587e+02
5337	4.339377166514853e+02
5338	5.491389223585110e+02
5339	2.820094896890918e+03
5340	9.279134507658738e+02
5341	8.483570395442589e+02
5342	4.571462533094859e+02
5343	4.024444178975357e+02
5344	2.120890739318160e+03
5345	3.768758055401610e+03
5346	6.743314058956566e+02
5347	1.716003640168820e+03
5348	7.054322191048551e+02
5349	1.122524386813784e+03
5350	9.125440201483385e+02
5351	1.619071502549422e+03
5352	8.342110667335739e+02
5353	6.298757913423095e+02
5354	4.232663967250004e+02
5355	2.225562642742597e+03
5356	2.847659114985670e+03
5357	6.937329191212672e+02
5358	8.218169163626590e+02
5359	4.757209949074643e+02
5360	2.872983429276579e+02
5361	7.169865624535331e+02
5362	2.513042490671038e+03
5363	8.778312886228124e+02
5364	3.475816300314868e+02
5365	8.339472407835898e+02
5366	7.285486022981183e+02
5367	6.893413368485047e+02
5368	1.833371026625897e+03
5369	1.254278449644040e+03
5370	1.359559681524591e+03
5371	2.903270693074724e+03
5372	6.672777392989705e+02
5373	9.226575878601077e+02
5374	5.828172195698706e+02
5375	2.213473221700319e+02
5376	1.928867573842394e+03
5377	1.612444559809446e+02
5378	8.564661919547581e+02
5379	1.224859673568758e+02
5380	1.070172235684604e+03
5381	1.318915039204879e+03
5382	2.385856482853204e+03
5383	8.907587562621600e+02
5384	8.746157895475146e+02
5385	2.273494573226048e+03
5386	8.583816655347398e+02
5387	4.832110696632535e+02
5388	3.510417580165590e+02
5389	5.155913568873034e+02
5390	5.875061325554011e+02
5391	1.072141002789839e+03
5392	2.338459737156374e+03
5393	2.269189652042226e+02
5394	1.971495065678830e+03
5395	5.287954945092689e+02
5396	1.271788242329568e+03
5397	5.642205797031824e+02
5398	1.219884877780680e+03
5399	1.249834906945321e+03
5400	5.214036959788715e+02
5401	8.736850593773244e+02
5402	2.190989201326552e+03
5403	2.879317092530652e+02
5404	3.103747378377816e+03
5405	5.355891294123089e+02
5406	2.486071379057804e+03
5407	3.400253072482639e+02
5408	1.598317110343495e+03
5409	1.135534993851977e+03
5410	1.623663797547867e+03
5411	7.933436950890501e+02
5412	5.789573310523357e+02
5413	1.417341482653416e+03
5414	1.656566416359514e+03
5415	7.567014024129005e+02
5416	4.851678734619229e+02
5417	5.402129919041043e+02
5418	2.914294749625411e+03
5419	7.995325435647025e+02
5420	9.615155933230128e+02
5421	3.455593711612318e+02
5422	8.984205134487178e+02
5423	2.160678531178864e+02
5424	1.420153064678352e+03
5425	3.428858195520388e+02
5426	8.434018890638549e+02
5427	1.527133016934800e+03
5428	1.644433704673809e+03
5429	9.192157415978237e+02
5430	2.448334230503308e+02
5431	2.438595858947046e+03
5432	1.705627193716205e+03
5433	1.861113790277434e+03
5434	9.220097758503051e+02
5435	6.616154238032512e+02
5436	7.510383216747194e+03
5437	1.304467894812628e+03
5438	1.521964535333673e+03
5439	6.323528958942453e+02
5440	6.846049304039008e+02
5441	4.980723781986250e+02
5442	5.365532510827375e+02
5443	5.134093822519598e+02
5444	1.948320941428778e+02
5445	5.198076965169019e+03
5446	4.576137727371802e+02
5447	2.118133979889701e+03
5448	3.451072671925443e+02
5449	4.723073472423270e+02
5450	2.731979379285725e+02
5451	2.166456727649639e+03
5452	6.680443114952727e+02
5453	8.626289926479109e+02
5454	6.498238940150186e+02
5455	1.060333984483696e+03
5456	3.359172520664998e+02
5457	6.335719902804086e+02
5458	1.025226289999626e+03
5459	5.021942366837513e+02
5460	6.931080010849747e+02
5461	7.795305515727297e+02
5462	2.733249721301019e+02
5463	5.109458851070939e+02
5464	3.499011409725254e+02
5465	9.062936462651452e+02
5466	4.951855581608822e+02
5467	6.519669745222285e+02
5468	6.430640643144886e+02
5469	1.134458997732809e+03
5470	1.028111218684853e+03
5471	1.052602754154947e+03
5472	6.282547971514869e+02
5473	6.401403957430855e+02
5474	4.007154340553539e+02
5475	3.388579459104173e+02
5476	5.918602464811153e+02
5477	3.770990324014730e+02
5478	9.175765068364557e+02
5479	2.153032950764069e+03
5480	1.096775582025581e+03
5481	1.364436361173506e+03
5482	5.904333071788539e+02
5483	2.363212843059774e+03
5484	1.619650053603180e+03
5485	1.116305846027202e+03
5486	1.119764056838925e+03
5487	1.295832436923605e+03
5488	4.499747587684586e+02
5489	5.296914587204886e+02
5490	1.720483814920706e+03
5491	6.075346353150895e+02
5492	1.046240693833111e+03
5493	3.907144427173128e+01
5494	5.303309308556173e+02
5495	4.972237688670399e+01
5496	6.836081287449354e+02
5497	2.974940287529359e+03
5498	5.742805782172516e+02
5499	6.736388288115405e+02
5500	7.040509490864887e+02
5501	3.686654922140417e+02
5502	1.092813715939371e+03
5503	1.688528716146140e+03
5504	3.364872274679543e+02
5505	1.465743025212326e+03
5506	5.489434921430579e+02
5507	3.325013519641249e+03
5508	2.685403334688980e+03
5509	1.300065283906738e+03
5510	3.239023344113551e+02
5511	6.666135499660668e+02
5512	1.226532214094201e+03
5513	2.324753970587461e+03
5514	2.752168970454878e+02
5515	4.387927147075703e+02
5516	6.124334434220698e+02
5517	1.241279587399583e+03
5518	7.735421297051713e+02
5519	1.414947235476619e+03
5520	6.442613159253481e+02
5521	1.551738101121433e+03
5522	1.473326140559040e+03
5523	8.619724995498041e+02
5524	7.278406142310901e+02
5525	1.135829955052953e+03
5526	1.536572321047628e+03
5527	6.449953412570109e+02
5528	1.819667521120230e+03
5529	7.209735000391665e+02
5530	1.130018343658013e+03
5531	1.248154691061824e+03
5532	5.011937060114957e+02
5533	1.221618583960802e+03
5534	3.389818077818108e+02
5535	1.146040865398628e+03
5536	2.641393226298426e+03
5537	4.626566873835031e+02
5538	1.573930086891003e+03
5539	1.515269277205673e+03
5540	1.464225276122680e+03
5541	1.018282614636414e+03
5542	5.575279323661664e+02
5543	4.835944087902632e+02
5544	6.690872777594955e+02
5545	5.921637439809185e+02
5546	1.782758271120307e+03
5547	5.648037712604518e+02
5548	5.631437692920166e+02
5549	9.559085031705094e+02
5550	6.248374430450522e+02
5551	4.927024582552502e+02
5552	8.116127544986099e+02
5553	3.575972637608128e+02
5554	6.774772311812383e+02
5555	1.096068420621877e+03
5556	1.370507817246120e+03
5557	1.219523962553267e+03
5558	2.299324197680066e+02
5559	1.115846990036071e+03
5560	6.033258875108273e+02
5561	1.264254495740349e+03
5562	1.688985788869837e+03
5563	4.534539610413572e+02
5564	1.993865877751770e+03
5565	1.528627727094666e+03
5566	7.986262466700716e+02
5567	3.450595228583398e+02
5568	1.917075120929386e+03
5569	4.748702160613900e+02
5570	1.515888854486695e+03
5571	8.339774463765975e+02
5572	5.214242735782149e+02
5573	5.415475990529904e+02
5574	2.422842066854059e+02
5575	1.426455433792544e+03
5576	9.923965873592540e+02
5577	2.942117221545109e+03
5578	2.160647893225982e+03
5579	1.534245072049429e+03
5580	2.863778142591163e+03
5581	1.053745787339825e+03
5582	7.982726054339034e+02
5583	7.658060842600581e+02
5584	6.457190789325131e+02
5585	7.310605593050351e+02
5586	1.588367942386071e+03
5587	5.590650023814576e+02
5588	2.502196922220800e+02
5589	5.475484642740400e+02
5590	2.970319445289986e+02
5591	2.155480569467622e+03
5592	3.657866655298608e+03
5593	8.493507072941439e+02
5594	3.099847349039495e+02
5595	1.164241099530038e+03
5596	1.564314588313441e+03
5597	1.017301014422579e+03
5598	2.096022377048191e+02
5599	4.709236729638176e+02
5600	9.564058612230004e+02
5601	6.204712862723294e+02
5602	2.841068493857313e+03
5603	9.922663626186380e+02
5604	4.374106556531124e+02
5605	1.184717713418936e+03
5606	4.004777084237365e+02
5607	4.594957134520013e+02
5608	9.182265501910039e+02
5609	1.222639894415899e+03
5610	1.052461180900834e+03
5611	2.934211164067547e+02
5612	2.043149065439390e+03
5613	3.704632483628536e+02
5614	1.384584141574890e+03
5615	9.857822441965573e+02
5616	3.886862561219140e+02
5617	1.138617791991795e+03
5618	2.588753408904469e+02
5619	1.682340041485342e+02
5620	6.637813076221015e+02
5621	8.373176063928782e+02
5622	1.044577174616512e+03
5623	5.938246812685049e+02
5624	4.707421805869214e+02
5625	9.381091937033736e+02
5626	7.174367096072770e+02
5627	2.896275778350860e+02
5628	8.867432045629473e+02
5629	3.698235162746523e+02
5630	1.658155149579482e+03
5631	5.541959410558318e+02
5632	1.507918954343674e+03
5633	7.044839992864539e+02
5634	8.433737139742099e+02
5635	5.969737731604812e+02
5636	9.225890692216524e+02
5637	6.707422558209468e+02
5638	1.289036030924844e+03
5639	7.746551828908671e+02
5640	7.001503858970024e+02
5641	1.194521011666531e+03
5642	1.324497312691875e+03
5643	2.554872455111336e+03
5644	2.664057053003075e+03
5645	3.223769067786666e+02
5646	4.565003527465468e+02
5647	7.443076754084238e+02
5648	6.111809062315762e+02
5649	1.584777301488003e+03
5650	1.099976574364673e+03
5651	1.063457898935610e+03
5652	1.272418867437914e+03
5653	5.441975487456622e+02
5654	1.403427147876510e+03
5655	1.068585207245739e+03
5656	2.214260904357189e+03
5657	5.490184141255277e+02
5658	8.890125648378963e+02
5659	9.092385021186020e+02
5660	1.129372363551189e+03
5661	7.745589144273629e+02
5662	1.034880514440835e+03
5663	1.136110915828936e+03
5664	9.041039985499382e+02
5665	7.704538316383116e+02
5666	1.183061213007007e+03
5667	1.739672389073138e+03
5668	5.002864185068674e+02
5669	1.157723929096366e+03
5670	5.093225945963642e+02
5671	6.020667475628399e+03
5672	3.199682812766297e+02
5673	6.694542030918675e+02
5674	3.570400463108747e+02
5675	1.621676781781560e+03
5676	1.461172763906252e+03
5677	5.443174642911273e+02
5678	3.962416460905879e+02
5679	7.283315485816870e+02
5680	2.657513090556442e+03
5681	1.449634017182221e+03
5682	3.418498728896438e+02
5683	4.389980207246181e+02
5684	5.228005923276809e+02
5685	5.825573345441605e+02
5686	7.394384184016915e+02
5687	4.907446878853653e+02
5688	2.352129494418190e+03
5689	4.426384499082322e+02
5690	4.187292042595244e+02
5691	2.063186203554725e+03
5692	1.972645751972152e+03
5693	6.209129648925201e+02
5694	7.843141431338800e+02
5695	2.479763462180907e+03
5696	6.173887737357447e+02
5697	1.273084497069668e+03
5698	7.084318032507881e+02
5699	4.863706541606910e+02
5700	3.379879013191400e+02
5701	9.753548984501955e+02
5702	5.318436801478492e+02
5703	7.627304031139240e+02
5704	2.206179558647923e+03
5705	6.930812342230004e+02
5706	5.757360551446830e+02
5707	7.410598683727859e+02
5708	1.992983233518921e+03
5709	1.701402065713639e+03
5710	4.125283389359765e+02
5711	4.670300890489789e+02
5712	8.121589841078976e+02
5713	6.241007410217371e+02
5714	5.764171261811620e+02
5715	2.032929810225161e+03
5716	6.162931969634049e+02
5717	4.814874736827661e+02
5718	3.564466586448260e+02
5719	2.654802140372245e+03
5720	1.831643390575148e+03
5721	3.713744222246277e+02
5722	1.547750589953659e+03
5723	2.767955775348088e+02
5724	3.926795115348407e+02
5725	8.785687850815368e+02
5726	4.383902223500289e+02
5727	3.252456567311565e+02
5728	5.317029337775981e+02
5729	1.307817721487954e+03
5730	7.600283417127791e+02
5731	9.360228853344468e+02
5732	7.388181798865039e+02
5733	5.833773010400912e+02
5734	6.660370522345651e+02
5735	5.603732632459155e+02
5736	4.853411730123349e+03
5737	7.238335534747099e+02
5738	1.020361133411566e+03
5739	3.232512706653806e+02
5740	9.898870655302762e+02
5741	8.501143407661779e+02
5742	7.329828785227327e+02
5743	1.549045545707911e+03
5744	1.094823531209807e+03
5745	1.026088389803145e+03
5746	4.276101604739851e+02
5747	1.650439798483388e+03
5748	5.510589712265767e+02
5749	8.524318583802235e+02
5750	2.902789768949306e+02
5751	6.819023178936385e+02
5752	7.250847920841501e+02
5753	8.934806501265492e+02
5754	5.404357104598873e+01
5755	4.411196087143688e+02
5756	1.283734007525636e+03
5757	9.835366236994893e+02
5758	9.339598734475906e+02
5759	6.330892855271705e+02
5760	2.062853461461455e+03
5761	3.326311188453007e+02
5762	1.579772551548102e+03
5763	1.294692319177105e+03
5764	8.857364256343358e+02
5765	1.046981243262817e+03
5766	1.797418446720569e+03
5767	6.089512423520589e+02
5768	9.780167218234388e+02
5769	6.933817926230010e+02
5770	4.042101982935203e+02
5771	3.542107494450663e+02
5772	1.834138332101927e+03
5773	2.668016275510179e+02
5774	1.234309646897834e+03
5775	4.891607477105010e+02
5776	2.174723198290854e+03
5777	1.694802533111955e+03
5778	4.387867711211210e+02
5779	5.640629313839073e+02
5780	4.091517427465360e+02
5781	3.819229054488885e+02
5782	6.495208669307870e+02
5783	4.976918146893002e+02
5784	1.664344946560914e+03
5785	2.290179911278421e+02
5786	4.290724594321770e+02
5787	8.085923458763511e+02
5788	3.545988214986022e+02
5789	7.971465413089867e+02
5790	9.753647815195484e+02
5791	3.424162924984786e+02
5792	5.925901918609743e+02
5793	1.137271097228996e+03
5794	5.163374148354303e+02
5795	4.392917593443746e+02
5796	8.824501408156500e+02
5797	3.173997866594424e+02
5798	6.385995174110486e+02
5799	1.529513661032618e+03
5800	8.660360692007580e+02
5801	1.525030001891504e+03
5802	6.572596736458028e+02
5803	3.816842206217337e+02
5804	4.910876481526644e+02
5805	1.338430666772827e+03
5806	1.097192029745791e+03
5807	8.150053139274036e+02
5808	1.087821991695812e+03
5809	7.385479776576367e+02
5810	1.046386894457112e+03
5811	1.127415769805557e+03
5812	2.731718678453682e+02
5813	2.432007254797576e+02
5814	9.341836175343292e+02
5815	7.179914893770051e+02
5816	9.636916731069980e+02
5817	9.116387140050962e+02
5818	6.249508194138421e+02
5819	5.265501181075034e+02
5820	6.609655509934382e+02
5821	4.734428835737621e+02
5822	9.930258583894066e+02
5823	4.613475918962707e+02
5824	5.843578077506828e+02
5825	8.574035932255489e+02
5826	3.969583547723274e+02
5827	1.521961361577387e+03
5828	2.268259119155523e+03
5829	1.526095454826118e+02
5830	7.861161107339238e+02
5831	7.111083839430607e+02
5832	5.518118214365053e+02
5833	2.732735542110912e+03
5834	1.203129661221426e+03
5835	6.748721395531479e+02
5836	5.232452410225351e+02
5837	3.149771206221928e+02
5838	5.730700595124836e+02
5839	2.608144015595912e+02
5840	5.359711267219919e+02
5841	5.751910919633166e+02
5842	4.738195763029288e+02
5843	7.332034865624888e+02
5844	7.905200405594650e+02
5845	1.226097818915866e+03
5846	4.330039667323749e+02
5847	6.705047761395612e+02
5848	2.343061862324953e+02
5849	2.591258570966883e+03
5850	1.206463606661466e+03
5851	3.534479670907278e+02
5852	5.897317469861341e+02
5853	4.937680962342936e+02
5854	2.430458815025997e+02
5855	6.735968264165319e+02
5856	6.203102041066637e+02
5857	1.107152928707445e+03
5858	1.356278422166020e+03
5859	4.872663578449892e+02
5860	9.739517000775475e+02
5861	4.607214780346974e+02
5862	8.123575682186844e+02
5863	1.457916449422285e+03
5864	6.298799097462037e+02
5865	8.158950230856026e+02
5866	5.059043539960997e+02
5867	7.973173329321162e+02
5868	4.496385443689020e+02
5869	1.741990365531464e+02
5870	1.275640883755118e+03
5871	2.597913076400132e+02
5872	7.196195402754125e+02
5873	8.815616562142991e+02
5874	2.489945909366227e+02
5875	3.286419646772919e+02
5876	1.256927097414472e+03
5877	1.818042374995217e+03
5878	6.831031626966425e+02
5879	6.071173885070421e+02
5880	1.041426897721113e+03
5881	1.546278903481841e+03
5882	1.045634430490392e+03
5883	7.141928305711805e+02
5884	1.984665206064991e+02
5885	4.449635409591881e+02
5886	7.117171904608751e+02
5887	9.134224783057293e+02
5888	5.828761197811313e+02
5889	5.751649205676833e+02
5890	5.774483882958807e+02
5891	6.047308360270380e+02
5892	4.281356633180268e+02
5893	3.991519197985440e+02
5894	1.175221361787947e+03
5895	2.282709939582695e+03
5896	1.272359064183742e+03
5897	1.010855180600151e+03
5898	8.418111517316962e+02
5899	1.567890900984558e+03
5900	2.981138949119930e+02
5901	8.684412837708098e+02
5902	4.643579716967623e+02
5903	9.497348824072888e+02
5904	9.606556685219211e+02
5905	9.422824960901946e+02
5906	6.181678883460029e+02
5907	2.858548385844714e+02
5908	4.199843161974877e+02
5909	1.133190920849438e+03
5910	5.188591345761087e+02
5911	1.045229716373048e+03
5912	2.131686446043839e+03
5913	2.066597047124009e+03
5914	6.906007107350955e+02
5915	2.271723449363350e+03
5916	7.261639896362949e+02
5917	3.261144161060450e+03
5918	9.008047101341741e+02
5919	1.913715401873865e+03
5920	4.231474728810010e+02
5921	6.686520932936879e+02
5922	6.400027763519483e+02
5923	3.864180544296398e+02
5924	2.878154004916608e+02
5925	4.393975104441365e+02
5926	4.024041898044094e+02
5927	6.821685686261113e+02
5928	1.209658101561097e+03
5929	6.097762827004447e+02
5930	6.650178166321610e+02
5931	7.910409417645146e+02
5932	4.305460321454092e+02
5933	3.027178855265632e+03
5934	5.079660081898150e+02
5935	2.737509527857864e+02
5936	2.944065498086098e+03
5937	2.109896853733310e+03
5938	7.528247160113709e+02
5939	1.921351490712101e+02
5940	2.956803351678610e+03
5941	9.241341736252289e+02
5942	9.329598314377585e+02
5943	7.275096257037948e+02
5944	9.767990905507563e+02
5945	5.721491478534647e+02
5946	6.840266584436921e+02
5947	3.013821361015404e+03
5948	1.124061501343798e+03
5949	2.769637224107687e+03
5950	4.083497294985936e+02
5951	2.047617927229944e+03
5952	3.993991188129575e+02
5953	2.041018616384325e+03
5954	1.373597220080368e+03
5955	8.979429777474256e+02
5956	5.284830445596627e+02
5957	6.065274152499393e+02
5958	9.020668466304340e+02
5959	3.947619666389652e+02
5960	3.880811107503389e+03
5961	9.317966364489288e+02
5962	3.057530649060118e+03
5963	7.310334086922170e+02
5964	8.242819380855261e+02
5965	2.405707651450320e+03
5966	1.533593810076474e+03
5967	7.136951623522648e+02
5968	7.808754864448912e+02
5969	2.336914972819835e+02
5970	3.771223641981080e+02
5971	6.528525383409052e+02
5972	1.279308898113200e+03
5973	1.230792210677575e+03
5974	2.230837297988094e+03
5975	5.071474985295890e+02
5976	2.155359240907794e+02
5977	9.824976324053549e+02
5978	3.364968112321660e+03
5979	3.489867721385482e+02
5980	5.118466233417071e+02
5981	1.102208197827975e+03
5982	1.329360414352999e+03
5983	4.624396728326963e+02
5984	7.174863483616973e+02
5985	6.073904523706420e+02
5986	3.741954678700803e+02
5987	1.040767252732226e+03
5988	1.062628018080863e+03
5989	6.921109768871922e+02
5990	1.705501540789142e+03
5991	9.455931693277507e+02
5992	8.425236256567127e+02
5993	5.401530648695393e+02
5994	3.256230499765247e+03
5995	3.172936202409308e+02
5996	2.764863004297250e+02
5997	3.837014232550257e+03
5998	6.247221551490713e+02
5999	2.171892812938356e+02
6000	8.325659932795722e+02
6001	1.853580625945516e+03
6002	3.165509976604502e+03
6003	6.936085007471678e+02
6004	1.430861855107902e+03
6005	6.074612747882505e+02
6006	9.221105426780040e+02
6007	9.454152388827516e+02
6008	4.789295874911494e+02
6009	7.792014840393855e+02
6010	1.818245442089341e+03
6011	3.001642676838852e+02
6012	6.556848643592764e+02
6013	3.906732234526154e+02
6014	3.350690693998679e+02
6015	1.316062824668560e+03
6016	1.093534836712769e+03
6017	3.442732177373671e+02
6018	3.612911271610571e+02
6019	8.406756021180847e+02
6020	7.222500649431908e+02
6021	2.157869808326853e+03
6022	1.543762257323953e+03
6023	5.930397896617233e+02
6024	1.077466673058388e+03
6025	4.478680835532844e+03
6026	1.609857969393024e+02
6027	4.908329974624820e+02
6028	2.289515337778186e+03
6029	3.691580415146481e+02
6030	5.908921205454103e+02
6031	8.174577788225102e+02
6032	4.237380577049779e+02
6033	5.046698590463835e+02
6034	7.087842032184876e+02
6035	5.418949380965560e+02
6036	9.527517106415787e+02
6037	4.396459963032937e+02
6038	4.090046297533975e+02
6039	1.509014990222339e+03
6040	2.473730742909344e+03
6041	9.948313773818095e+02
6042	8.730098093482271e+02
6043	3.872582439466822e+02
6044	1.109493736324790e+03
6045	6.738459783429187e+02
6046	6.744894608763910e+02
6047	3.925663654543482e+02
6048	1.234926290993388e+03
6049	4.056604721636615e+02
6050	6.244968969165606e+02
6051	1.237753643366865e+03
6052	7.961251187181732e+02
6053	2.657210068588391e+02
6054	7.223523153026529e+02
6055	5.897071194929347e+02
6056	1.346255279254134e+03
6057	7.290142883090887e+02
6058	4.610738240410496e+02
6059	6.867059161718474e+02
6060	8.471121319547292e+02
6061	3.154238539441712e+02
6062	9.050754643928756e+02
6063	1.631697127334578e+03
6064	1.937435423990223e+02
6065	9.667521302708623e+02
6066	1.225725283972571e+03
6067	6.857296544241025e+02
6068	3.617710138331800e+02
6069	1.082311635409584e+03
6070	2.524971928972872e+02
6071	2.774084851558408e+02
6072	6.988497390139801e+02
6073	6.612810683825064e+02
6074	6.463794315594432e+02
6075	1.883252237752304e+03
6076	6.078983661501895e+02
6077	1.193029301058335e+03
6078	3.621643720309260e+02
6079	5.847947819726095e+02
6080	8.944260983290188e+02
6081	1.673081673191066e+03
6082	3.949089708532326e+02
6083	2.249837031993607e+02
6084	1.083051577661445e+03
6085	6.963850999651947e+02
6086	6.272640259011023e+02
6087	2.188197468505393e+02
6088	1.736167343283899e+03
6089	6.991395898759881e+02
6090	1.339648840077997e+03
6091	2.628891658587751e+02
6092	1.910532763799252e+03
6093	1.364034374829253e+03
6094	6.356160608015026e+02
6095	6.836039928990282e+02
6096	1.016377981998788e+03
6097	6.895268889476654e+02
6098	8.694871935603275e+02
6099	5.307876143101114e+02
6100	1.469746794630070e+03
6101	2.069703119370663e+03
6102	2.666716678592208e+03
6103	1.699275411667402e+03
6104	4.099656114430856e+02
6105	2.642202299019667e+02
6106	8.879104708745558e+02
6107	3.459364606543998e+02
6108	3.270716587193235e+02
6109	1.347025294269374e+03
6110	5.416986738677195e+02
6111	2.407742997954307e+02
6112	2.608387113568776e+03
6113	7.601268987483672e+02
6114	3.920633249248111e+02
6115	4.130308000634795e+03
6116	7.595303321449758e+02
6117	6.220083761026500e+02
6118	1.106742662621765e+03
6119	3.248956451161201e+02
6120	2.392260767826574e+03
6121	7.183190778974248e+02
6122	3.669414699345086e+02
6123	1.252281616399292e+03
6124	1.445919555249436e+03
6125	9.054920919221756e+02
6126	2.556562225923595e+03
6127	8.842852395366962e+02
6128	4.376703414386309e+02
6129	5.966084809336948e+02
6130	7.522547628000368e+02
6131	4.023583833005676e+02
6132	3.232353404764343e+02
6133	5.049176855009051e+02
6134	4.561719151387344e+02
6135	6.076608059589425e+02
6136	5.187536239149505e+02
6137	1.613504398962051e+03
6138	3.606019024568072e+02
6139	4.602706479971670e+02
6140	4.859475824381469e+02
6141	1.719956693310726e+03
6142	6.931043692524271e+02
6143	9.891503669935968e+02
6144	7.451159873824203e+02
6145	1.038422544247547e+03
6146	9.307120720827694e+02
6147	9.511092286380824e+02
6148	1.884606149597224e+03
6149	3.943653356694938e+02
6150	6.319207924993809e+02
6151	6.443324374526167e+02
6152	9.572951565848381e+02
6153	5.347694520875416e+02
6154	2.957793568380418e+02
6155	1.476487642353539e+02
6156	2.343340746928631e+02
6157	3.556417143231562e+02
6158	2.388901310814477e+02
6159	7.173434154992798e+02
6160	9.590896986823567e+01
6161	5.226411339782805e+02
6162	7.709693233829174e+02
6163	3.298803123558168e+02
6164	1.230572805945481e+03
6165	3.446135332357661e+02
6166	1.117155401608778e+03
6167	1.192407827872840e+03
6168	5.223848847134325e+02
6169	1.477454399177922e+03
6170	7.036034291744886e+02
6171	4.849666329993206e+02
6172	8.818280845993718e+02
6173	1.176018119766172e+03
6174	7.405393064245450e+02
6175	8.064846572602122e+02
6176	1.373469838549209e+03
6177	1.115593665775443e+03
6178	1.047378027771109e+03
6179	4.966749918364497e+02
6180	1.202016857325907e+03
6181	4.104887851061996e+03
6182	4.100601063833077e+02
6183	8.972490305523240e+02
6184	1.309042355433103e+03
6185	5.947014770119341e+02
6186	3.534923175827815e+02
6187	4.289616412256995e+02
6188	1.269828676002616e+03
6189	9.551753179381445e+02
6190	3.395408650287097e+02
6191	2.043127598720152e+03
6192	1.446803885639374e+03
6193	6.089785464368526e+02
6194	5.261709672700904e+02
6195	2.566210901480001e+02
6196	1.677333645891640e+02
6197	3.958174672821581e+02
6198	6.131097935478605e+02
6199	4.263387656217400e+02
6200	1.103165005991228e+03
6201	1.137662190892319e+03
6202	2.258849350008068e+03
6203	5.543578432278670e+02
6204	1.051267849953508e+03
6205	2.545117677022667e+02
6206	4.186364986977067e+02
6207	1.492698657884318e+03
6208	9.738444420938675e+02
6209	8.103915191257481e+02
6210	4.729421601762821e+02
6211	5.525598511462036e+02
6212	8.909150520077301e+02
6213	6.633141286599242e+02
6214	4.220471485750758e+02
6215	9.747353135606572e+02
6216	3.744756489236059e+02
6217	2.444033581195132e+02
6218	4.157823537766823e+02
6219	1.997347746621567e+03
6220	5.196678842341842e+02
6221	2.262095718222417e+03
6222	7.361427838219004e+02
6223	5.520874786058006e+02
6224	2.177615167355302e+03
6225	1.027994607574905e+03
6226	3.346284473409916e+02
6227	1.918749565726267e+03
6228	8.520948358158743e+02
6229	5.365299302967209e+02
6230	5.131741185447607e+02
6231	9.208198562542350e+02
6232	3.213697589094571e+02
6233	4.490238623340333e+02
6234	7.107784305818881e+02
6235	5.522535047718826e+02
6236	3.485519800698471e+02
6237	6.654039718510173e+02
6238	1.455184444924886e+03
6239	3.050678723912496e+02
6240	2.905935586362588e+03
6241	7.175087570313365e+02
6242	1.201950620136385e+03
6243	5.967487768326534e+02
6244	2.817937609969469e+02
6245	2.305676725493893e+02
6246	7.262919075409272e+02
6247	6.147725548897866e+02
6248	1.571868601353332e+02
6249	2.777548439263083e+03
6250	7.050926016687783e+02
6251	5.336822578610680e+02
6252	3.281008907645429e+02
6253	7.024640670395402e+02
6254	3.072211973585106e+02
6255	7.506492830454579e+02
6256	9.512653456751640e+02
6257	6.516868599190901e+02
6258	3.951868046524829e+02
6259	3.724706009059004e+02
6260	9.174881869101508e+02
6261	5.187485375942529e+03
6262	6.963289330966744e+02
6263	6.244940662706243e+02
6264	6.511637463804401e+02
6265	1.536454140439566e+03
6266	3.415958907220628e+02
6267	4.441959562078279e+02
6268	3.399605945487462e+03
6269	3.653992398024137e+02
6270	6.068899065509904e+02
6271	2.716906611393273e+03
6272	1.449728474442282e+02
6273	1.277341975195506e+03
6274	3.517662766701492e+02
6275	7.465949658752075e+02
6276	1.838577150553382e+02
6277	2.088852194853336e+03
6278	4.484194616241638e+02
6279	7.480109305116094e+02
6280	1.927102093623973e+03
6281	4.072886504858956e+02
6282	7.552899609156518e+02
6283	2.695448508397740e+02
6284	4.902260224735417e+02
6285	8.347499852143206e+02
6286	7.446520597623896e+02
6287	8.102667851300060e+02
6288	2.847429679434130e+02
6289	7.483628981738185e+02
6290	8.823476818808147e+02
6291	7.251465677733285e+02
6292	6.103681108013820e+02
6293	4.879879390548201e+02
6294	6.091844970670477e+02
6295	8.584721514695510e+02
6296	4.953866851448445e+02
6297	3.908026415986085e+02
6298	5.826340012605619e+02
6299	4.265684868751579e+02
6300	2.099906375487749e+02
6301	1.189892752668179e+03
6302	4.863908829115793e+02
6303	4.879774917898204e+02
6304	5.288685593494993e+02
6305	8.972018260184061e+02
6306	2.658583326411851e+02
6307	4.403725060944682e+02
6308	4.349329043235401e+02
6309	9.113830471707297e+03
6310	7.251707090534921e+02
6311	1.403319759918371e+03
6312	6.620846167746948e+02
6313	5.416559468118903e+02
6314	1.148940916748347e+03
6315	5.114327321548572e+02
6316	2.859886296568268e+02
6317	3.528613906135279e+02
6318	2.127558636315372e+03
6319	1.351603979664940e+03
6320	8.114050663733453e+02
6321	1.245056449879582e+03
6322	7.241061977211677e+02
6323	4.794280987542700e+02
6324	1.124546119344813e+03
6325	3.995070206553190e+02
6326	1.119827553429032e+02
6327	9.182912293338048e+02
6328	4.172916114555598e+02
6329	3.371396617915486e+02
6330	1.389125602785707e+03
6331	3.709397946445313e+02
6332	2.030878035734346e+02
6333	1.480649145976679e+03
6334	2.025416822404761e+03
6335	6.744401186190127e+02
6336	2.420302679719457e+03
6337	4.875566734121688e+02
6338	4.352498967906240e+02
6339	5.982832547655557e+02
6340	2.981071057705597e+02
6341	9.926150840124855e+02
6342	5.239272992593025e+02
6343	1.186330216143994e+02
6344	7.914498002247019e+02
6345	3.942835252262007e+02
6346	9.376014662454148e+02
6347	6.127447664554269e+02
6348	3.264735409244385e+03
6349	2.048214632750131e+03
6350	3.532621089798663e+02
6351	5.040090373428347e+02
6352	3.434967890134886e+02
6353	4.572597222985149e+02
6354	3.845655186986829e+02
6355	4.954323789936220e+02
6356	9.866208998733983e+02
6357	9.466177226439298e+02
6358	2.303011237158959e+02
6359	8.355897851845655e+02
6360	2.079137605509360e+03
6361	1.080878003834041e+03
6362	2.263203884642403e+02
6363	2.403966743865558e+02
6364	1.212168581230772e+03
6365	6.393923027312445e+02
6366	1.173247683641900e+03
6367	5.440495647201462e+02
6368	8.875499375568199e+02
6369	3.759201048017228e+02
6370	8.373420450338534e+02
6371	4.479447858794019e+02
6372	1.269288802810895e+03
6373	6.533996760405995e+02
6374	7.850403986813279e+02
6375	1.455414110562263e+03
6376	6.843795802285805e+02
6377	2.722288606407167e+02
6378	5.231639637511425e+02
6379	9.420089813212486e+02
6380	4.879303772117612e+03
6381	4.588858871701105e+02
6382	3.373182462126278e+02
6383	6.344683279328559e+02
6384	6.886163658066029e+02
6385	4.092526824337979e+02
6386	2.264377190814065e+03
6387	3.412085933755340e+02
6388	6.709137483211135e+02
6389	9.111248064573454e+02
6390	5.639757802648838e+02
6391	5.183930239730940e+02
6392	6.289266519896411e+02
6393	3.472245216634443e+02
6394	6.982932474248054e+02
6395	3.811110852414685e+02
6396	1.451262386027886e+03
6397	1.782454520368959e+03
6398	2.107117420170954e+02
6399	6.063263134767969e+02
6400	4.138456476962775e+02
6401	7.194650468000613e+02
6402	3.644157265090915e+02
6403	5.241163145769534e+02
6404	1.088505369727668e+03
6405	1.120960998912468e+03
6406	3.005725779436169e+02
6407	4.261034081479223e+02
6408	4.635385439830547e+02
6409	8.858472997336835e+02
6410	7.428541055353611e+02
6411	8.929883236705326e+02
6412	8.313323230954007e+02
6413	7.957720943854349e+02
6414	5.653180738784300e+02
6415	7.917850425423493e+02
6416	9.705439976286724e+02
6417	5.292410181951919e+02
6418	4.769827479084546e+02
6419	4.182971644643476e+02
6420	1.788579573625201e+03
6421	3.517490070312117e+02
6422	3.203502547080342e+02
6423	5.550235575756850e+02
6424	2.869376443005842e+02
6425	1.231799368396111e+03
6426	6.069608482443329e+02
6427	8.606045676939826e+02
6428	3.701686042802921e+02
6429	3.641264482674875e+02
6430	6.383593810772488e+02
6431	1.381134093246661e+03
6432	2.248659814377404e+02
6433	1.324829314122986e+03
6434	1.691185837923378e+03
6435	9.736433936209448e+02
6436	3.018196290972516e+02
6437	3.982573627478869e+02
6438	2.772786988918674e+02
6439	3.183308020985768e+02
6440	6.866975367473229e+02
6441	6.115321496986145e+02
6442	5.618587028541168e+02
6443	8.805247269134601e+02
6444	4.774437045547036e+02
6445	8.938626136095156e+02
6446	3.573365106997043e+02
6447	4.590633274389051e+02
6448	2.622269077183986e+03
6449	3.606691329142394e+02
6450	5.859002877091224e+02
6451	2.097823926907227e+03
6452	6.227499416324902e+02
6453	2.025001310301026e+02
6454	6.727406121063767e+02
6455	3.531049058769955e+02
6456	3.285260554101529e+03
6457	6.283078148071412e+02
6458	6.905051165929335e+02
6459	4.573224366411516e+02
6460	2.594070434364151e+02
6461	1.238382607164807e+02
6462	6.648824909696109e+02
6463	3.761143721012542e+02
6464	4.951305444995169e+02
6465	4.397339210331810e+02
6466	8.915765645823542e+02
6467	5.480339981031967e+02
6468	3.344747434539743e+02
6469	6.446871390280704e+02
6470	6.949036028403534e+02
6471	1.124320522115996e+03
6472	6.608926940054182e+02
6473	1.084509739155514e+03
6474	9.246483689884431e+02
6475	7.844179275370126e+02
6476	9.175809889619128e+02
6477	6.632488806419890e+02
6478	1.766749177899155e+03
6479	5.742414959596209e+02
6480	3.837259327926325e+02
6481	7.436623205237669e+02
6482	2.532492377169827e+02
6483	3.277247462460911e+02
6484	3.095370096568369e+03
6485	5.336459946087404e+02
6486	5.165680237673657e+02
6487	9.509284690853352e+02
6488	5.665553466383826e+02
6489	3.694509966414620e+02
6490	6.115551093374178e+02
6491	1.197772425763989e+03
6492	4.215281002648683e+02
6493	1.717304256642593e+02
6494	6.154931648253754e+02
6495	2.712306789556556e+02
6496	3.987484011209383e+02
6497	5.237017038570677e+02
6498	3.402712962759574e+02
6499	7.090165682541340e+02
6500	1.975325918122037e+03
6501	3.995207249290397e+02
6502	6.273955954941790e+02
6503	4.945122223135863e+02
6504	1.728151411053083e+03
6505	7.466554130217878e+02
6506	3.112406085147068e+02
6507	9.568937173108961e+02
6508	1.517394210614142e+03
6509	5.966156169208310e+02
6510	5.954759843470762e+02
6511	7.824398787815046e+02
6512	8.469618720023714e+02
6513	2.933590128642085e+02
6514	1.476318411645997e+03
6515	1.070929160520903e+03
6516	7.614124623420319e+02
6517	1.254458373540482e+03
6518	4.494729405046500e+02
6519	1.879656553282770e+02
6520	5.564351225556993e+02
6521	7.523972495912520e+02
6522	4.657698314501754e+02
6523	2.859889889809041e+02
6524	4.234248137702612e+02
6525	4.443475982620933e+02
6526	3.299407995371341e+02
6527	4.525229230510051e+02
6528	2.198719150530919e+03
6529	3.249721349753407e+03
6530	3.350618731247919e+02
6531	3.797816719232563e+02
6532	1.038286891465423e+03
6533	2.773934319262011e+02
6534	6.054546362132289e+02
6535	4.071883437002323e+02
6536	3.335252511328231e+01
6537	4.211944620352181e+02
6538	6.575273471175841e+02
6539	3.879747887385739e+02
6540	6.286368199275233e+02
6541	5.609797472502313e+02
6542	9.641744669930749e+02
6543	4.872156765623998e+02
6544	4.069813978931618e+02
6545	1.853757997749051e+03
6546	6.442910226376558e+02
6547	1.042191217707336e+03
6548	2.785769788603531e+02
6549	1.001245032398695e+03
6550	8.540737034619048e+02
6551	5.324345321078057e+02
6552	9.197152028421638e+02
6553	2.230954561854032e+02
6554	4.314240372318034e+02
6555	4.353166642033445e+02
6556	6.622160011654075e+02
6557	1.193062799623563e+03
6558	7.168271466010927e+02
6559	5.229054923214514e+02
6560	7.449386826869804e+02
6561	4.361075390732873e+02
6562	3.351973583363006e+02
6563	2.552623392483809e+02
6564	3.180904592885776e+02
6565	4.955782309978808e+02
6566	6.632813234321764e+02
6567	8.988095738833570e+02
6568	4.448202186824658e+02
6569	8.870431351483063e+02
6570	1.689526119316654e+02
6571	4.649171916102591e+02
6572	4.210463979801062e+02
6573	2.605940824519390e+02
6574	6.710716435136827e+02
6575	5.817357808430420e+02
6576	3.546256339613370e+02
6577	1.839894018286294e+03
6578	3.437055043999867e+03
6579	5.458323464387108e+02
6580	3.014393874677327e+02
6581	7.181471754546324e+02
6582	3.086598894086064e+02
6583	9.019707421024082e+02
6584	2.023579441689477e+02
6585	4.517361053355435e+02
6586	8.568399804882492e+02
6587	1.161077564147292e+03
6588	6.648867570955598e+02
6589	5.310976542648930e+02
6590	4.191184792470203e+02
6591	1.239888164133816e+03
6592	2.542211633305133e+02
6593	2.541982880360895e+03
6594	4.565747230375904e+02
6595	2.304513652253858e+02
6596	8.912132847678832e+02
6597	4.423696924597156e+02
6598	1.238571518112439e+03
6599	6.382419480511702e+02
6600	5.670801048783712e+02
6601	5.601004228592574e+02
6602	3.271211361931542e+03
6603	1.947843070606484e+02
6604	3.047210701507823e+02
6605	4.540145564212142e+02
6606	1.152357108997767e+03
6607	1.307584680203722e+03
6608	3.927511507536788e+02
6609	1.122574731287466e+03
6610	5.287475400428676e+02
6611	5.274789543954859e+02
6612	4.091913821740559e+02
6613	9.781554454107171e+02
6614	4.188422278836114e+02
6615	6.787861974905333e+02
6616	1.309166410487725e+03
6617	3.768719824278476e+02
6618	2.046918325298525e+02
6619	7.214070135276147e+02
6620	6.664652234293141e+02
6621	1.151385520455091e+03
6622	5.878385840665710e+02
6623	1.229974009491865e+03
6624	4.359212408429696e+02
6625	3.234511798021729e+02
6626	6.703506650242895e+02
6627	1.636593944289089e+02
6628	4.260495214663701e+02
6629	9.590985448924367e+02
6630	7.911741779985988e+02
6631	3.982713796644966e+02
6632	1.046976126232758e+03
6633	1.083040020808559e+03
6634	6.051201038067588e+02
6635	7.464358851587524e+02
6636	6.402164125429073e+02
6637	7.695048487262029e+02
6638	1.185960452343430e+03
6639	7.691395326920881e+02
6640	7.680849928835281e+02
6641	1.858911873467352e+03
6642	4.508256212443942e+02
6643	2.114925751517845e+02
6644	7.588621829544684e+02
6645	8.136056697357833e+02
6646	2.033542470598575e+03
6647	8.447215110769580e+02
6648	6.177143753917942e+02
6649	3.528206333032703e+02
6650	4.579534727959066e+02
6651	8.192921569737895e+02
6652	9.598419711738421e+02
6653	7.590091680033150e+02
6654	8.613357563986004e+02
6655	4.630148610464267e+02
6656	1.816458543248526e+03
6657	1.082671667000907e+03
6658	8.808767882954131e+02
6659	7.333520099061587e+02
6660	2.029300319920453e+02
6661	1.961110398515771e+02
6662	6.173968577605184e+02
6663	3.832343724203326e+03
6664	5.068470943784470e+02
6665	1.014636987333243e+03
6666	4.853798167241978e+02
6667	1.861329798489020e+03
6668	3.106279451160697e+02
6669	7.329938581488796e+02
6670	6.168840588629172e+02
6671	1.738415814301783e+03
6672	1.135444212899609e+03
6673	7.751789669812791e+02
6674	4.008987323539318e+03
6675	7.596147113970134e+02
6676	5.933157876194147e+02
6677	4.354376905809388e+02
6678	4.396796740393271e+02
6679	5.028864842588683e+02
6680	1.922484941584300e+03
6681	1.013401134995228e+03
6682	2.949163075457383e+03
6683	1.638930308848506e+03
6684	1.613129292965368e+02
6685	4.166988205871767e+02
6686	5.194218643252999e+02
6687	6.095998008271353e+02
6688	2.762113474690133e+02
6689	1.084199950737901e+03
6690	2.488993321998418e+02
6691	7.926838931481686e+02
6692	3.088762585921415e+02
6693	5.081493840305318e+02
6694	3.724552193338104e+02
6695	4.103220148158514e+02
6696	8.645637478166337e+02
6697	2.095027585254057e+02
6698	2.113925868216224e+02
6699	4.624760986324561e+02
6700	1.347674427694720e+03
6701	1.023239832351094e+03
6702	3.580272422415028e+02
6703	4.810825285568452e+02
6704	9.982318064032123e+02
6705	8.849163498655346e+02
6706	1.878231161714707e+03
6707	2.237263254902440e+03
6708	5.534209618998427e+02
6709	2.135468253002802e+03
6710	2.085201641192383e+02
6711	3.387023624930391e+02
6712	4.346693332872971e+02
6713	3.973298765637662e+02
6714	5.297731944429416e+02
6715	3.402760935845637e+02
6716	8.096409006576903e+02
6717	4.816896983425756e+02
6718	2.799169875502609e+02
6719	1.628727171438066e+03
6720	1.542285259199699e+03
6721	2.127780844899738e+02
6722	5.748399535042556e+02
6723	2.197846551751539e+02
6724	1.234824180406131e+03
6725	5.225608265474167e+02
6726	1.128695786194663e+03
6727	4.390043413268552e+02
6728	5.213900211613658e+02
6729	1.062136109882201e+02
6730	1.358185924771125e+03
6731	4.206212021429936e+02
6732	2.315270480998690e+03
6733	4.077329262422763e+02
6734	5.556442607107117e+02
6735	3.531428137628405e+02
6736	8.452297212035494e+02
6737	4.288888409020013e+02
6738	1.965635469756907e+02
6739	2.783392558614677e+03
6740	1.305478170485679e+03
6741	3.514799599501959e+03
6742	4.626696858312567e+02
6743	6.206503109102241e+02
6744	2.946786931743478e+02
6745	7.915193895576585e+02
6746	1.237484635385021e+03
6747	5.446411642128387e+02
6748	5.959964338127206e+02
6749	3.149333081295278e+02
6750	4.043799437916141e+02
6751	2.662064456942909e+02
6752	5.013437138909025e+02
6753	8.903388309819461e+02
6754	7.076376251612872e+02
6755	4.109579218467023e+02
6756	1.805691506146223e+02
6757	4.006812857522885e+02
6758	4.001021800231327e+02
6759	4.074368811146214e+02
6760	1.060436727718995e+03
6761	5.836151242725915e+02
6762	7.558894134593696e+02
6763	3.695383861057238e+02
6764	2.108197242334690e+03
6765	1.067571574102523e+03
6766	2.285552183549180e+03
6767	6.623715663454358e+02
6768	4.002860264637332e+02
6769	9.939059524923433e+02
6770	1.262950890950766e+03
6771	7.428336968716840e+02
6772	1.237692704473877e+03
6773	5.681281823478712e+02
6774	6.098576183701825e+02
6775	5.228403971782532e+02
6776	1.025821359513599e+03
6777	6.690711689389119e+02
6778	1.138513393031463e+02
6779	4.444862807998655e+02
6780	1.264747430127748e+03
6781	8.210195534467059e+02
6782	3.490288834193369e+02
6783	5.226898593184624e+02
6784	1.987869260228098e+02
6785	3.781216511490541e+02
6786	1.598449211338673e+03
6787	3.549017158654815e+02
6788	5.182112605620509e+02
6789	1.196668915753822e+03
6790	5.553873620341092e+02
6791	1.455189392729263e+03
6792	8.888162282124009e+02
6793	5.448364827220989e+02
6794	4.577944982663076e+02
6795	4.455148212476825e+02
6796	3.694478845000515e+02
6797	3.104650709619033e+02
6798	1.034895650277358e+03
6799	4.699087751065505e+02
6800	2.892372565300229e+02
6801	2.547633982733600e+02
6802	4.090360213340258e+02
6803	2.870790857627932e+02
6804	5.655113171016338e+02
6805	1.084952226256810e+03
6806	6.594693391525267e+02
6807	1.557530068169383e+03
6808	3.453805362726458e+02
6809	7.323923219122125e+02
6810	5.569608446265141e+02
6811	5.216625859025847e+02
6812	9.086315221605985e+02
6813	6.974346761183009e+02
6814	6.594946068730546e+02
6815	5.798147505169237e+02
6816	1.984334017022191e+03
6817	2.620100797878986e+02
6818	6.858322391975340e+02
6819	2.388497195234587e+02
6820	4.170213808580621e+02
6821	5.224126396559102e+02
6822	3.487958824605940e+02
6823	5.609134677944639e+02
6824	4.318900982360257e+02
6825	7.566443453776046e+02
6826	6.227552465579521e+02
6827	1.025741897799944e+03
6828	3.763867754149977e+02
6829	4.787165531426936e+02
6830	1.806155421929900e+02
6831	7.711883888962833e+02
6832	4.014905530203754e+02
6833	3.977209274923457e+02
6834	3.374475599097693e+02
6835	6.774451673584698e+02
6836	8.126546073134427e+02
6837	5.939556496256768e+02
6838	7.092558066177115e+02
6839	4.201142101979893e+02
6840	7.310889070358841e+02
6841	9.163607033441799e+02
6842	3.373896480149511e+02
6843	3.296265141238309e+02
6844	2.752067780306499e+02
6845	3.145775368944104e+02
6846	2.889254282680444e+02
6847	5.091151712516686e+02
6848	3.140808345407533e+03
6849	4.377506614658772e+02
6850	6.243342296416770e+02
6851	7.715663757864016e+02
6852	1.299414805523018e+03
6853	3.467048384226115e+02
6854	3.294218157209948e+02
6855	1.076408646350303e+03
6856	4.040843697694183e+02
6857	4.098923312060650e+02
6858	4.319705987942335e+02
6859	7.127739032253104e+02
6860	8.385927219850795e+02
6861	2.573948790137237e+02
6862	4.202612606712269e+02
6863	6.483381264535510e+02
6864	1.651626800650371e+03
6865	3.843953219119387e+02
6866	4.390071223714261e+02
6867	5.722451900082370e+02
6868	1.207580573492698e+03
6869	1.082297856300211e+03
6870	6.493888101065793e+02
6871	6.342665085838541e+02
6872	3.568021243240236e+02
6873	5.385660010963178e+02
6874	1.338854611378766e+03
6875	5.714640729448315e+02
6876	4.557737077275340e+02
6877	5.462644723343149e+02
6878	6.729116732948007e+02
6879	8.735326053581475e+02
6880	5.431686713450445e+02
6881	8.466060568947089e+02
6882	9.053078592808572e+02
6883	3.494620136446148e+02
6884	7.305300174052682e+02
6885	7.541606786786451e+01
6886	4.828752940776150e+02
6887	2.482635256423364e+02
6888	3.761778702424003e+02
6889	2.222491606319601e+02
6890	7.642072832435861e+02
6891	6.618244902408525e+02
6892	5.632668847263177e+02
6893	1.212348361455385e+03
6894	6.397613618530622e+02
6895	5.102515838342774e+02
6896	3.298649112912434e+02
6897	7.163161638059305e+02
6898	5.560745947746705e+02
6899	4.311573128900465e+02
6900	3.533134910992951e+02
6901	2.521390703992968e+03
6902	4.052834332310464e+02
6903	2.331678640861244e+02
6904	1.186273677048812e+03
6905	5.659129270110582e+02
6906	3.462657667830728e+03
6907	7.145622528588303e+02
6908	2.179039680600274e+02
6909	2.777656862869047e+02
6910	5.571971292377956e+02
6911	2.437620401803390e+02
6912	6.967397627905020e+02
6913	4.769574531512584e+02
6914	1.846476631559732e+03
6915	6.034016569031263e+02
6916	3.607796516621777e+02
6917	5.555588313488774e+02
6918	4.347289061064086e+02
6919	1.962395239666008e+02
6920	2.139567472923999e+03
6921	3.397555186895096e+02
6922	2.953096696003605e+03
6923	2.201615989384041e+02
6924	6.198022548586006e+02
6925	5.190466123434169e+02
6926	4.440303096498939e+02
6927	2.222952566529389e+03
6928	8.564576004916801e+02
6929	3.867227808558630e+02
6930	4.920773139107411e+02
6931	6.870494253018873e+02
6932	3.815043389938443e+02
6933	1.192737786757696e+03
6934	3.259009697572308e+02
6935	1.013824557560859e+03
6936	5.737815130005946e+02
6937	2.742819093304859e+02
6938	3.645090074804002e+02
6939	8.178283988269659e+02
6940	7.084562669679976e+02
6941	4.685532710510544e+02
6942	5.694086982221589e+02
6943	5.128283339465125e+02
6944	5.216765490691341e+02
6945	8.945592425343458e+02
6946	4.795850026039680e+02
6947	3.089055064324403e+02
6948	8.270040665681441e+02
6949	2.896159522282238e+03
6950	9.949438278265262e+02
6951	5.124849198796491e+02
6952	7.571138374731920e+02
6953	8.777238559688757e+02
6954	1.092350019501275e+03
6955	4.025028356498918e+02
6956	8.465013363108867e+02
6957	8.434366595628544e+02
6958	2.966701289460453e+02
6959	4.261289915548199e+02
6960	7.199763333462777e+02
6961	1.308500352068533e+03
6962	7.665693790972041e+02
6963	4.883017998288207e+02
6964	5.346898647944693e+02
6965	7.761860140989961e+02
6966	5.977876311312424e+03
6967	1.198675421333214e+03
6968	1.719939230895949e+03
6969	1.135284549356266e+03
6970	3.064333950047630e+02
6971	3.591226604884133e+02
6972	1.399992101133528e+03
6973	4.389093925140031e+02
6974	4.185860609083132e+02
6975	9.164251395655182e+02
6976	4.100694468424171e+02
6977	5.016341639338289e+02
6978	2.976117965520044e+02
6979	2.456881853465709e+02
6980	5.309169665073358e+02
6981	1.084731135276742e+03
6982	3.182706253463845e+02
6983	5.046793914614013e+02
6984	6.888999859532620e+02
6985	5.963479837771318e+02
6986	3.912739889929744e+02
6987	1.894893939207832e+03
6988	8.241816893018346e+02
6989	1.256504247542025e+03
6990	3.979731408638690e+02
6991	3.239620384578903e+02
6992	2.795608854187229e+02
6993	7.943696345127130e+02
6994	3.781117385258516e+02
6995	5.655255941479526e+02
6996	8.510150917845123e+02
6997	1.106281493930187e+03
6998	7.438253840633365e+02
6999	1.003707860749625e+03
