RawPath	Experiment	Graph	Implementation	Configuration	Status	RunDate	PBSJobID	SourceSnapshotID	OriginalPath	OriginalFilename	SizeBytes	SHA256	UsedInThesis	DerivedResultPath	FailureSummaryPath	Notes
raw_data/ablation/email-EuAll/job_2354999_20260710/ablation.log	ablation	email-EuAll	n/a	n/a	success	20260710	2354999	phase_def_block_20260710	result/ablation/email_2354999/ablation.log	ablation.log	11369	80318d132bba03f6fc07e3338cc3e86ac62a038df3bf440535f155306af650a1	yes	result/ablation/
raw_data/ablation/email-EuAll/job_2354999_20260710/ablation_results.tsv	ablation	email-EuAll	n/a	n/a	success	20260710	2354999	phase_def_block_20260710	result/ablation/email_2354999/ablation_results.tsv	ablation_results.tsv	1210	77fd81068e345888b98368e4f88162b4a75780e7f25c6786deb7bd6a62b0c45a	yes	result/ablation/
raw_data/ablation/email-EuAll/job_2354999_20260710/pbs_stdout.log	ablation	email-EuAll	n/a	n/a	success	20260710	2354999	phase_def_block_20260710	thesis_bc_project/bc_ablation.o2354999	pbs_stdout.log	3907	ff223c9737f21315098806bcc33fa251842dbbf5203eb3e8c8758d7fe5866d2f	yes	result/ablation/
raw_data/ablation/synthetic/job_2354994_20260710/ablation.log	ablation	synthetic	n/a	n/a	success	20260710	2354994	phase_def_block_20260710	result/ablation/synthetic_2354994/ablation.log	ablation.log	67349	7e0eaf644f40360e0bd8e613d22945f00a5cf7f5fe919f2c46921391bb5da65a	yes	result/ablation/
raw_data/ablation/synthetic/job_2354994_20260710/ablation_results.tsv	ablation	synthetic	n/a	n/a	success	20260710	2354994	phase_def_block_20260710	result/ablation/synthetic_2354994/ablation_results.tsv	ablation_results.tsv	8744	ef0f787086d4dcfb4bba8181aa248ddecef74bda2759d2456af563e5bb5193eb	yes	result/ablation/
raw_data/ablation/synthetic/job_2354994_20260710/pbs_stdout.log	ablation	synthetic	n/a	n/a	success	20260710	2354994	phase_def_block_20260710	thesis_bc_project/bc_ablation.o2354994	pbs_stdout.log	15432	d01e287fc7af6e117de37e9deea5e420d9938f7cc43029256c1faba50283e104	yes	result/ablation/
raw_data/corrected_325557/job_2404743/MANIFEST.txt	corrected_325557	325557_3216152_corrected_v1	n/a	n/a	success	na	2404743	corrected325557_ab_20260717	build_miyabi/result_corrected_325557_20260717_215817_2404743.opbs/MANIFEST.txt	MANIFEST.txt	1470	d27126a1d56ce323533d7a9fa93a0010f12dd894dce4b7ba2901caa7a64bdb37	yes	result/correctness/corrected_325557/; result/memory_scalability/corrected_325557/; result/ablation/corrected_325557/
raw_data/corrected_325557/job_2404743/comparison_matrix.tsv	corrected_325557	325557_3216152_corrected_v1	n/a	n/a	success	na	2404743	corrected325557_ab_20260717	build_miyabi/result_corrected_325557_20260717_215817_2404743.opbs/comparison_matrix.tsv	comparison_matrix.tsv	4134	12cbeb386a65b7fd566e6ce3434919c94d42abc225fb5c52a5d3d18495579b14	yes	result/correctness/corrected_325557/; result/memory_scalability/corrected_325557/; result/ablation/corrected_325557/
raw_data/corrected_325557/job_2404743/comparisons/gpu_opt_b1024__vs__gpu_opt_pure_b1024.json	corrected_325557	325557_3216152_corrected_v1	n/a	n/a	success	na	2404743	corrected325557_ab_20260717	build_miyabi/result_corrected_325557_20260717_215817_2404743.opbs/gpu_opt_b1024__vs__gpu_opt_pure_b1024.json	gpu_opt_b1024__vs__gpu_opt_pure_b1024.json	1696	9b56ee7cf70d790820687a920539fe394f1f2df5b6d6b71ead418125c62edbac	yes	result/correctness/corrected_325557/; result/memory_scalability/corrected_325557/; result/ablation/corrected_325557/
raw_data/corrected_325557/job_2404743/comparisons/gpu_opt_b1024__vs__gpu_opt_pure_b1024.md	corrected_325557	325557_3216152_corrected_v1	n/a	n/a	success	na	2404743	corrected325557_ab_20260717	build_miyabi/result_corrected_325557_20260717_215817_2404743.opbs/gpu_opt_b1024__vs__gpu_opt_pure_b1024.md	gpu_opt_b1024__vs__gpu_opt_pure_b1024.md	1775	87eeb94db06eaafe6f41f40cb323722ab1536509efb5cbf984db478cf3bc2168	yes	result/correctness/corrected_325557/; result/memory_scalability/corrected_325557/; result/ablation/corrected_325557/
raw_data/corrected_325557/job_2404743/comparisons/gpu_opt_b1024__vs__gpu_opt_pure_chunked_b1024.json	corrected_325557	325557_3216152_corrected_v1	n/a	n/a	success	na	2404743	corrected325557_ab_20260717	build_miyabi/result_corrected_325557_20260717_215817_2404743.opbs/gpu_opt_b1024__vs__gpu_opt_pure_chunked_b1024.json	gpu_opt_b1024__vs__gpu_opt_pure_chunked_b1024.json	1703	24753aefbd2e6e0ce56b65d5297b9619eef75458a84cfc7cef8b669e8699df4f	yes	result/correctness/corrected_325557/; result/memory_scalability/corrected_325557/; result/ablation/corrected_325557/
raw_data/corrected_325557/job_2404743/comparisons/gpu_opt_b1024__vs__gpu_opt_pure_chunked_b1024.md	corrected_325557	325557_3216152_corrected_v1	n/a	n/a	success	na	2404743	corrected325557_ab_20260717	build_miyabi/result_corrected_325557_20260717_215817_2404743.opbs/gpu_opt_b1024__vs__gpu_opt_pure_chunked_b1024.md	gpu_opt_b1024__vs__gpu_opt_pure_chunked_b1024.md	1800	b23623a036c87801005f9782285d2320c23722c70d34f2a292ac3164d6e14112	yes	result/correctness/corrected_325557/; result/memory_scalability/corrected_325557/; result/ablation/corrected_325557/
raw_data/corrected_325557/job_2404743/comparisons/gpu_opt_b9792__vs__gpu_opt_b1024.json	corrected_325557	325557_3216152_corrected_v1	n/a	n/a	success	na	2404743	corrected325557_ab_20260717	build_miyabi/result_corrected_325557_20260717_215817_2404743.opbs/gpu_opt_b9792__vs__gpu_opt_b1024.json	gpu_opt_b9792__vs__gpu_opt_b1024.json	1688	41c7dd977182456a7c3dc0d62a93004dc1644c8f29bd431355e70cbab3afd123	yes	result/correctness/corrected_325557/; result/memory_scalability/corrected_325557/; result/ablation/corrected_325557/
raw_data/corrected_325557/job_2404743/comparisons/gpu_opt_b9792__vs__gpu_opt_b1024.md	corrected_325557	325557_3216152_corrected_v1	n/a	n/a	success	na	2404743	corrected325557_ab_20260717	build_miyabi/result_corrected_325557_20260717_215817_2404743.opbs/gpu_opt_b9792__vs__gpu_opt_b1024.md	gpu_opt_b9792__vs__gpu_opt_b1024.md	1761	d14e93f040a02b81f93759bb88ee46d45fb78dc51a0f941ae8b1c295b13ddb90	yes	result/correctness/corrected_325557/; result/memory_scalability/corrected_325557/; result/ablation/corrected_325557/
raw_data/corrected_325557/job_2404743/comparisons/gpu_opt_pure_b1024__vs__gpu_opt_pure_chunked_b1024.json	corrected_325557	325557_3216152_corrected_v1	n/a	n/a	success	na	2404743	corrected325557_ab_20260717	build_miyabi/result_corrected_325557_20260717_215817_2404743.opbs/gpu_opt_pure_b1024__vs__gpu_opt_pure_chunked_b1024.json	gpu_opt_pure_b1024__vs__gpu_opt_pure_chunked_b1024.json	1704	a3f5be5d6915eebe032d396754b219386e42f96abd4d451bf2b63413a229fa60	yes	result/correctness/corrected_325557/; result/memory_scalability/corrected_325557/; result/ablation/corrected_325557/
raw_data/corrected_325557/job_2404743/comparisons/gpu_opt_pure_b1024__vs__gpu_opt_pure_chunked_b1024.md	corrected_325557	325557_3216152_corrected_v1	n/a	n/a	success	na	2404743	corrected325557_ab_20260717	build_miyabi/result_corrected_325557_20260717_215817_2404743.opbs/gpu_opt_pure_b1024__vs__gpu_opt_pure_chunked_b1024.md	gpu_opt_pure_b1024__vs__gpu_opt_pure_chunked_b1024.md	1813	98d74e42526db1dcc6ef15caa05329829a139e7e6bdef25b7d25b469be646f82	yes	result/correctness/corrected_325557/; result/memory_scalability/corrected_325557/; result/ablation/corrected_325557/
raw_data/corrected_325557/job_2404743/comparisons/gpu_opt_pure_chunked_b16384__vs__gpu_opt_pure_chunked_b1024.json	corrected_325557	325557_3216152_corrected_v1	n/a	n/a	success	na	2404743	corrected325557_ab_20260717	build_miyabi/result_corrected_325557_20260717_215817_2404743.opbs/gpu_opt_pure_chunked_b16384__vs__gpu_opt_pure_chunked_b1024.json	gpu_opt_pure_chunked_b16384__vs__gpu_opt_pure_chunked_b1024.json	1715	f8a6caab65d0dcd11117aa6509c2dc11ecd2cf6b2d81418a6b8f7ff9f3f302fb	yes	result/correctness/corrected_325557/; result/memory_scalability/corrected_325557/; result/ablation/corrected_325557/
raw_data/corrected_325557/job_2404743/comparisons/gpu_opt_pure_chunked_b16384__vs__gpu_opt_pure_chunked_b1024.md	corrected_325557	325557_3216152_corrected_v1	n/a	n/a	success	na	2404743	corrected325557_ab_20260717	build_miyabi/result_corrected_325557_20260717_215817_2404743.opbs/gpu_opt_pure_chunked_b16384__vs__gpu_opt_pure_chunked_b1024.md	gpu_opt_pure_chunked_b16384__vs__gpu_opt_pure_chunked_b1024.md	1841	7eef48b5fe8f5fa5653c78e79aec4600b90a0bfa788093ae186efc1065e8be8f	yes	result/correctness/corrected_325557/; result/memory_scalability/corrected_325557/; result/ablation/corrected_325557/
raw_data/corrected_325557/job_2404743/comparisons/pathmerge_b4096__vs__gpu_opt_b1024.json	corrected_325557	325557_3216152_corrected_v1	n/a	n/a	success	na	2404743	corrected325557_ab_20260717	build_miyabi/result_corrected_325557_20260717_215817_2404743.opbs/pathmerge_b4096__vs__gpu_opt_b1024.json	pathmerge_b4096__vs__gpu_opt_b1024.json	1718	3bcb7be8b08a7697b3cd3b29e5626d6b465aca7971c00b400b6e4b1e1996e962	yes	result/correctness/corrected_325557/; result/memory_scalability/corrected_325557/; result/ablation/corrected_325557/
raw_data/corrected_325557/job_2404743/comparisons/pathmerge_b4096__vs__gpu_opt_b1024.md	corrected_325557	325557_3216152_corrected_v1	n/a	n/a	success	na	2404743	corrected325557_ab_20260717	build_miyabi/result_corrected_325557_20260717_215817_2404743.opbs/pathmerge_b4096__vs__gpu_opt_b1024.md	pathmerge_b4096__vs__gpu_opt_b1024.md	1850	91ff93a3ab3980edf0342de17977c22c16f9c2de353d9960df561aafb3da0596	yes	result/correctness/corrected_325557/; result/memory_scalability/corrected_325557/; result/ablation/corrected_325557/
raw_data/corrected_325557/job_2404743/comparisons/pathmerge_b4096__vs__gpu_opt_b9792.json	corrected_325557	325557_3216152_corrected_v1	n/a	n/a	success	na	2404743	corrected325557_ab_20260717	build_miyabi/result_corrected_325557_20260717_215817_2404743.opbs/pathmerge_b4096__vs__gpu_opt_b9792.json	pathmerge_b4096__vs__gpu_opt_b9792.json	1716	1919921c5159ca9205ae5e8d0b82d3407825094d01ba9bcd39c986fb652cb433	yes	result/correctness/corrected_325557/; result/memory_scalability/corrected_325557/; result/ablation/corrected_325557/
raw_data/corrected_325557/job_2404743/comparisons/pathmerge_b4096__vs__gpu_opt_b9792.md	corrected_325557	325557_3216152_corrected_v1	n/a	n/a	success	na	2404743	corrected325557_ab_20260717	build_miyabi/result_corrected_325557_20260717_215817_2404743.opbs/pathmerge_b4096__vs__gpu_opt_b9792.md	pathmerge_b4096__vs__gpu_opt_b9792.md	1851	0560fe8e52dc43b5fc9472daf4eaf42129aef65da45873a9b9ddee6f2d0558a7	yes	result/correctness/corrected_325557/; result/memory_scalability/corrected_325557/; result/ablation/corrected_325557/
raw_data/corrected_325557/job_2404743/comparisons/pathmerge_b4096__vs__gpu_opt_pure_b1024.json	corrected_325557	325557_3216152_corrected_v1	n/a	n/a	success	na	2404743	corrected325557_ab_20260717	build_miyabi/result_corrected_325557_20260717_215817_2404743.opbs/pathmerge_b4096__vs__gpu_opt_pure_b1024.json	pathmerge_b4096__vs__gpu_opt_pure_b1024.json	1723	e0236f240a3288249eb02006c9a34b3f78728e2f79c8dafe2a8f430036df799f	yes	result/correctness/corrected_325557/; result/memory_scalability/corrected_325557/; result/ablation/corrected_325557/
raw_data/corrected_325557/job_2404743/comparisons/pathmerge_b4096__vs__gpu_opt_pure_b1024.md	corrected_325557	325557_3216152_corrected_v1	n/a	n/a	success	na	2404743	corrected325557_ab_20260717	build_miyabi/result_corrected_325557_20260717_215817_2404743.opbs/pathmerge_b4096__vs__gpu_opt_pure_b1024.md	pathmerge_b4096__vs__gpu_opt_pure_b1024.md	1865	2aa9b220454307dbc4ac1208900270ff599b10666cabfd4dfc9849a6539742ca	yes	result/correctness/corrected_325557/; result/memory_scalability/corrected_325557/; result/ablation/corrected_325557/
raw_data/corrected_325557/job_2404743/comparisons/pathmerge_b4096__vs__gpu_opt_pure_chunked_b1024.json	corrected_325557	325557_3216152_corrected_v1	n/a	n/a	success	na	2404743	corrected325557_ab_20260717	build_miyabi/result_corrected_325557_20260717_215817_2404743.opbs/pathmerge_b4096__vs__gpu_opt_pure_chunked_b1024.json	pathmerge_b4096__vs__gpu_opt_pure_chunked_b1024.json	1731	44b0e4f58d35dca70addfc798d69a2dda8cacb2e933ab17d78d6b9d9c13a0f38	yes	result/correctness/corrected_325557/; result/memory_scalability/corrected_325557/; result/ablation/corrected_325557/
raw_data/corrected_325557/job_2404743/comparisons/pathmerge_b4096__vs__gpu_opt_pure_chunked_b1024.md	corrected_325557	325557_3216152_corrected_v1	n/a	n/a	success	na	2404743	corrected325557_ab_20260717	build_miyabi/result_corrected_325557_20260717_215817_2404743.opbs/pathmerge_b4096__vs__gpu_opt_pure_chunked_b1024.md	pathmerge_b4096__vs__gpu_opt_pure_chunked_b1024.md	1889	09be466c5d2ca910a0fb7566c1ca9e82360a8b026c4fef91613852a3027fd206	yes	result/correctness/corrected_325557/; result/memory_scalability/corrected_325557/; result/ablation/corrected_325557/
raw_data/corrected_325557/job_2404743/comparisons/pathmerge_b4096__vs__gpu_opt_pure_chunked_b16384.json	corrected_325557	325557_3216152_corrected_v1	n/a	n/a	success	na	2404743	corrected325557_ab_20260717	build_miyabi/result_corrected_325557_20260717_215817_2404743.opbs/pathmerge_b4096__vs__gpu_opt_pure_chunked_b16384.json	pathmerge_b4096__vs__gpu_opt_pure_chunked_b16384.json	1731	ef4406219eb3246d7198e18fff1f42824797f994e645c1bfd9a4ae5a32981fa4	yes	result/correctness/corrected_325557/; result/memory_scalability/corrected_325557/; result/ablation/corrected_325557/
raw_data/corrected_325557/job_2404743/comparisons/pathmerge_b4096__vs__gpu_opt_pure_chunked_b16384.md	corrected_325557	325557_3216152_corrected_v1	n/a	n/a	success	na	2404743	corrected325557_ab_20260717	build_miyabi/result_corrected_325557_20260717_215817_2404743.opbs/pathmerge_b4096__vs__gpu_opt_pure_chunked_b16384.md	pathmerge_b4096__vs__gpu_opt_pure_chunked_b16384.md	1892	8fd41c9b454986958b15c5c61e32033df6d7a2300ce769828338c1808f8a8af9	yes	result/correctness/corrected_325557/; result/memory_scalability/corrected_325557/; result/ablation/corrected_325557/
raw_data/corrected_325557/job_2404743/feasibility/chunked_b16384.stderr.log	corrected_325557	325557_3216152_corrected_v1	n/a	n/a	success	na	2404743	corrected325557_ab_20260717	build_miyabi/result_corrected_325557_20260717_215817_2404743.opbs/chunked_b16384.stderr.log	chunked_b16384.stderr.log	604	90419af9a5cbdf7859c9a063de2e97f8c5cc2cba8903894ce0afc9dd7b4a6726	yes	result/correctness/corrected_325557/; result/memory_scalability/corrected_325557/; result/ablation/corrected_325557/
raw_data/corrected_325557/job_2404743/feasibility/chunked_b16384.stdout.tsv	corrected_325557	325557_3216152_corrected_v1	n/a	n/a	success	na	2404743	corrected325557_ab_20260717	build_miyabi/result_corrected_325557_20260717_215817_2404743.opbs/chunked_b16384.stdout.tsv	chunked_b16384.stdout.tsv	67	a28a09789b19fcca631eec8c207885afa65e5104be2feedc66753dd774e96ca6	yes	result/correctness/corrected_325557/; result/memory_scalability/corrected_325557/; result/ablation/corrected_325557/
raw_data/corrected_325557/job_2404743/feasibility/pure_b4096.stderr.log	corrected_325557	325557_3216152_corrected_v1	n/a	n/a	success	na	2404743	corrected325557_ab_20260717	build_miyabi/result_corrected_325557_20260717_215817_2404743.opbs/pure_b4096.stderr.log	pure_b4096.stderr.log	517	1e62ee92bc4b9009efce68b67d6a5d8a86fc8d3f1a8584101b382cdf7d69d0a6	yes	result/correctness/corrected_325557/; result/memory_scalability/corrected_325557/; result/ablation/corrected_325557/
raw_data/corrected_325557/job_2404743/feasibility/pure_b4096.stdout.tsv	corrected_325557	325557_3216152_corrected_v1	n/a	n/a	success	na	2404743	corrected325557_ab_20260717	build_miyabi/result_corrected_325557_20260717_215817_2404743.opbs/pure_b4096.stdout.tsv	pure_b4096.stdout.tsv	59	c12cecadd45b94f4dd4d5ba810721e814ac3e3f215d19d3610c924540ea0c213	yes	result/correctness/corrected_325557/; result/memory_scalability/corrected_325557/; result/ablation/corrected_325557/
raw_data/corrected_325557/job_2404743/feasibility/pure_b8192.stderr.log	corrected_325557	325557_3216152_corrected_v1	n/a	n/a	success	na	2404743	corrected325557_ab_20260717	build_miyabi/result_corrected_325557_20260717_215817_2404743.opbs/pure_b8192.stderr.log	pure_b8192.stderr.log	378	548280ad17abcfd1ea5842944493190bb6526bd0b21d0db1f4c249b945a3b51e	yes	result/correctness/corrected_325557/; result/memory_scalability/corrected_325557/; result/ablation/corrected_325557/
raw_data/corrected_325557/job_2404743/feasibility/pure_b8192.stdout.tsv	corrected_325557	325557_3216152_corrected_v1	n/a	n/a	success	na	2404743	corrected325557_ab_20260717	build_miyabi/result_corrected_325557_20260717_215817_2404743.opbs/pure_b8192.stdout.tsv	pure_b8192.stdout.tsv	0	e3b0c44298fc1c149afbf4c8996fb92427ae41e4649b934ca495991b7852b855	yes	result/correctness/corrected_325557/; result/memory_scalability/corrected_325557/; result/ablation/corrected_325557/
raw_data/corrected_325557/job_2404743/feasibility/um_b10240.stderr.log	corrected_325557	325557_3216152_corrected_v1	n/a	n/a	success	na	2404743	corrected325557_ab_20260717	build_miyabi/result_corrected_325557_20260717_215817_2404743.opbs/um_b10240.stderr.log	um_b10240.stderr.log	843	9582789ce84567fb4b88141f2a4938ecfdd206b1c7f6e4661b039a2c16b4de4f	yes	result/correctness/corrected_325557/; result/memory_scalability/corrected_325557/; result/ablation/corrected_325557/
raw_data/corrected_325557/job_2404743/feasibility/um_b10240.stdout.tsv	corrected_325557	325557_3216152_corrected_v1	n/a	n/a	success	na	2404743	corrected325557_ab_20260717	build_miyabi/result_corrected_325557_20260717_215817_2404743.opbs/um_b10240.stdout.tsv	um_b10240.stdout.tsv	54	eef6fa4c0813e2da7c375890a77685a85ca681a5882e25ae2032f190661eebaa	yes	result/correctness/corrected_325557/; result/memory_scalability/corrected_325557/; result/ablation/corrected_325557/
raw_data/corrected_325557/job_2404743/feasibility/um_b12288.stderr.log	corrected_325557	325557_3216152_corrected_v1	n/a	n/a	success	na	2404743	corrected325557_ab_20260717	build_miyabi/result_corrected_325557_20260717_215817_2404743.opbs/um_b12288.stderr.log	um_b12288.stderr.log	476	4f6886a7068aefc8c32a33985372fdc9290490092dbda735c4a97753c2f9deb1	yes	result/correctness/corrected_325557/; result/memory_scalability/corrected_325557/; result/ablation/corrected_325557/
raw_data/corrected_325557/job_2404743/feasibility/um_b12288.stdout.tsv	corrected_325557	325557_3216152_corrected_v1	n/a	n/a	success	na	2404743	corrected325557_ab_20260717	build_miyabi/result_corrected_325557_20260717_215817_2404743.opbs/um_b12288.stdout.tsv	um_b12288.stdout.tsv	0	e3b0c44298fc1c149afbf4c8996fb92427ae41e4649b934ca495991b7852b855	yes	result/correctness/corrected_325557/; result/memory_scalability/corrected_325557/; result/ablation/corrected_325557/
raw_data/corrected_325557/job_2404743/feasibility_results.tsv	corrected_325557	325557_3216152_corrected_v1	n/a	n/a	success	na	2404743	corrected325557_ab_20260717	build_miyabi/result_corrected_325557_20260717_215817_2404743.opbs/feasibility_results.tsv	feasibility_results.tsv	868	21794bed28c6dde3d06875deff827458d519bcd124b2bf2a9a1499e45c9b496c	yes	result/correctness/corrected_325557/; result/memory_scalability/corrected_325557/; result/ablation/corrected_325557/
raw_data/corrected_325557/job_2404743/graph_validation.json	corrected_325557	325557_3216152_corrected_v1	n/a	n/a	success	na	2404743	corrected325557_ab_20260717	build_miyabi/result_corrected_325557_20260717_215817_2404743.opbs/graph_validation.json	graph_validation.json	2305	95fdf972fd75d2fcf75fd265c1a666b658f3af01c04db41767f77e367044f4f8	yes	result/correctness/corrected_325557/; result/memory_scalability/corrected_325557/; result/ablation/corrected_325557/
raw_data/corrected_325557/job_2404743/implementation_manifest.tsv	corrected_325557	325557_3216152_corrected_v1	n/a	n/a	success	na	2404743	corrected325557_ab_20260717	build_miyabi/result_corrected_325557_20260717_215817_2404743.opbs/implementation_manifest.tsv	implementation_manifest.tsv	6923	6742817728cba57ce926dbbf57737ec6b4c2351fb97c71211e3aef710ffce850	yes	result/correctness/corrected_325557/; result/memory_scalability/corrected_325557/; result/ablation/corrected_325557/
raw_data/corrected_325557/job_2404743/oom_evidence.tsv	corrected_325557	325557_3216152_corrected_v1	n/a	n/a	success	na	2404743	corrected325557_ab_20260717	build_miyabi/result_corrected_325557_20260717_215817_2404743.opbs/oom_evidence.tsv	oom_evidence.tsv	1308	bb547b2804c5fed31d07262d4d803629a48cc355948811563883d0dd69923377	yes	result/correctness/corrected_325557/; result/memory_scalability/corrected_325557/; result/ablation/corrected_325557/
raw_data/corrected_325557/job_2404743/pbs_stdout.log	corrected_325557	325557_3216152_corrected_v1	n/a	n/a	success	na	2404743	corrected325557_ab_20260717	bc_corr325557.o2404743	pbs_stdout.log	10130	3c4c46680f9432b94fef79ca9344027ad77195973d075b8019379f934feb8ec5	yes	result/correctness/corrected_325557/; result/memory_scalability/corrected_325557/; result/ablation/corrected_325557/
raw_data/corrected_325557/job_2404743/run.log	corrected_325557	325557_3216152_corrected_v1	n/a	n/a	success	na	2404743	corrected325557_ab_20260717	build_miyabi/result_corrected_325557_20260717_215817_2404743.opbs/run.log	run.log	34539	a94e7447f22f4c2835cbf7586d83d17cd2f1c768af454d3b243c0b15990c1e7d	yes	result/correctness/corrected_325557/; result/memory_scalability/corrected_325557/; result/ablation/corrected_325557/
raw_data/corrected_325557/job_2404743/validation/gpu_opt_b1024.vector_validation.json	corrected_325557	325557_3216152_corrected_v1	n/a	n/a	success	na	2404743	corrected325557_ab_20260717	build_miyabi/result_corrected_325557_20260717_215817_2404743.opbs/gpu_opt_b1024.vector_validation.json	gpu_opt_b1024.vector_validation.json	558	7e38ca5f9e18585e229e6f2fc426f16c55d4f29cb52a690a2130dcee74ee88b6	yes	result/correctness/corrected_325557/; result/memory_scalability/corrected_325557/; result/ablation/corrected_325557/
raw_data/corrected_325557/job_2404743/validation/gpu_opt_b9792.vector_validation.json	corrected_325557	325557_3216152_corrected_v1	n/a	n/a	success	na	2404743	corrected325557_ab_20260717	build_miyabi/result_corrected_325557_20260717_215817_2404743.opbs/gpu_opt_b9792.vector_validation.json	gpu_opt_b9792.vector_validation.json	558	5bb2a74f09f21976ac1b497e18ce9c9230b263805b39136a5a771c3ec7fd9cc7	yes	result/correctness/corrected_325557/; result/memory_scalability/corrected_325557/; result/ablation/corrected_325557/
raw_data/corrected_325557/job_2404743/validation/gpu_opt_pure_b1024.vector_validation.json	corrected_325557	325557_3216152_corrected_v1	n/a	n/a	success	na	2404743	corrected325557_ab_20260717	build_miyabi/result_corrected_325557_20260717_215817_2404743.opbs/gpu_opt_pure_b1024.vector_validation.json	gpu_opt_pure_b1024.vector_validation.json	563	4a37ea9ac3a9352edc759e3270cf692381c4f507e6fb7489df0c6181402f59fe	yes	result/correctness/corrected_325557/; result/memory_scalability/corrected_325557/; result/ablation/corrected_325557/
raw_data/corrected_325557/job_2404743/validation/gpu_opt_pure_chunked_b1024.vector_validation.json	corrected_325557	325557_3216152_corrected_v1	n/a	n/a	success	na	2404743	corrected325557_ab_20260717	build_miyabi/result_corrected_325557_20260717_215817_2404743.opbs/gpu_opt_pure_chunked_b1024.vector_validation.json	gpu_opt_pure_chunked_b1024.vector_validation.json	571	066725e6e6884c7c81f618d2e565f6777fb4259f703778241a77839c96c7221e	yes	result/correctness/corrected_325557/; result/memory_scalability/corrected_325557/; result/ablation/corrected_325557/
raw_data/corrected_325557/job_2404743/validation/gpu_opt_pure_chunked_b16384.vector_validation.json	corrected_325557	325557_3216152_corrected_v1	n/a	n/a	success	na	2404743	corrected325557_ab_20260717	build_miyabi/result_corrected_325557_20260717_215817_2404743.opbs/gpu_opt_pure_chunked_b16384.vector_validation.json	gpu_opt_pure_chunked_b16384.vector_validation.json	572	2496cbbf88535183765d5d0571ebc0541e00216e6cd38e334290cdaf15a29b6f	yes	result/correctness/corrected_325557/; result/memory_scalability/corrected_325557/; result/ablation/corrected_325557/
raw_data/corrected_325557/job_2404743/validation/pathmerge_b4096.vector_validation.json	corrected_325557	325557_3216152_corrected_v1	n/a	n/a	success	na	2404743	corrected325557_ab_20260717	build_miyabi/result_corrected_325557_20260717_215817_2404743.opbs/pathmerge_b4096.vector_validation.json	pathmerge_b4096.vector_validation.json	560	3858164d91a61f7b728a2880bd228945ffc6fb88dc69d6bdcb5b1fc60d6dffee	yes	result/correctness/corrected_325557/; result/memory_scalability/corrected_325557/; result/ablation/corrected_325557/
raw_data/corrected_325557/job_2404743/vector_inventory.tsv	corrected_325557	325557_3216152_corrected_v1	n/a	n/a	success	na	2404743	corrected325557_ab_20260717	build_miyabi/result_corrected_325557_20260717_215817_2404743.opbs/vector_inventory.tsv	vector_inventory.tsv	2534	9396ddb788711314d109039d22a6f49fcbe0457a8904c0580ba7fc70cf77498c	yes	result/correctness/corrected_325557/; result/memory_scalability/corrected_325557/; result/ablation/corrected_325557/
raw_data/corrected_325557/job_2404743/vectors/gpu_opt_b1024.bc.tsv	corrected_325557	325557_3216152_corrected_v1	n/a	n/a	success	na	2404743	corrected325557_ab_20260717	build_miyabi/result_corrected_325557_20260717_215817_2404743.opbs/gpu_opt_b1024.bc.tsv	gpu_opt_b1024.bc.tsv	9330105	adc6270b15aba9201c7667460b235d0e3762dcb9e529e6390bc5db218d738796	yes	result/correctness/corrected_325557/; result/memory_scalability/corrected_325557/; result/ablation/corrected_325557/
raw_data/corrected_325557/job_2404743/vectors/gpu_opt_b1024.stderr.log	corrected_325557	325557_3216152_corrected_v1	n/a	n/a	success	na	2404743	corrected325557_ab_20260717	build_miyabi/result_corrected_325557_20260717_215817_2404743.opbs/gpu_opt_b1024.stderr.log	gpu_opt_b1024.stderr.log	744	fd64dac42505735833aa5d9d0103d97f7c40d37af1e18636b216cc745223dc52	yes	result/correctness/corrected_325557/; result/memory_scalability/corrected_325557/; result/ablation/corrected_325557/
raw_data/corrected_325557/job_2404743/vectors/gpu_opt_b9792.bc.tsv	corrected_325557	325557_3216152_corrected_v1	n/a	n/a	success	na	2404743	corrected325557_ab_20260717	build_miyabi/result_corrected_325557_20260717_215817_2404743.opbs/gpu_opt_b9792.bc.tsv	gpu_opt_b9792.bc.tsv	9330105	22f5eed2b4fbe5eb07368704eb0e29e2a129effc4996323fa246e5f1dfcc8a9a	yes	result/correctness/corrected_325557/; result/memory_scalability/corrected_325557/; result/ablation/corrected_325557/
raw_data/corrected_325557/job_2404743/vectors/gpu_opt_b9792.stderr.log	corrected_325557	325557_3216152_corrected_v1	n/a	n/a	success	na	2404743	corrected325557_ab_20260717	build_miyabi/result_corrected_325557_20260717_215817_2404743.opbs/gpu_opt_b9792.stderr.log	gpu_opt_b9792.stderr.log	842	bad19407d628b157729361b4d30a140149ae19afeb4e235f4826778ddeaa304d	yes	result/correctness/corrected_325557/; result/memory_scalability/corrected_325557/; result/ablation/corrected_325557/
raw_data/corrected_325557/job_2404743/vectors/gpu_opt_pure_b1024.bc.tsv	corrected_325557	325557_3216152_corrected_v1	n/a	n/a	success	na	2404743	corrected325557_ab_20260717	build_miyabi/result_corrected_325557_20260717_215817_2404743.opbs/gpu_opt_pure_b1024.bc.tsv	gpu_opt_pure_b1024.bc.tsv	9330110	65c109ef96f418be91cfb0acf5891504356783a172e28f703192b3594e8cacbb	yes	result/correctness/corrected_325557/; result/memory_scalability/corrected_325557/; result/ablation/corrected_325557/
raw_data/corrected_325557/job_2404743/vectors/gpu_opt_pure_b1024.stderr.log	corrected_325557	325557_3216152_corrected_v1	n/a	n/a	success	na	2404743	corrected325557_ab_20260717	build_miyabi/result_corrected_325557_20260717_215817_2404743.opbs/gpu_opt_pure_b1024.stderr.log	gpu_opt_pure_b1024.stderr.log	517	8fe6d9d90a6de1faf33c321355ac62677e0194572956fe09f301712e81c6353a	yes	result/correctness/corrected_325557/; result/memory_scalability/corrected_325557/; result/ablation/corrected_325557/
raw_data/corrected_325557/job_2404743/vectors/gpu_opt_pure_chunked_b1024.bc.tsv	corrected_325557	325557_3216152_corrected_v1	n/a	n/a	success	na	2404743	corrected325557_ab_20260717	build_miyabi/result_corrected_325557_20260717_215817_2404743.opbs/gpu_opt_pure_chunked_b1024.bc.tsv	gpu_opt_pure_chunked_b1024.bc.tsv	9330118	d53afd646d3895a60f065ba98561ccfca522bb240681610c915dfabd3ff7f618	yes	result/correctness/corrected_325557/; result/memory_scalability/corrected_325557/; result/ablation/corrected_325557/
raw_data/corrected_325557/job_2404743/vectors/gpu_opt_pure_chunked_b1024.stderr.log	corrected_325557	325557_3216152_corrected_v1	n/a	n/a	success	na	2404743	corrected325557_ab_20260717	build_miyabi/result_corrected_325557_20260717_215817_2404743.opbs/gpu_opt_pure_chunked_b1024.stderr.log	gpu_opt_pure_chunked_b1024.stderr.log	509	27ae32a62a30af8f3f1140324d5c0fa3b38ad4ed85deeda9e3dc44f53293edd7	yes	result/correctness/corrected_325557/; result/memory_scalability/corrected_325557/; result/ablation/corrected_325557/
raw_data/corrected_325557/job_2404743/vectors/gpu_opt_pure_chunked_b16384.bc.tsv	corrected_325557	325557_3216152_corrected_v1	n/a	n/a	success	na	2404743	corrected325557_ab_20260717	build_miyabi/result_corrected_325557_20260717_215817_2404743.opbs/gpu_opt_pure_chunked_b16384.bc.tsv	gpu_opt_pure_chunked_b16384.bc.tsv	9330118	222bcfccd085da93b13aefbda83e597020688a1afd5fab3321df14b9e27bed1f	yes	result/correctness/corrected_325557/; result/memory_scalability/corrected_325557/; result/ablation/corrected_325557/
raw_data/corrected_325557/job_2404743/vectors/gpu_opt_pure_chunked_b16384.stderr.log	corrected_325557	325557_3216152_corrected_v1	n/a	n/a	success	na	2404743	corrected325557_ab_20260717	build_miyabi/result_corrected_325557_20260717_215817_2404743.opbs/gpu_opt_pure_chunked_b16384.stderr.log	gpu_opt_pure_chunked_b16384.stderr.log	604	fa6972550932b49464056fbaec4caa7264da9e2d70cbbb2c089bd62310da3b76	yes	result/correctness/corrected_325557/; result/memory_scalability/corrected_325557/; result/ablation/corrected_325557/
raw_data/corrected_325557/job_2404743/vectors/pathmerge_b4096.bc.tsv	corrected_325557	325557_3216152_corrected_v1	n/a	n/a	success	na	2404743	corrected325557_ab_20260717	build_miyabi/result_corrected_325557_20260717_215817_2404743.opbs/pathmerge_b4096.bc.tsv	pathmerge_b4096.bc.tsv	9330110	164cceb2c179ce1a6552685663e6d66745a2483c877e0afe52e9f94bc7aa9496	yes	result/correctness/corrected_325557/; result/memory_scalability/corrected_325557/; result/ablation/corrected_325557/
raw_data/corrected_325557/job_2404743/vectors/pathmerge_b4096.stderr.log	corrected_325557	325557_3216152_corrected_v1	n/a	n/a	success	na	2404743	corrected325557_ab_20260717	build_miyabi/result_corrected_325557_20260717_215817_2404743.opbs/pathmerge_b4096.stderr.log	pathmerge_b4096.stderr.log	356	c64754c9148bd47c792205e8e52723ed0a605009485b8e49b8401f1b792ea6aa	yes	result/correctness/corrected_325557/; result/memory_scalability/corrected_325557/; result/ablation/corrected_325557/
raw_data/corrected_325557/job_2406254/MANIFEST.txt	corrected_325557	325557_3216152_corrected_v1	n/a	n/a	success	na	2406254	corrected325557_ablation_20260718	build_miyabi/result_corrected_325557_ablation_20260718_060627_2406254.opbs/MANIFEST.txt	MANIFEST.txt	2019	f6b1777e943e4638b0c2d7458006b9f4c1f544de6383b3bcc2999f9a408fddab	yes	result/correctness/corrected_325557/; result/memory_scalability/corrected_325557/; result/ablation/corrected_325557/
raw_data/corrected_325557/job_2406254/ablation_per_config_stats.tsv	corrected_325557	325557_3216152_corrected_v1	n/a	n/a	success	na	2406254	corrected325557_ablation_20260718	build_miyabi/result_corrected_325557_ablation_20260718_060627_2406254.opbs/ablation_per_config_stats.tsv	ablation_per_config_stats.tsv	1856	90926da4785f22d609c4e639782ac16812e8e8af4071382a7658b781d0e82fc8	yes	result/correctness/corrected_325557/; result/memory_scalability/corrected_325557/; result/ablation/corrected_325557/
raw_data/corrected_325557/job_2406254/ablation_results.partial.tsv	corrected_325557	325557_3216152_corrected_v1	n/a	n/a	success	na	2406254	corrected325557_ablation_20260718	build_miyabi/result_corrected_325557_ablation_20260718_060627_2406254.opbs/ablation_results.partial.tsv	ablation_results.partial.tsv	5283	ef96297cf4cf62addac0664636f79125e221b6fe8625973aab734fc16e36df04	yes	result/correctness/corrected_325557/; result/memory_scalability/corrected_325557/; result/ablation/corrected_325557/
raw_data/corrected_325557/job_2406254/ablation_results.tsv	corrected_325557	325557_3216152_corrected_v1	n/a	n/a	success	na	2406254	corrected325557_ablation_20260718	build_miyabi/result_corrected_325557_ablation_20260718_060627_2406254.opbs/ablation_results.tsv	ablation_results.tsv	5283	ef96297cf4cf62addac0664636f79125e221b6fe8625973aab734fc16e36df04	yes	result/correctness/corrected_325557/; result/memory_scalability/corrected_325557/; result/ablation/corrected_325557/
raw_data/corrected_325557/job_2406254/completeness.json	corrected_325557	325557_3216152_corrected_v1	n/a	n/a	success	na	2406254	corrected325557_ablation_20260718	build_miyabi/result_corrected_325557_ablation_20260718_060627_2406254.opbs/ablation_completeness.json	completeness.json	379	e137055d3da6f84e7aa72c9d37e937d5bab5cbd0902b8c710c83954344e2f9ce	yes	result/correctness/corrected_325557/; result/memory_scalability/corrected_325557/; result/ablation/corrected_325557/
raw_data/corrected_325557/job_2406254/graph_validation.json	corrected_325557	325557_3216152_corrected_v1	n/a	n/a	success	na	2406254	corrected325557_ablation_20260718	build_miyabi/result_corrected_325557_ablation_20260718_060627_2406254.opbs/graph_validation.json	graph_validation.json	2305	95fdf972fd75d2fcf75fd265c1a666b658f3af01c04db41767f77e367044f4f8	yes	result/correctness/corrected_325557/; result/memory_scalability/corrected_325557/; result/ablation/corrected_325557/
raw_data/corrected_325557/job_2406254/pbs_stdout.log	corrected_325557	325557_3216152_corrected_v1	n/a	n/a	success	na	2406254	corrected325557_ablation_20260718	bc_corr_abl.o2406254	pbs_stdout.log	4514	5adb78594cf98b072fe7b44770dd7dd39dfbf74a9cdbb111bfe09258af369b18	yes	result/correctness/corrected_325557/; result/memory_scalability/corrected_325557/; result/ablation/corrected_325557/
raw_data/corrected_325557/job_2406254/run.log	corrected_325557	325557_3216152_corrected_v1	n/a	n/a	success	na	2406254	corrected325557_ablation_20260718	build_miyabi/result_corrected_325557_ablation_20260718_060627_2406254.opbs/run.log	run.log	7178	7ff45715098910e99707f354d160700fbeb3677e77bad181a397d08e433f3df3	yes	result/correctness/corrected_325557/; result/memory_scalability/corrected_325557/; result/ablation/corrected_325557/
raw_data/corrected_325557/job_2406254/stderr/ablation.stderr.log	corrected_325557	325557_3216152_corrected_v1	n/a	n/a	success	na	2406254	corrected325557_ablation_20260718	build_miyabi/result_corrected_325557_ablation_20260718_060627_2406254.opbs/ablation.stderr.log	ablation.stderr.log	16780	a7555012252ec0577112566f1ba7a6a611c5517583445af1227cf16a80007ef2	yes	result/correctness/corrected_325557/; result/memory_scalability/corrected_325557/; result/ablation/corrected_325557/
raw_data/corrected_325557/job_2406254/stderr/completeness_after_trial_1.json	corrected_325557	325557_3216152_corrected_v1	n/a	n/a	success	na	2406254	corrected325557_ablation_20260718	build_miyabi/result_corrected_325557_ablation_20260718_060627_2406254.opbs/completeness_after_trial_1.json	completeness_after_trial_1.json	377	51951d3fe0cd5f1bff6c552e13034f164005f60327f370af66d37f9fd3df9b69	yes	result/correctness/corrected_325557/; result/memory_scalability/corrected_325557/; result/ablation/corrected_325557/
raw_data/corrected_325557/job_2406254/stderr/completeness_after_trial_2.json	corrected_325557	325557_3216152_corrected_v1	n/a	n/a	success	na	2406254	corrected325557_ablation_20260718	build_miyabi/result_corrected_325557_ablation_20260718_060627_2406254.opbs/completeness_after_trial_2.json	completeness_after_trial_2.json	379	9fc7bab6b18d854545c8710fbcc2e10843ebbda0858b705c2a88d5666c4760bb	yes	result/correctness/corrected_325557/; result/memory_scalability/corrected_325557/; result/ablation/corrected_325557/
raw_data/corrected_325557/job_2406254/stderr/completeness_after_trial_3.json	corrected_325557	325557_3216152_corrected_v1	n/a	n/a	success	na	2406254	corrected325557_ablation_20260718	build_miyabi/result_corrected_325557_ablation_20260718_060627_2406254.opbs/completeness_after_trial_3.json	completeness_after_trial_3.json	379	23bf0855f9cbed2d63919f5c672dece701d0d4760cf6938a82d416f81a6913d0	yes	result/correctness/corrected_325557/; result/memory_scalability/corrected_325557/; result/ablation/corrected_325557/
raw_data/corrected_325557/job_2406254/stderr/completeness_after_trial_4.json	corrected_325557	325557_3216152_corrected_v1	n/a	n/a	success	na	2406254	corrected325557_ablation_20260718	build_miyabi/result_corrected_325557_ablation_20260718_060627_2406254.opbs/completeness_after_trial_4.json	completeness_after_trial_4.json	379	4f260d0769822d9a216e2943523aae6b0d3669ef690dbf9c77445eb7f0d4cbdf	yes	result/correctness/corrected_325557/; result/memory_scalability/corrected_325557/; result/ablation/corrected_325557/
raw_data/corrected_325557/job_2406254/stderr/completeness_after_trial_5.json	corrected_325557	325557_3216152_corrected_v1	n/a	n/a	success	na	2406254	corrected325557_ablation_20260718	build_miyabi/result_corrected_325557_ablation_20260718_060627_2406254.opbs/completeness_after_trial_5.json	completeness_after_trial_5.json	379	e137055d3da6f84e7aa72c9d37e937d5bab5cbd0902b8c710c83954344e2f9ce	yes	result/correctness/corrected_325557/; result/memory_scalability/corrected_325557/; result/ablation/corrected_325557/
raw_data/corrected_325557/job_2406254/stderr/trial_1.stdout.tsv	corrected_325557	325557_3216152_corrected_v1	n/a	n/a	success	na	2406254	corrected325557_ablation_20260718	build_miyabi/result_corrected_325557_ablation_20260718_060627_2406254.opbs/trial_1.stdout.tsv	trial_1.stdout.tsv	513	d25e5f1fd9d821eda0161ac6cbbf579d3bf7eefdea075c274e7ad01c0e7ac04d	yes	result/correctness/corrected_325557/; result/memory_scalability/corrected_325557/; result/ablation/corrected_325557/
raw_data/corrected_325557/job_2406254/stderr/trial_2.stdout.tsv	corrected_325557	325557_3216152_corrected_v1	n/a	n/a	success	na	2406254	corrected325557_ablation_20260718	build_miyabi/result_corrected_325557_ablation_20260718_060627_2406254.opbs/trial_2.stdout.tsv	trial_2.stdout.tsv	513	36db9efa6c0a0dee9d216e687a88aeb56dbe1ef752625ec65f215f930a1a7cdd	yes	result/correctness/corrected_325557/; result/memory_scalability/corrected_325557/; result/ablation/corrected_325557/
raw_data/corrected_325557/job_2406254/stderr/trial_3.stdout.tsv	corrected_325557	325557_3216152_corrected_v1	n/a	n/a	success	na	2406254	corrected325557_ablation_20260718	build_miyabi/result_corrected_325557_ablation_20260718_060627_2406254.opbs/trial_3.stdout.tsv	trial_3.stdout.tsv	513	09e324ce9a1162efc207950f18fa4665e04834d7a0c12945681868b4fe195bdd	yes	result/correctness/corrected_325557/; result/memory_scalability/corrected_325557/; result/ablation/corrected_325557/
raw_data/corrected_325557/job_2406254/stderr/trial_4.stdout.tsv	corrected_325557	325557_3216152_corrected_v1	n/a	n/a	success	na	2406254	corrected325557_ablation_20260718	build_miyabi/result_corrected_325557_ablation_20260718_060627_2406254.opbs/trial_4.stdout.tsv	trial_4.stdout.tsv	513	527a305db63cb7bf4f512ba0ded09ea0973149d5f13dbba7b710c22f37dc35f2	yes	result/correctness/corrected_325557/; result/memory_scalability/corrected_325557/; result/ablation/corrected_325557/
raw_data/corrected_325557/job_2406254/stderr/trial_5.stdout.tsv	corrected_325557	325557_3216152_corrected_v1	n/a	n/a	success	na	2406254	corrected325557_ablation_20260718	build_miyabi/result_corrected_325557_ablation_20260718_060627_2406254.opbs/trial_5.stdout.tsv	trial_5.stdout.tsv	513	097878012ae4a8a9342c6f1e6d0ed4bc17f74e831ece618cbf696782e1244b89	yes	result/correctness/corrected_325557/; result/memory_scalability/corrected_325557/; result/ablation/corrected_325557/
raw_data/correctness/memory_paths/325557_3216152/_job/job_2368587_20260712/MANIFEST.txt	correctness/memory_paths	325557_3216152	job_meta	n/a	success	20260712	2368587	memory_correctness_20260712	result/correctness/memory_paths/canonical_job_2368587/MANIFEST.txt	MANIFEST.txt	5776	b2d46123b1278868822071c6aa5da6f20a81f722ba9574cf4ea569c158bec116	yes	result/correctness/memory_paths/
raw_data/correctness/memory_paths/325557_3216152/_job/job_2368587_20260712/run.log	correctness/memory_paths	325557_3216152	job_meta	n/a	success	20260712	2368587	memory_correctness_20260712	result/correctness/memory_paths/canonical_job_2368587/run.log	run.log	26552	d6f43ac337543af3ef5134f0a03d06bb8c411fafbf9433e374be1818f885577f	yes	result/correctness/memory_paths/
raw_data/correctness/memory_paths/325557_3216152/_job/job_2369632_20260713/MANIFEST.txt	correctness/memory_paths	325557_3216152	job_meta	n/a	success	20260713	2369632	memory_diagnostic_20260713	result/correctness/memory_paths/diagnostic_job_2369632/MANIFEST.txt	MANIFEST.txt	1366	07f22ae6ca7bb2ce2f1f6399320736c5eab21831bddd038184f566a9b7ede359	yes	result/correctness/memory_paths/
raw_data/correctness/memory_paths/325557_3216152/_job/job_2369632_20260713/run.log	correctness/memory_paths	325557_3216152	job_meta	n/a	success	20260713	2369632	memory_diagnostic_20260713	result/correctness/memory_paths/diagnostic_job_2369632/run.log	run.log	23394	36c2999eb107b203bd22feb14004337e06af60861912126f0cb4a698a0b5107f	yes	result/correctness/memory_paths/
raw_data/correctness/memory_paths/325557_3216152/gpu_opt/um_b1024/job_2368587_20260712/gpu_opt_b1024.bc.tsv	correctness/memory_paths	325557_3216152	gpu_opt	um_b1024	success	20260712	2368587	memory_correctness_20260712	build_miyabi/result_memory_correctness_20260712_220331_2368587.opbs/gpu_opt_b1024.bc.tsv	gpu_opt_b1024.bc.tsv	9330092	4a40a553a388ba2cb29d4ea366db979983fa398c55bb8a694882f260efd431cb	yes	result/correctness/memory_paths/
raw_data/correctness/memory_paths/325557_3216152/gpu_opt/um_b1024/job_2368587_20260712/gpu_opt_b1024.stderr.log	correctness/memory_paths	325557_3216152	gpu_opt	um_b1024	success	20260712	2368587	memory_correctness_20260712	result/correctness/memory_paths/canonical_job_2368587/gpu_opt_b1024.stderr.log	gpu_opt_b1024.stderr.log	564	478444561357e58a4c720a72d84b7664b3548682b9ca28e3035cef2ddec17e39	yes	result/correctness/memory_paths/
raw_data/correctness/memory_paths/325557_3216152/gpu_opt/um_b1024_control/job_2369632_20260713/stderr.log	correctness/memory_paths	325557_3216152	gpu_opt	um_b1024_control	success	20260713	2369632	memory_diagnostic_20260713	result/correctness/memory_paths/diagnostic_job_2369632/CONTROL/stderr.log	stderr.log	731	c7bcdce2f73f275cab384eb200f7490426dca7eeac6a9d18b478f710008e4bb0	yes	result/correctness/memory_paths/
raw_data/correctness/memory_paths/325557_3216152/gpu_opt/um_b1024_control/job_2369632_20260713/vector.bc.tsv	correctness/memory_paths	325557_3216152	gpu_opt	um_b1024_control	success	20260713	2369632	memory_diagnostic_20260713	build_miyabi/result_memory_diagnostic_20260713_012328_2369632.opbs/CONTROL/vector.bc.tsv	vector.bc.tsv	9330092	e4458d31c904d904d1b3f4e0c21bf35ee279324e64b39444e8cd1b44585fdede	yes	result/correctness/memory_paths/
raw_data/correctness/memory_paths/325557_3216152/gpu_opt/um_b1024_tnseff/job_2369632_20260713/stderr.log	correctness/memory_paths	325557_3216152	gpu_opt	um_b1024_tnseff	success	20260713	2369632	memory_diagnostic_20260713	result/correctness/memory_paths/diagnostic_job_2369632/T-NSEFF/stderr.log	stderr.log	729	173200ce2fb78e36e2015f9a369d48fdbb3b36bd6b7dee110365a22ac6ceabc7	yes	result/correctness/memory_paths/
raw_data/correctness/memory_paths/325557_3216152/gpu_opt/um_b1024_tnseff/job_2369632_20260713/vector.bc.tsv	correctness/memory_paths	325557_3216152	gpu_opt	um_b1024_tnseff	success	20260713	2369632	memory_diagnostic_20260713	build_miyabi/result_memory_diagnostic_20260713_012328_2369632.opbs/T-NSEFF/vector.bc.tsv	vector.bc.tsv	9330092	45edeb2c6b8dc65cbb98280f863407d146b2d2007d3f92b1668475713f759d35	yes	result/correctness/memory_paths/
raw_data/correctness/memory_paths/325557_3216152/gpu_opt/um_b1024_treset/job_2369632_20260713/stderr.log	correctness/memory_paths	325557_3216152	gpu_opt	um_b1024_treset	success	20260713	2369632	memory_diagnostic_20260713	result/correctness/memory_paths/diagnostic_job_2369632/T-RESET/stderr.log	stderr.log	729	52ac470382d24909bb22f746e6cd6b1f8dcfe7b24e87694167913f36aa217950	yes	result/correctness/memory_paths/
raw_data/correctness/memory_paths/325557_3216152/gpu_opt/um_b1024_treset/job_2369632_20260713/vector.bc.tsv	correctness/memory_paths	325557_3216152	gpu_opt	um_b1024_treset	success	20260713	2369632	memory_diagnostic_20260713	build_miyabi/result_memory_diagnostic_20260713_012328_2369632.opbs/T-RESET/vector.bc.tsv	vector.bc.tsv	9330092	95395d1c5cf4a0cd75af0a2ec078edb5770c3ac201fb6ecaca2118fc63b4ce28	yes	result/correctness/memory_paths/
raw_data/correctness/memory_paths/325557_3216152/gpu_opt/um_b9792/job_2368587_20260712/gpu_opt_b9792.bc.tsv	correctness/memory_paths	325557_3216152	gpu_opt	um_b9792	success	20260712	2368587	memory_correctness_20260712	build_miyabi/result_memory_correctness_20260712_220331_2368587.opbs/gpu_opt_b9792.bc.tsv	gpu_opt_b9792.bc.tsv	9330092	be8f52d32ac03cd495a08c5c6cd138fcdcec916a16830e62e7bc8d3c968d25c5	yes	result/correctness/memory_paths/
raw_data/correctness/memory_paths/325557_3216152/gpu_opt/um_b9792/job_2368587_20260712/gpu_opt_b9792.stderr.log	correctness/memory_paths	325557_3216152	gpu_opt	um_b9792	success	20260712	2368587	memory_correctness_20260712	result/correctness/memory_paths/canonical_job_2368587/gpu_opt_b9792.stderr.log	gpu_opt_b9792.stderr.log	663	63db92bedde167861e251907ed612765d12e92a91eac7247f29dd3993aa1bb72	yes	result/correctness/memory_paths/
raw_data/correctness/memory_paths/325557_3216152/gpu_opt_pure/pure_b1024/job_2368587_20260712/gpu_opt_pure_b1024.bc.tsv	correctness/memory_paths	325557_3216152	gpu_opt_pure	pure_b1024	success	20260712	2368587	memory_correctness_20260712	build_miyabi/result_memory_correctness_20260712_220331_2368587.opbs/gpu_opt_pure_b1024.bc.tsv	gpu_opt_pure_b1024.bc.tsv	9330097	fc95255fe422693d5f7c8d80d39624015b3f9ad2020b54916f61358718439984	yes	result/correctness/memory_paths/
raw_data/correctness/memory_paths/325557_3216152/gpu_opt_pure/pure_b1024/job_2368587_20260712/gpu_opt_pure_b1024.stderr.log	correctness/memory_paths	325557_3216152	gpu_opt_pure	pure_b1024	success	20260712	2368587	memory_correctness_20260712	result/correctness/memory_paths/canonical_job_2368587/gpu_opt_pure_b1024.stderr.log	gpu_opt_pure_b1024.stderr.log	504	655aeb2f1828ab96e75aa08657a45b9cba8cc2f2f75e3a4760712999a1fef967	yes	result/correctness/memory_paths/
raw_data/correctness/memory_paths/325557_3216152/gpu_opt_pure_chunked/chunked_b1024/job_2368587_20260712/gpu_opt_pure_chunked_b1024.bc.tsv	correctness/memory_paths	325557_3216152	gpu_opt_pure_chunked	chunked_b1024	success	20260712	2368587	memory_correctness_20260712	build_miyabi/result_memory_correctness_20260712_220331_2368587.opbs/gpu_opt_pure_chunked_b1024.bc.tsv	gpu_opt_pure_chunked_b1024.bc.tsv	9330105	5ff0bef083dff51e0c6f15894912549dd5e28bb42e5eaabf626654edbf4627de	yes	result/correctness/memory_paths/
raw_data/correctness/memory_paths/325557_3216152/gpu_opt_pure_chunked/chunked_b1024/job_2368587_20260712/gpu_opt_pure_chunked_b1024.stderr.log	correctness/memory_paths	325557_3216152	gpu_opt_pure_chunked	chunked_b1024	success	20260712	2368587	memory_correctness_20260712	result/correctness/memory_paths/canonical_job_2368587/gpu_opt_pure_chunked_b1024.stderr.log	gpu_opt_pure_chunked_b1024.stderr.log	496	ecb4f63f806dc0699fb81267a6c44d98dea100356c646be0e896e2b3e3fd8d0c	yes	result/correctness/memory_paths/
raw_data/correctness/memory_paths/325557_3216152/gpu_opt_pure_chunked/chunked_b16384/job_2368587_20260712/gpu_opt_pure_chunked_b16384.bc.tsv	correctness/memory_paths	325557_3216152	gpu_opt_pure_chunked	chunked_b16384	success	20260712	2368587	memory_correctness_20260712	build_miyabi/result_memory_correctness_20260712_220331_2368587.opbs/gpu_opt_pure_chunked_b16384.bc.tsv	gpu_opt_pure_chunked_b16384.bc.tsv	9330105	618ffdc4108f0c24a148bc1aa2a18b83d14b48319cd18438f89196b40930a86d	yes	result/correctness/memory_paths/
raw_data/correctness/memory_paths/325557_3216152/gpu_opt_pure_chunked/chunked_b16384/job_2368587_20260712/gpu_opt_pure_chunked_b16384.stderr.log	correctness/memory_paths	325557_3216152	gpu_opt_pure_chunked	chunked_b16384	success	20260712	2368587	memory_correctness_20260712	result/correctness/memory_paths/canonical_job_2368587/gpu_opt_pure_chunked_b16384.stderr.log	gpu_opt_pure_chunked_b16384.stderr.log	591	22c584a3770fff092fb9bbd679f8c1217d85a7ccc084010e82b46cbeaec8c6cc	yes	result/correctness/memory_paths/
raw_data/correctness/memory_paths/325557_3216152/pathmerge_bc/pathmerge_b4096/job_2368587_20260712/pathmerge_b4096.bc.tsv	correctness/memory_paths	325557_3216152	pathmerge_bc	pathmerge_b4096	success	20260712	2368587	memory_correctness_20260712	build_miyabi/result_memory_correctness_20260712_220331_2368587.opbs/pathmerge_b4096.bc.tsv	pathmerge_b4096.bc.tsv	9330097	94e6379ac52e76025052ff98e97274a16b6467b57454d73c6d68aaa9eeeebd9d	yes	result/correctness/memory_paths/
raw_data/correctness/memory_paths/325557_3216152/pathmerge_bc/pathmerge_b4096/job_2368587_20260712/pathmerge_b4096.stderr.log	correctness/memory_paths	325557_3216152	pathmerge_bc	pathmerge_b4096	success	20260712	2368587	memory_correctness_20260712	result/correctness/memory_paths/canonical_job_2368587/pathmerge_b4096.stderr.log	pathmerge_b4096.stderr.log	343	bdb2eabc79784bb0f89904f6e6117e153bea252ee95b3f2f968d67d20b2cf8f7	yes	result/correctness/memory_paths/
raw_data/correctness/memory_paths/325557_3216152/pbs_stdout_job_2368587_20260712.log	correctness/memory_paths	325557_3216152	n/a	n/a	success	20260712	2368587	memory_correctness_20260712	thesis_bc_project/bc_mem_correct.o2368587	pbs_stdout_job_2368587_20260712.log	5483	d4101629b40b2359d68fafa7faf9229cf9fe07a5fa5a1a34de58bb04baf2dfb1	yes	result/correctness/memory_paths/
raw_data/correctness/memory_paths/325557_3216152/pbs_stdout_job_2369632_20260713.log	correctness/memory_paths	325557_3216152	n/a	n/a	success	20260713	2369632	memory_diagnostic_20260713	thesis_bc_project/bc_mem_diag.o2369632	pbs_stdout_job_2369632_20260713.log	5452	404eb33357a84f9f8c0a1431f7a0bd2c63b406c905ebc83bb01a2409a6008461	yes	result/correctness/memory_paths/
raw_data/correctness/small_full_vector/_job/job_2367583_20260712/MANIFEST.txt	correctness/small_full_vector	job_meta	n/a	n/a	success	20260712	2367583	small_correctness_20260712	result/correctness/small_full_vector/MANIFEST.txt	MANIFEST.txt	3475	ec889c0d98c6da71b5d9a665e3e61fd54da5f833ffb13af2143c27e0677c4a65	yes	result/correctness/small_full_vector/
raw_data/correctness/small_full_vector/_job/job_2367583_20260712/pbs_stdout.log	correctness/small_full_vector	job_meta	n/a	n/a	success	20260712	2367583	small_correctness_20260712	thesis_bc_project/bc_small_correct.o2367583	pbs_stdout.log	3456	ad85a2c2654c6e65bad2f6fd614b1e3e69d23226db9de60195d7bedd2cd9fe10	yes	result/correctness/small_full_vector/
raw_data/correctness/small_full_vector/_job/job_2367583_20260712/run.log	correctness/small_full_vector	job_meta	n/a	n/a	success	20260712	2367583	small_correctness_20260712	result/correctness/small_full_vector/run.log	run.log	9675	448228a5242da2db4fb4e2e4dacf6e87a5028524639319267006035d88caa7e3	yes	result/correctness/small_full_vector/
raw_data/correctness/small_full_vector/benchmark_11023_62184/gpu_opt/um_b512/job_2367583_20260712/gpu_opt.bc.tsv	correctness/small_full_vector	benchmark_11023_62184	gpu_opt	um_b512	success	20260712	2367583	small_correctness_20260712	build_miyabi/result_small_correctness_20260712_181140_2367583.opbs/benchmark_11023_62184/gpu_opt.bc.tsv	gpu_opt.bc.tsv	297589	d9db54898130c8e7acefe2cb304f57a6a52c0b379edae5aa72203e622a0e21f9	yes	result/correctness/small_full_vector/
raw_data/correctness/small_full_vector/benchmark_11023_62184/gpu_opt/um_b512/job_2367583_20260712/gpu_opt.stderr.log	correctness/small_full_vector	benchmark_11023_62184	gpu_opt	um_b512	success	20260712	2367583	small_correctness_20260712	result/correctness/small_full_vector/benchmark_11023_62184/gpu_opt.stderr.log	gpu_opt.stderr.log	551	fd88670b29ec6c5d381b32dd373686f69d5958e79e51081e31bae52dd1631946	yes	result/correctness/small_full_vector/
raw_data/correctness/small_full_vector/benchmark_11023_62184/sequential/seq/job_2367583_20260712/sequential.bc.tsv	correctness/small_full_vector	benchmark_11023_62184	sequential	seq	success	20260712	2367583	small_correctness_20260712	build_miyabi/result_small_correctness_20260712_181140_2367583.opbs/benchmark_11023_62184/sequential.bc.tsv	sequential.bc.tsv	297592	98381b7869cb86719669aa78ecaeaad90054be77d43544a907cfea27f66fbae6	yes	result/correctness/small_full_vector/
raw_data/correctness/small_full_vector/benchmark_11023_62184/sequential/seq/job_2367583_20260712/sequential.stderr.log	correctness/small_full_vector	benchmark_11023_62184	sequential	seq	success	20260712	2367583	small_correctness_20260712	result/correctness/small_full_vector/benchmark_11023_62184/sequential.stderr.log	sequential.stderr.log	243	d7ebec77a0a9d80c8e5c742f25b9bb765a193b9f17dc448d9873061dca15e3e3	yes	result/correctness/small_full_vector/
raw_data/correctness/small_full_vector/benchmark_7000_41459/gpu_opt/um_b512/job_2367583_20260712/gpu_opt.bc.tsv	correctness/small_full_vector	benchmark_7000_41459	gpu_opt	um_b512	success	20260712	2367583	small_correctness_20260712	build_miyabi/result_small_correctness_20260712_181140_2367583.opbs/benchmark_7000_41459/gpu_opt.bc.tsv	gpu_opt.bc.tsv	187943	458d0a129e03229b1e349d8725461ef9c6cb99356636b8ebc87bacbe8a16e957	yes	result/correctness/small_full_vector/
raw_data/correctness/small_full_vector/benchmark_7000_41459/gpu_opt/um_b512/job_2367583_20260712/gpu_opt.stderr.log	correctness/small_full_vector	benchmark_7000_41459	gpu_opt	um_b512	success	20260712	2367583	small_correctness_20260712	result/correctness/small_full_vector/benchmark_7000_41459/gpu_opt.stderr.log	gpu_opt.stderr.log	547	55d5a66dfa84523f0307489fdcfc9d034a140594d4d7de9e2d86c0737f4f95f3	yes	result/correctness/small_full_vector/
raw_data/correctness/small_full_vector/benchmark_7000_41459/sequential/seq/job_2367583_20260712/sequential.bc.tsv	correctness/small_full_vector	benchmark_7000_41459	sequential	seq	success	20260712	2367583	small_correctness_20260712	build_miyabi/result_small_correctness_20260712_181140_2367583.opbs/benchmark_7000_41459/sequential.bc.tsv	sequential.bc.tsv	187946	fa23bf8892bdc799a9f859d3ccbe6859a1d965fb9162dcd62030d073a6771c04	yes	result/correctness/small_full_vector/
raw_data/correctness/small_full_vector/benchmark_7000_41459/sequential/seq/job_2367583_20260712/sequential.stderr.log	correctness/small_full_vector	benchmark_7000_41459	sequential	seq	success	20260712	2367583	small_correctness_20260712	result/correctness/small_full_vector/benchmark_7000_41459/sequential.stderr.log	sequential.stderr.log	238	117af5d6e946777f53ce23276506ae12a8c515eafe4eb3ff7d0b336900031d0d	yes	result/correctness/small_full_vector/
raw_data/correctness/small_full_vector/chain_200/gpu_opt/um_b512/job_2367583_20260712/gpu_opt.bc.tsv	correctness/small_full_vector	chain_200	gpu_opt	um_b512	success	20260712	2367583	small_correctness_20260712	build_miyabi/result_small_correctness_20260712_181140_2367583.opbs/chain_200/gpu_opt.bc.tsv	gpu_opt.bc.tsv	5131	3feef9b82e3ef287a3fe010f0797c07d04e9b18206ef88a6a8b3f469c9840dda	yes	result/correctness/small_full_vector/
raw_data/correctness/small_full_vector/chain_200/gpu_opt/um_b512/job_2367583_20260712/gpu_opt.stderr.log	correctness/small_full_vector	chain_200	gpu_opt	um_b512	success	20260712	2367583	small_correctness_20260712	result/correctness/small_full_vector/chain_200/gpu_opt.stderr.log	gpu_opt.stderr.log	530	0c72a07cbbdc2b40b4fd773b3a63a4a4314e3e1564e5ca2e8ca6e413b6fb7958	yes	result/correctness/small_full_vector/
raw_data/correctness/small_full_vector/chain_200/sequential/seq/job_2367583_20260712/sequential.bc.tsv	correctness/small_full_vector	chain_200	sequential	seq	success	20260712	2367583	small_correctness_20260712	build_miyabi/result_small_correctness_20260712_181140_2367583.opbs/chain_200/sequential.bc.tsv	sequential.bc.tsv	5134	1f39b65cc3fd9cf8e79e24421ed9bf5883e2869cd3d10db956275ca82c715f4b	yes	result/correctness/small_full_vector/
raw_data/correctness/small_full_vector/chain_200/sequential/seq/job_2367583_20260712/sequential.stderr.log	correctness/small_full_vector	chain_200	sequential	seq	success	20260712	2367583	small_correctness_20260712	result/correctness/small_full_vector/chain_200/sequential.stderr.log	sequential.stderr.log	222	444fdde7a49e404403d6d1c7f717b23bcfefc9a475fbb53f15e12f6e63e4e9a2	yes	result/correctness/small_full_vector/
raw_data/main_performance/proposed_variants/email-EuAll/_run/job_2357334_20260711/benchmark.log	main_performance/proposed_variants	email-EuAll	all_impls	n/a	success	20260711	2357334	phase_def_block_20260710	result/main_performance/proposed_variants/email-EuAll/benchmark.log	benchmark.log	8671	9b57cf09f7c9496a7391aba36ded08921cf74c08fc734bbcf296eb1b26d5cd1c	yes	result/main_performance/proposed_variants/
raw_data/main_performance/proposed_variants/email-EuAll/_run/job_2357334_20260711/max_bc.tsv	main_performance/proposed_variants	email-EuAll	all_impls	n/a	success	20260711	2357334	phase_def_block_20260710	result/main_performance/proposed_variants/email-EuAll/max_bc.tsv	max_bc.tsv	690	0c708ffc33fd83bf905369cf7b1db40804142c08d03ce6231f3b33862d095032	yes	result/main_performance/proposed_variants/
raw_data/main_performance/proposed_variants/email-EuAll/_run/job_2357334_20260711/pbs_stdout.log	main_performance/proposed_variants	email-EuAll	all_impls	n/a	success	20260711	2357334	phase_def_block_20260710	thesis_bc_project/bc_targeted.o2357334	pbs_stdout.log	5301	31bdc3a67486382edfc1555c2241decdaa19d355dfaccc5db279955de77b1b0b	yes	result/main_performance/proposed_variants/
raw_data/main_performance/proposed_variants/email-EuAll/_run/job_2357334_20260711/phase_timing.log	main_performance/proposed_variants	email-EuAll	all_impls	n/a	success	20260711	2357334	phase_def_block_20260710	result/main_performance/proposed_variants/email-EuAll/phase_timing.log	phase_timing.log	7185	532eca9d544cf94be1def98a7b55fc3a615dfe9dfab273d218ef486b66abdeaa	yes	result/main_performance/proposed_variants/
raw_data/main_performance/proposed_variants/email-EuAll/_run/job_2357334_20260711/results.tsv	main_performance/proposed_variants	email-EuAll	all_impls	n/a	success	20260711	2357334	phase_def_block_20260710	result/main_performance/proposed_variants/email-EuAll/results.tsv	results.tsv	939	19eaa3b29c9300bc11f974bc0064f02f6ae3ef6b6c771a5fbedbd082c8468576	yes	result/main_performance/proposed_variants/
raw_data/main_performance/proposed_variants/roadNet-CA/_run/job_2357334_20260711/benchmark.log	main_performance/proposed_variants	roadNet-CA	all_impls	n/a	success	20260711	2357334	phase_def_block_20260710	result/main_performance/proposed_variants/roadNet-CA/benchmark.log	benchmark.log	5635	f24b9c2b51ba0733a2f557c41447d6d949645458edab764b40ac85d893dd8cc3	yes	result/main_performance/proposed_variants/
raw_data/main_performance/proposed_variants/roadNet-CA/_run/job_2357334_20260711/max_bc.tsv	main_performance/proposed_variants	roadNet-CA	all_impls	n/a	success	20260711	2357334	phase_def_block_20260710	result/main_performance/proposed_variants/roadNet-CA/max_bc.tsv	max_bc.tsv	486	3a84f62771df9545e82b09b944c7b849119c209873fea77154b0aafaae6a21cf	yes	result/main_performance/proposed_variants/
raw_data/main_performance/proposed_variants/roadNet-CA/_run/job_2357334_20260711/pbs_stdout.log	main_performance/proposed_variants	roadNet-CA	all_impls	n/a	success	20260711	2357334	phase_def_block_20260710	thesis_bc_project/bc_targeted.o2357337	pbs_stdout.log	3698	dbb6fa171f3772e725bf7ca118cefb6b884d3323789ca397448e42108b8d1fcc	yes	result/main_performance/proposed_variants/
raw_data/main_performance/proposed_variants/roadNet-CA/_run/job_2357334_20260711/phase_timing.log	main_performance/proposed_variants	roadNet-CA	all_impls	n/a	success	20260711	2357334	phase_def_block_20260710	result/main_performance/proposed_variants/roadNet-CA/phase_timing.log	phase_timing.log	4476	a873329f5501ce9ed240f05ee3e208ae38e0402a64313b69a4fb735d1670a21c	yes	result/main_performance/proposed_variants/
raw_data/main_performance/proposed_variants/roadNet-CA/_run/job_2357334_20260711/results.tsv	main_performance/proposed_variants	roadNet-CA	all_impls	n/a	success	20260711	2357334	phase_def_block_20260710	result/main_performance/proposed_variants/roadNet-CA/results.tsv	results.tsv	612	0c4dc2ee0c8d214c884d632ca2b84b153890dc7a49234d2d4f017034cffbc3fd	yes	result/main_performance/proposed_variants/
raw_data/main_performance/proposed_variants/roadNet-PA/_run/job_2357334_20260711/benchmark.log	main_performance/proposed_variants	roadNet-PA	all_impls	n/a	success	20260711	2357334	phase_def_block_20260710	result/main_performance/proposed_variants/roadNet-PA/benchmark.log	benchmark.log	5596	cd1002bde8a25ddd8084e3e178d3d702c3d513743d8f8815ce1be14418fc454e	yes	result/main_performance/proposed_variants/
raw_data/main_performance/proposed_variants/roadNet-PA/_run/job_2357334_20260711/max_bc.tsv	main_performance/proposed_variants	roadNet-PA	all_impls	n/a	success	20260711	2357334	phase_def_block_20260710	result/main_performance/proposed_variants/roadNet-PA/max_bc.tsv	max_bc.tsv	477	d737f61df5356a69b79e6c6ff5120f3b39844cc4503dbe4de7cd9962007b39ba	yes	result/main_performance/proposed_variants/
raw_data/main_performance/proposed_variants/roadNet-PA/_run/job_2357334_20260711/pbs_stdout.log	main_performance/proposed_variants	roadNet-PA	all_impls	n/a	success	20260711	2357334	phase_def_block_20260710	thesis_bc_project/bc_targeted.o2357335	pbs_stdout.log	3680	9f3828311a1eda75a637b0accea1f855041fa51e875bdc254d8f0ead53ebd372	yes	result/main_performance/proposed_variants/
raw_data/main_performance/proposed_variants/roadNet-PA/_run/job_2357334_20260711/phase_timing.log	main_performance/proposed_variants	roadNet-PA	all_impls	n/a	success	20260711	2357334	phase_def_block_20260710	result/main_performance/proposed_variants/roadNet-PA/phase_timing.log	phase_timing.log	4437	378d73d3d90c1593fa79b75f94b2449c9e18579fc540151378744320c75ce9a2	yes	result/main_performance/proposed_variants/
raw_data/main_performance/proposed_variants/roadNet-PA/_run/job_2357334_20260711/results.tsv	main_performance/proposed_variants	roadNet-PA	all_impls	n/a	success	20260711	2357334	phase_def_block_20260710	result/main_performance/proposed_variants/roadNet-PA/results.tsv	results.tsv	603	88e09385c4188359a92252209c0493ceb93cecdefcb616d7526e9e6b8ee32eb2	yes	result/main_performance/proposed_variants/
raw_data/main_performance/proposed_variants/roadNet-TX/_run/job_2357334_20260711/benchmark.log	main_performance/proposed_variants	roadNet-TX	all_impls	n/a	success	20260711	2357334	phase_def_block_20260710	result/main_performance/proposed_variants/roadNet-TX/benchmark.log	benchmark.log	5596	27737385bb6c91c5b341fa92a2a0e7dcc21562cb200013b0129d44c8ac2d50a2	yes	result/main_performance/proposed_variants/
raw_data/main_performance/proposed_variants/roadNet-TX/_run/job_2357334_20260711/max_bc.tsv	main_performance/proposed_variants	roadNet-TX	all_impls	n/a	success	20260711	2357334	phase_def_block_20260710	result/main_performance/proposed_variants/roadNet-TX/max_bc.tsv	max_bc.tsv	477	98d785b0a354602e82f550e983aaef696fc9ced2e832f4565afb9cac58131c81	yes	result/main_performance/proposed_variants/
raw_data/main_performance/proposed_variants/roadNet-TX/_run/job_2357334_20260711/pbs_stdout.log	main_performance/proposed_variants	roadNet-TX	all_impls	n/a	success	20260711	2357334	phase_def_block_20260710	thesis_bc_project/bc_targeted.o2357336	pbs_stdout.log	3680	ce97d68a712b9c5733fc0027374569f52441b94a1301098247b1189b783d668f	yes	result/main_performance/proposed_variants/
raw_data/main_performance/proposed_variants/roadNet-TX/_run/job_2357334_20260711/phase_timing.log	main_performance/proposed_variants	roadNet-TX	all_impls	n/a	success	20260711	2357334	phase_def_block_20260710	result/main_performance/proposed_variants/roadNet-TX/phase_timing.log	phase_timing.log	4437	955a3d372d046b46eadc4dbce083d5bc0668ac394d28010c9f893fec1990ea3b	yes	result/main_performance/proposed_variants/
raw_data/main_performance/proposed_variants/roadNet-TX/_run/job_2357334_20260711/results.tsv	main_performance/proposed_variants	roadNet-TX	all_impls	n/a	success	20260711	2357334	phase_def_block_20260710	result/main_performance/proposed_variants/roadNet-TX/results.tsv	results.tsv	603	d07218e83497afb4c9a6f2526169154da8852085e562ed573c90839faf0bd4e8	yes	result/main_performance/proposed_variants/
raw_data/main_performance/seven_implementations/legacy_partial/large/gpu_opt_and_gpu_opt_pure_chunked/job_notrecorded_legacy/benchmark.log	main_performance/seven_implementations	large	gpu_opt_and_gpu_opt_pure_chunked	n/a	success	legacy	not_recorded	oldtree_f05ec52_20260512	result/main_performance/seven_implementations/legacy_partial/large/gpu_opt_and_gpu_opt_pure_chunked/benchmark.log	benchmark.log	18371	4c1b2571a9cc26c385ae281414ed707a199aff743bb46ba23032fb69966742be	partial	result/main_performance/seven_implementations/legacy_partial/
raw_data/main_performance/seven_implementations/legacy_partial/large/gpu_opt_and_gpu_opt_pure_chunked/job_notrecorded_legacy/max_bc.tsv	main_performance/seven_implementations	large	gpu_opt_and_gpu_opt_pure_chunked	n/a	success	legacy	not_recorded	oldtree_f05ec52_20260512	result/main_performance/seven_implementations/legacy_partial/large/gpu_opt_and_gpu_opt_pure_chunked/max_bc.tsv	max_bc.tsv	924	0585999145e3770eb0bacda9606d6579f3bbcf18c6dd6bc80d2a2b76fc94ebe4	partial	result/main_performance/seven_implementations/legacy_partial/
raw_data/main_performance/seven_implementations/legacy_partial/large/gpu_opt_and_gpu_opt_pure_chunked/job_notrecorded_legacy/phase_timing.log	main_performance/seven_implementations	large	gpu_opt_and_gpu_opt_pure_chunked	n/a	success	legacy	not_recorded	oldtree_f05ec52_20260512	result/main_performance/seven_implementations/legacy_partial/large/gpu_opt_and_gpu_opt_pure_chunked/phase_timing.log	phase_timing.log	9027	76ee7a6cd85c49bf0b2e5701a7a270fde2fd326771f95dbe31cf532a4b6a1afa	partial	result/main_performance/seven_implementations/legacy_partial/
raw_data/main_performance/seven_implementations/legacy_partial/large/gpu_opt_and_gpu_opt_pure_chunked/job_notrecorded_legacy/results.tsv	main_performance/seven_implementations	large	gpu_opt_and_gpu_opt_pure_chunked	n/a	success	legacy	not_recorded	oldtree_f05ec52_20260512	result/main_performance/seven_implementations/legacy_partial/large/gpu_opt_and_gpu_opt_pure_chunked/results.tsv	results.tsv	1179	398a70b35f20ae1fd414945a3130361a6766fe0d1f233304ff6129b5224f1c0b	partial	result/main_performance/seven_implementations/legacy_partial/
raw_data/main_performance/seven_implementations/legacy_partial/large/no_gpu_opt/job_notrecorded_legacy/benchmark_no_gpu_opt.log	main_performance/seven_implementations	large	no_gpu_opt	n/a	success	legacy	not_recorded	oldtree_f05ec52_20260512	result/main_performance/seven_implementations/legacy_partial/large/benchmark_no_gpu_opt.log	benchmark_no_gpu_opt.log	18795	705211d08c2329306b2fdf654c5a3ea56edc24ec2865f3ca8ca78bb0dc8f3e00	partial	result/main_performance/seven_implementations/legacy_partial/
raw_data/main_performance/seven_implementations/legacy_partial/large/no_gpu_opt/job_notrecorded_legacy/max_bc_no_gpu_opt.tsv	main_performance/seven_implementations	large	no_gpu_opt	n/a	success	legacy	not_recorded	oldtree_f05ec52_20260512	result/main_performance/seven_implementations/legacy_partial/large/max_bc_no_gpu_opt.tsv	max_bc_no_gpu_opt.tsv	897	5b469b086fbcc46d1640881f08ce96760736c645b9843bc32831bafb7b37a230	partial	result/main_performance/seven_implementations/legacy_partial/
raw_data/main_performance/seven_implementations/legacy_partial/large/no_gpu_opt/job_notrecorded_legacy/phase_timing_no_gpu_opt.log	main_performance/seven_implementations	large	no_gpu_opt	n/a	success	legacy	not_recorded	oldtree_f05ec52_20260512	result/main_performance/seven_implementations/legacy_partial/large/phase_timing_no_gpu_opt.log	phase_timing_no_gpu_opt.log	7069	a45a37a0371aab6433cf957ceca1da134d4f1ca8cb1356b476261cf0aeaaa4e1	partial	result/main_performance/seven_implementations/legacy_partial/
raw_data/main_performance/seven_implementations/legacy_partial/large/no_gpu_opt/job_notrecorded_legacy/results_no_gpu_opt.tsv	main_performance/seven_implementations	large	no_gpu_opt	n/a	success	legacy	not_recorded	oldtree_f05ec52_20260512	result/main_performance/seven_implementations/legacy_partial/large/results_no_gpu_opt.tsv	results_no_gpu_opt.tsv	1149	e4e42bee784c4ea499f17e38f6f48ed0d6a4a3723e2b235c3263e935dae725e9	partial	result/main_performance/seven_implementations/legacy_partial/
raw_data/main_performance/seven_implementations/legacy_partial/medium/gpu_opt_and_gpu_opt_pure_chunked/job_notrecorded_legacy/benchmark.log	main_performance/seven_implementations	medium	gpu_opt_and_gpu_opt_pure_chunked	n/a	success	legacy	not_recorded	oldtree_f05ec52_20260512	result/main_performance/seven_implementations/legacy_partial/medium/gpu_opt_and_gpu_opt_pure_chunked/benchmark.log	benchmark.log	49056	dc2efa82cc8af5f74b6e9e3b85f20ef0739069c3a04bba39b8bb18389409f31d	partial	result/main_performance/seven_implementations/legacy_partial/
raw_data/main_performance/seven_implementations/legacy_partial/medium/gpu_opt_and_gpu_opt_pure_chunked/job_notrecorded_legacy/max_bc.tsv	main_performance/seven_implementations	medium	gpu_opt_and_gpu_opt_pure_chunked	n/a	success	legacy	not_recorded	oldtree_f05ec52_20260512	result/main_performance/seven_implementations/legacy_partial/medium/gpu_opt_and_gpu_opt_pure_chunked/max_bc.tsv	max_bc.tsv	2795	2fd095a2e635c68ff56d8a50f77291013246647ece80546f12ff0700bf203a45	partial	result/main_performance/seven_implementations/legacy_partial/
raw_data/main_performance/seven_implementations/legacy_partial/medium/gpu_opt_and_gpu_opt_pure_chunked/job_notrecorded_legacy/phase_timing.log	main_performance/seven_implementations	medium	gpu_opt_and_gpu_opt_pure_chunked	n/a	success	legacy	not_recorded	oldtree_f05ec52_20260512	result/main_performance/seven_implementations/legacy_partial/medium/gpu_opt_and_gpu_opt_pure_chunked/phase_timing.log	phase_timing.log	29480	a6cbc72eb3fec57a4b2365d32aadbc112f39bcefc0a6714fbab4d14e45577a67	partial	result/main_performance/seven_implementations/legacy_partial/
raw_data/main_performance/seven_implementations/legacy_partial/medium/gpu_opt_and_gpu_opt_pure_chunked/job_notrecorded_legacy/results.tsv	main_performance/seven_implementations	medium	gpu_opt_and_gpu_opt_pure_chunked	n/a	success	legacy	not_recorded	oldtree_f05ec52_20260512	result/main_performance/seven_implementations/legacy_partial/medium/gpu_opt_and_gpu_opt_pure_chunked/results.tsv	results.tsv	3724	320285a68e8c4f966d41ab56a0d35476892a7e344b905de1e458365cacc295dd	partial	result/main_performance/seven_implementations/legacy_partial/
raw_data/main_performance/seven_implementations/legacy_partial/medium/no_gpu_opt/job_notrecorded_legacy/benchmark_no_gpu_opt.log	main_performance/seven_implementations	medium	no_gpu_opt	n/a	success	legacy	not_recorded	oldtree_f05ec52_20260512	result/main_performance/seven_implementations/legacy_partial/medium/benchmark_no_gpu_opt.log	benchmark_no_gpu_opt.log	45043	ccfdc4967ea3c8a3c495266f890e55c32a618a2b4db78de9d7a3aecd78e5751b	partial	result/main_performance/seven_implementations/legacy_partial/
raw_data/main_performance/seven_implementations/legacy_partial/medium/no_gpu_opt/job_notrecorded_legacy/max_bc_no_gpu_opt.tsv	main_performance/seven_implementations	medium	no_gpu_opt	n/a	success	legacy	not_recorded	oldtree_f05ec52_20260512	result/main_performance/seven_implementations/legacy_partial/medium/max_bc_no_gpu_opt.tsv	max_bc_no_gpu_opt.tsv	2705	43e9d958afd4be30abe16cb3efaf42f01a01f0b0dd11b29e96f04abac2d7f282	partial	result/main_performance/seven_implementations/legacy_partial/
raw_data/main_performance/seven_implementations/legacy_partial/medium/no_gpu_opt/job_notrecorded_legacy/phase_timing_no_gpu_opt.log	main_performance/seven_implementations	medium	no_gpu_opt	n/a	success	legacy	not_recorded	oldtree_f05ec52_20260512	result/main_performance/seven_implementations/legacy_partial/medium/phase_timing_no_gpu_opt.log	phase_timing_no_gpu_opt.log	23035	afb078daf582da154d215d9868cb74957b1bcdb3a300ebe09b6247dc9808220c	partial	result/main_performance/seven_implementations/legacy_partial/
raw_data/main_performance/seven_implementations/legacy_partial/medium/no_gpu_opt/job_notrecorded_legacy/results_no_gpu_opt.tsv	main_performance/seven_implementations	medium	no_gpu_opt	n/a	success	legacy	not_recorded	oldtree_f05ec52_20260512	result/main_performance/seven_implementations/legacy_partial/medium/results_no_gpu_opt.tsv	results_no_gpu_opt.tsv	3649	9e40cc99011013afdb03a2799df949adb0f6ab23f67e9b1fb9c34db85c18dc36	partial	result/main_performance/seven_implementations/legacy_partial/
raw_data/main_performance/seven_implementations/legacy_partial/small/gpu_opt_and_gpu_opt_pure_chunked/job_notrecorded_legacy/benchmark.log	main_performance/seven_implementations	small	gpu_opt_and_gpu_opt_pure_chunked	n/a	success	legacy	not_recorded	oldtree_f05ec52_20260512	result/main_performance/seven_implementations/legacy_partial/small/gpu_opt_and_gpu_opt_pure_chunked/benchmark.log	benchmark.log	64166	72fe8d27fd1095bb7fa751867362d0669267ab92a3f21e3249f1f4cc6e76cb5d	partial	result/main_performance/seven_implementations/legacy_partial/
raw_data/main_performance/seven_implementations/legacy_partial/small/gpu_opt_and_gpu_opt_pure_chunked/job_notrecorded_legacy/max_bc.tsv	main_performance/seven_implementations	small	gpu_opt_and_gpu_opt_pure_chunked	n/a	success	legacy	not_recorded	oldtree_f05ec52_20260512	result/main_performance/seven_implementations/legacy_partial/small/gpu_opt_and_gpu_opt_pure_chunked/max_bc.tsv	max_bc.tsv	3705	705c71e8ff1ea6dec581ca496730d12fed03425200540a243a352ae414e801b9	partial	result/main_performance/seven_implementations/legacy_partial/
raw_data/main_performance/seven_implementations/legacy_partial/small/gpu_opt_and_gpu_opt_pure_chunked/job_notrecorded_legacy/phase_timing.log	main_performance/seven_implementations	small	gpu_opt_and_gpu_opt_pure_chunked	n/a	success	legacy	not_recorded	oldtree_f05ec52_20260512	result/main_performance/seven_implementations/legacy_partial/small/gpu_opt_and_gpu_opt_pure_chunked/phase_timing.log	phase_timing.log	38480	c2b12d8f5c5611a86d0cfda11c7277ea80d77879e8ef4c733b20d05f300aaf51	partial	result/main_performance/seven_implementations/legacy_partial/
raw_data/main_performance/seven_implementations/legacy_partial/small/gpu_opt_and_gpu_opt_pure_chunked/job_notrecorded_legacy/results.tsv	main_performance/seven_implementations	small	gpu_opt_and_gpu_opt_pure_chunked	n/a	success	legacy	not_recorded	oldtree_f05ec52_20260512	result/main_performance/seven_implementations/legacy_partial/small/gpu_opt_and_gpu_opt_pure_chunked/results.tsv	results.tsv	4902	82f5f4e282831db3bd7073df23fb6ac408d2a0dbb9d44bd38a8f2e9c6d42758d	partial	result/main_performance/seven_implementations/legacy_partial/
raw_data/main_performance/seven_implementations/legacy_partial/small/no_gpu_opt/job_notrecorded_legacy/benchmark_no_gpu_opt.log	main_performance/seven_implementations	small	no_gpu_opt	n/a	success	legacy	not_recorded	oldtree_f05ec52_20260512	result/main_performance/seven_implementations/legacy_partial/small/benchmark_no_gpu_opt.log	benchmark_no_gpu_opt.log	108511	1b76cbbaa405c739cd9364153da1dcd1770e2792e3b2064422fb4a2d74b2a742	partial	result/main_performance/seven_implementations/legacy_partial/
raw_data/main_performance/seven_implementations/legacy_partial/small/no_gpu_opt/job_notrecorded_legacy/max_bc_no_gpu_opt.tsv	main_performance/seven_implementations	small	no_gpu_opt	n/a	success	legacy	not_recorded	oldtree_f05ec52_20260512	result/main_performance/seven_implementations/legacy_partial/small/max_bc_no_gpu_opt.tsv	max_bc_no_gpu_opt.tsv	8085	0726b76088b25c065962cb67e1d5300941347eb5b0e6b3c002306a762390b8f8	partial	result/main_performance/seven_implementations/legacy_partial/
raw_data/main_performance/seven_implementations/legacy_partial/small/no_gpu_opt/job_notrecorded_legacy/phase_timing_no_gpu_opt.log	main_performance/seven_implementations	small	no_gpu_opt	n/a	success	legacy	not_recorded	oldtree_f05ec52_20260512	result/main_performance/seven_implementations/legacy_partial/small/phase_timing_no_gpu_opt.log	phase_timing_no_gpu_opt.log	68170	6534ca029f7ba5d302d97d8d1f717b9506847603e084cc74b2f8d6220bc83d10	partial	result/main_performance/seven_implementations/legacy_partial/
raw_data/main_performance/seven_implementations/legacy_partial/small/no_gpu_opt/job_notrecorded_legacy/results_no_gpu_opt.tsv	main_performance/seven_implementations	small	no_gpu_opt	n/a	success	legacy	not_recorded	oldtree_f05ec52_20260512	result/main_performance/seven_implementations/legacy_partial/small/results_no_gpu_opt.tsv	results_no_gpu_opt.tsv	10983	a2cb5b57eafdac516ceb003b47247b981fb60350b144118adc803d28c1b18c74	partial	result/main_performance/seven_implementations/legacy_partial/
raw_data/memory_scalability/325557_3216152/gpu_opt/job_notrecorded_20260512/oversubscribe_results_gpu_opt.tsv	memory_scalability	325557_3216152	gpu_opt	n/a	success	20260512	not_recorded	oldtree_f05ec52_20260512	result/memory_scalability/oversubscribe_results_gpu_opt.tsv	oversubscribe_results_gpu_opt.tsv	1315	aafaef232511b8d76a6cbe124db83ef826c73873bc5780bb85e8066310bf0a7f	feasibility_only	result/memory_scalability/
raw_data/memory_scalability/325557_3216152/gpu_opt/job_notrecorded_20260512/um_experiment_gpu_opt.log	memory_scalability	325557_3216152	gpu_opt	n/a	success	20260512	not_recorded	oldtree_f05ec52_20260512	result/memory_scalability/um_experiment_gpu_opt.log	um_experiment_gpu_opt.log	17630	3eb63e738ae102781195d71484d285c4d6273967eab14ababefa8d4469c9e802	feasibility_only	result/memory_scalability/
raw_data/memory_scalability/325557_3216152/gpu_opt_pure/job_notrecorded_20260512/oversubscribe_results_gpu_opt_pure.tsv	memory_scalability	325557_3216152	gpu_opt_pure	n/a	success	20260512	not_recorded	oldtree_f05ec52_20260512	result/memory_scalability/oversubscribe_results_gpu_opt_pure.tsv	oversubscribe_results_gpu_opt_pure.tsv	1703	216e0b4657f2ea9cec61987efb99f03eaa1b0f51948c796fd0baf39b52873f49	feasibility_only	result/memory_scalability/
raw_data/memory_scalability/325557_3216152/gpu_opt_pure/job_notrecorded_20260512/um_experiment_gpu_opt_pure.log	memory_scalability	325557_3216152	gpu_opt_pure	n/a	success	20260512	not_recorded	oldtree_f05ec52_20260512	result/memory_scalability/um_experiment_gpu_opt_pure.log	um_experiment_gpu_opt_pure.log	16890	2fca7fe6f82379b0c29071d8965bd8fc43412f9d3440f287db1031661d1b28dd	feasibility_only	result/memory_scalability/
raw_data/memory_scalability/325557_3216152/gpu_opt_pure_chunked/job_notrecorded_20260512/oversubscribe_results_gpu_opt_pure_chunked.tsv	memory_scalability	325557_3216152	gpu_opt_pure_chunked	n/a	success	20260512	not_recorded	oldtree_f05ec52_20260512	result/memory_scalability/oversubscribe_results_gpu_opt_pure_chunked.tsv	oversubscribe_results_gpu_opt_pure_chunked.tsv	2223	018f5b1a485663ff41c8d99b07a761d48e5852b519ba84b332dce9a72af0ba1c	feasibility_only	result/memory_scalability/
raw_data/memory_scalability/325557_3216152/gpu_opt_pure_chunked/job_notrecorded_20260512/um_experiment_gpu_opt_pure_chunked.log	memory_scalability	325557_3216152	gpu_opt_pure_chunked	n/a	success	20260512	not_recorded	oldtree_f05ec52_20260512	result/memory_scalability/um_experiment_gpu_opt_pure_chunked.log	um_experiment_gpu_opt_pure_chunked.log	23910	381d1a26948113e2bf429eceb18ff017fa8abc67f4582cb1b48b40233ec43fe1	feasibility_only	result/memory_scalability/
raw_data/profiling/job_2359175_20260711/ablation_H1W1A0.console.log	profiling	n/a	n/a	n/a	success	20260711	2359175	phase_def_block_20260710	result/profiling/ablation_H1W1A0.console.log	ablation_H1W1A0.console.log	21534	262c53fb9eee797a167b77e9ff9e66c82f286808ec000cbbb0407bd86aa819f5	yes	result/profiling/
raw_data/profiling/job_2359175_20260711/ablation_H1W1A0.nsys-rep	profiling	n/a	n/a	n/a	success	20260711	2359175	phase_def_block_20260710	result/profiling/ablation_H1W1A0.nsys-rep	ablation_H1W1A0.nsys-rep	357970	5dcf9a443805cb1c16a7fb896addeb40c9c5faeb14bc0b2867dbd08508751641	yes	result/profiling/
raw_data/profiling/job_2359175_20260711/ablation_H1W1A0.stats.txt	profiling	n/a	n/a	n/a	success	20260711	2359175	phase_def_block_20260710	result/profiling/ablation_H1W1A0.stats.txt	ablation_H1W1A0.stats.txt	5197	700908a782c3187829ff35673cd66566bfed03744ee1863e3a9a4f35ff074962	yes	result/profiling/
raw_data/profiling/job_2359175_20260711/ablation_H1W1A1.console.log	profiling	n/a	n/a	n/a	success	20260711	2359175	phase_def_block_20260710	result/profiling/ablation_H1W1A1.console.log	ablation_H1W1A1.console.log	21077	9ba6b4c266d452002db7770f934dce134734802f9a3c3148217ff2f361d1d78b	yes	result/profiling/
raw_data/profiling/job_2359175_20260711/ablation_H1W1A1.nsys-rep	profiling	n/a	n/a	n/a	success	20260711	2359175	phase_def_block_20260710	result/profiling/ablation_H1W1A1.nsys-rep	ablation_H1W1A1.nsys-rep	354951	40844307e6154bac4485af93b4ecb761176b3c5569bb262d6e68fea1af2b72ed	yes	result/profiling/
raw_data/profiling/job_2359175_20260711/ablation_H1W1A1.stats.txt	profiling	n/a	n/a	n/a	success	20260711	2359175	phase_def_block_20260710	result/profiling/ablation_H1W1A1.stats.txt	ablation_H1W1A1.stats.txt	5197	21591c276f0f003c48f95e29cc08aaba6174d7a0ad270908663545df884c3ef7	yes	result/profiling/
raw_data/profiling/job_2359175_20260711/bandwidth.log	profiling	n/a	n/a	n/a	success	20260711	2359175	phase_def_block_20260710	result/profiling/bandwidth.log	bandwidth.log	819	baf4c915449ca7f65aa079f325142bed1f67e2e00e87752881d327065ff9c80f	yes	result/profiling/
raw_data/profiling/job_2359175_20260711/pbs_stdout.log	profiling	n/a	n/a	n/a	success	20260711	2359175	phase_def_block_20260710	thesis_bc_project/bc_profiling.o2359175	pbs_stdout.log	3531	ac08fdb671816c8f4910620291e5563bced86f28348ac44d8289b2a8442f5fc1	yes	result/profiling/
raw_data/profiling/job_2359175_20260711/um_prefetch_gpu_opt.console.log	profiling	n/a	n/a	n/a	success	20260711	2359175	phase_def_block_20260710	result/profiling/um_prefetch_gpu_opt.console.log	um_prefetch_gpu_opt.console.log	22195	81c66d51ea7a603ef21c6500541c2d658caca294b2d6e6e0516be1dbf482823f	yes	result/profiling/
raw_data/profiling/job_2359175_20260711/um_prefetch_gpu_opt.nsys-rep	profiling	n/a	n/a	n/a	success	20260711	2359175	phase_def_block_20260710	result/profiling/um_prefetch_gpu_opt.nsys-rep	um_prefetch_gpu_opt.nsys-rep	568048	898185885b9c7ac01776c76570d6966e1f239fb25c65ce0bc904aa94c1e0b60e	yes	result/profiling/
raw_data/profiling/job_2359175_20260711/um_prefetch_gpu_opt.stats.txt	profiling	n/a	n/a	n/a	success	20260711	2359175	phase_def_block_20260710	result/profiling/um_prefetch_gpu_opt.stats.txt	um_prefetch_gpu_opt.stats.txt	3635	2d992451a3e01c4387d4d351eaa4e33e12fe942f3e38d04f0cde69e0e7e9afb3	yes	result/profiling/
raw_data/tuning/kernel_selection/_phaseB_verify/job_2355971_20260710/pbs_stdout.log	tuning/kernel_selection	_phaseB_verify	n/a	n/a	success	20260710	2355971	phase_def_block_20260710	thesis_bc_project/bc_phaseB_verify.o2355971	pbs_stdout.log	6597	e28c473826e11bb9ac778503d300684fb32704955c7dd841a523fa45de95b55c	yes	result/tuning/kernel_selection/
raw_data/tuning/kernel_selection/benchmark_7000_41459/block/gpu_opt/job_2355971_20260710/auto_benchmark_7000_41459.err	tuning/kernel_selection	benchmark_7000_41459	block	gpu_opt	success	20260710	2355971	phase_def_block_20260710	thesis_bc_project/build_miyabi/phaseB_verify_out/auto_benchmark_7000_41459.err	auto_benchmark_7000_41459.err	547	3144d344831c83bac14609d8d35bac7557c68a4202f23e03c249a8a999a3aa43	yes	result/tuning/kernel_selection/
raw_data/tuning/kernel_selection/benchmark_7000_41459/block/gpu_opt/job_2355971_20260710/bc_auto_benchmark_7000_41459.txt	tuning/kernel_selection	benchmark_7000_41459	block	gpu_opt	success	20260710	2355971	phase_def_block_20260710	thesis_bc_project/build_miyabi/phaseB_verify_out/bc_auto_benchmark_7000_41459.txt	bc_auto_benchmark_7000_41459.txt	187943	e199e3a738a06dc0baa09dbcc02af193fbd3df36e745c8a005a8d1058662da5a	yes	result/tuning/kernel_selection/
raw_data/tuning/kernel_selection/benchmark_7000_41459/shared/gpu_opt/job_2355971_20260710/bc_shared_benchmark_7000_41459.txt	tuning/kernel_selection	benchmark_7000_41459	shared	gpu_opt	success	20260710	2355971	phase_def_block_20260710	thesis_bc_project/build_miyabi/phaseB_verify_out/bc_shared_benchmark_7000_41459.txt	bc_shared_benchmark_7000_41459.txt	187943	07676a33e384c36bb17ced9d5ea439bae46b2ed402cb71737ea6649acb4ec542	yes	result/tuning/kernel_selection/
raw_data/tuning/kernel_selection/benchmark_7000_41459/shared/gpu_opt/job_2355971_20260710/shared_benchmark_7000_41459.err	tuning/kernel_selection	benchmark_7000_41459	shared	gpu_opt	success	20260710	2355971	phase_def_block_20260710	thesis_bc_project/build_miyabi/phaseB_verify_out/shared_benchmark_7000_41459.err	shared_benchmark_7000_41459.err	550	3fee448e9a04d9adf9ce11f906fcbf7665f65c905c464f16e3d18320123eb505	yes	result/tuning/kernel_selection/
raw_data/tuning/kernel_selection/email-EuAll/block/gpu_opt/job_2355971_20260710/auto_email-EuAll.err	tuning/kernel_selection	email-EuAll	block	gpu_opt	success	20260710	2355971	phase_def_block_20260710	thesis_bc_project/build_miyabi/phaseB_verify_out/auto_email-EuAll.err	auto_email-EuAll.err	548	2cac11c886b149b2c53350274ae79fd963f2c54dbd95d09e9c6c78e3b3f3d490	yes	result/tuning/kernel_selection/
raw_data/tuning/kernel_selection/email-EuAll/block/gpu_opt/job_2355971_20260710/bc_auto_email-EuAll.txt	tuning/kernel_selection	email-EuAll	block	gpu_opt	success	20260710	2355971	phase_def_block_20260710	thesis_bc_project/build_miyabi/phaseB_verify_out/bc_auto_email-EuAll.txt	bc_auto_email-EuAll.txt	7574197	7f7f955678dbfab3c2f42b65540412828548c832f3d719dfeb61069e74bdb3bf	yes	result/tuning/kernel_selection/
raw_data/tuning/kernel_selection/email-EuAll/shared/gpu_opt/job_2355971_20260710/bc_shared_email-EuAll.txt	tuning/kernel_selection	email-EuAll	shared	gpu_opt	success	20260710	2355971	phase_def_block_20260710	thesis_bc_project/build_miyabi/phaseB_verify_out/bc_shared_email-EuAll.txt	bc_shared_email-EuAll.txt	7574197	2396204b09010f87264872f5595f9de6c7c16fcefc45218caec4dd9b557782ec	yes	result/tuning/kernel_selection/
raw_data/tuning/kernel_selection/email-EuAll/shared/gpu_opt/job_2355971_20260710/shared_email-EuAll.err	tuning/kernel_selection	email-EuAll	shared	gpu_opt	success	20260710	2355971	phase_def_block_20260710	thesis_bc_project/build_miyabi/phaseB_verify_out/shared_email-EuAll.err	shared_email-EuAll.err	555	ef0677c6c094e24d8036012aac84c4159f0cabcad591f9f0a0ea13240ff66633	yes	result/tuning/kernel_selection/
raw_data/tuning/kernel_selection/roadNet-PA/gpu_opt_forced/job_2354329_20260710/kernel_selection.log	tuning/kernel_selection	roadNet-PA	gpu_opt_forced	n/a	success	20260710	2354329	phase_def_block_20260710	result/tuning/kernel_selection/roadNet-PA/kernel_selection.log	kernel_selection.log	7843	67078f2a2b153bd2350e0104b3efb20bdb9ab91a8b81212b017f3d3c39321315	yes	result/tuning/kernel_selection/
raw_data/tuning/kernel_selection/roadNet-PA/gpu_opt_forced/job_2354329_20260710/kernel_selection_max_bc.tsv	tuning/kernel_selection	roadNet-PA	gpu_opt_forced	n/a	success	20260710	2354329	phase_def_block_20260710	result/tuning/kernel_selection/roadNet-PA/kernel_selection_max_bc.tsv	kernel_selection_max_bc.tsv	280	38adae01a9500af8b23b0d9b73b8758553be2b3ca25e31a0ae8d3aa53fcb2fdc	yes	result/tuning/kernel_selection/
raw_data/tuning/kernel_selection/roadNet-PA/gpu_opt_forced/job_2354329_20260710/kernel_selection_results.tsv	tuning/kernel_selection	roadNet-PA	gpu_opt_forced	n/a	success	20260710	2354329	phase_def_block_20260710	result/tuning/kernel_selection/roadNet-PA/kernel_selection_results.tsv	kernel_selection_results.tsv	262	4567be8edc0b32339cf32cbc806f68d128650d739b5247e316327f0201c04a22	yes	result/tuning/kernel_selection/
raw_data/tuning/kernel_selection/roadNet-PA/gpu_opt_forced/job_2354329_20260710/pbs_stdout.log	tuning/kernel_selection	roadNet-PA	gpu_opt_forced	n/a	success	20260710	2354329	phase_def_block_20260710	thesis_bc_project/bc_kernel_sel.o2354329	pbs_stdout.log	6463	7150702abada0c176a8d437f2da89dd140fcdbce491acca578642f0aa372c3e0	yes	result/tuning/kernel_selection/
raw_data/tuning/kernel_selection/roadNet-TX/gpu_opt_forced/job_2354330_20260710/kernel_selection.log	tuning/kernel_selection	roadNet-TX	gpu_opt_forced	n/a	success	20260710	2354330	phase_def_block_20260710	result/tuning/kernel_selection/roadNet-TX/kernel_selection.log	kernel_selection.log	11403	0b2b41253446f0d3bbf3aa2113ccf295b9531037639409d6f489ca236f9d85f4	yes	result/tuning/kernel_selection/
raw_data/tuning/kernel_selection/roadNet-TX/gpu_opt_forced/job_2354330_20260710/kernel_selection_max_bc.tsv	tuning/kernel_selection	roadNet-TX	gpu_opt_forced	n/a	success	20260710	2354330	phase_def_block_20260710	result/tuning/kernel_selection/roadNet-TX/kernel_selection_max_bc.tsv	kernel_selection_max_bc.tsv	280	13205ab081164737468f0048cfad39def10950b1bc277c02876a6d453bf586d5	yes	result/tuning/kernel_selection/
raw_data/tuning/kernel_selection/roadNet-TX/gpu_opt_forced/job_2354330_20260710/kernel_selection_results.tsv	tuning/kernel_selection	roadNet-TX	gpu_opt_forced	n/a	success	20260710	2354330	phase_def_block_20260710	result/tuning/kernel_selection/roadNet-TX/kernel_selection_results.tsv	kernel_selection_results.tsv	262	c336a81787c5499f94f64e046457a59781f1673d9737865164955e61dcb10da0	yes	result/tuning/kernel_selection/
raw_data/tuning/kernel_selection/roadNet-TX/gpu_opt_forced/job_2354330_20260710/pbs_stdout.log	tuning/kernel_selection	roadNet-TX	gpu_opt_forced	n/a	success	20260710	2354330	phase_def_block_20260710	thesis_bc_project/bc_kernel_sel.o2354330	pbs_stdout.log	10020	a7f5b42c4d0b2d4649bd05531e44299a1724e0234cca0ea47db2fc70b1b9db65	yes	result/tuning/kernel_selection/
raw_data/tuning/pathmerge/325557/pathmerge_bc/job_2355000_20260710/pbs_stdout.log	tuning/pathmerge	325557	pathmerge_bc	n/a	success	20260710	2355000	phase_def_block_20260710	thesis_bc_project/bc_pm_sweep.o2355000	pbs_stdout.log	1435	1cb0314e2cc000996a7367964daa3746825c6634a9cee9fc98f7e948b0437909	yes	result/main_performance/proposed_vs_pathmerge/; result/correctness/pathmerge_tuned/
raw_data/tuning/pathmerge/325557/pathmerge_bc/job_2359081_20260711/pbs_stdout.log	tuning/pathmerge	325557	pathmerge_bc	n/a	success	20260711	2359081	phase_def_block_20260710	thesis_bc_project/bc_pm_sweep.o2359081	pbs_stdout.log	1269	940bd7473845fd82685163fe447e7fa952858b352a4dece50b2bbacc88ea8c05	yes	result/main_performance/proposed_vs_pathmerge/; result/correctness/pathmerge_tuned/
raw_data/tuning/pathmerge/325557/pathmerge_bc/job_multi_20260710/pathmerge_sweep.log	tuning/pathmerge	325557	pathmerge_bc	n/a	success	20260710	multi	phase_def_block_20260710	result/tuning/pathmerge/325557/pathmerge_sweep.log	pathmerge_sweep.log	2922	5caa7fcc9838ccca9a72caef605bc2cf3237b9508af0ec4a2d856f4b51acd11f	yes	result/main_performance/proposed_vs_pathmerge/; result/correctness/pathmerge_tuned/
raw_data/tuning/pathmerge/325557/pathmerge_bc/job_multi_20260710/pathmerge_sweep_results.tsv	tuning/pathmerge	325557	pathmerge_bc	n/a	success	20260710	multi	phase_def_block_20260710	result/tuning/pathmerge/325557/pathmerge_sweep_results.tsv	pathmerge_sweep_results.tsv	1045	f5a659daecf52fa19ee0bc0c2727f63a59843b9073c5a3c6d6512b405a1b9837	yes	result/main_performance/proposed_vs_pathmerge/; result/correctness/pathmerge_tuned/
raw_data/tuning/pathmerge/email-EuAll/pathmerge_bc/job_2359169_20260711/pbs_stdout.log	tuning/pathmerge	email-EuAll	pathmerge_bc	n/a	success	20260711	2359169	phase_def_block_20260710	thesis_bc_project/bc_pm_sweep.o2359169	pbs_stdout.log	1739	25617f02e121aaf09d2ecfdc3585ef81bb5565d1f445b718076fc4ce393c85fe	yes	result/main_performance/proposed_vs_pathmerge/; result/correctness/pathmerge_tuned/
raw_data/tuning/pathmerge/email-EuAll/pathmerge_bc/job_2360074_20260711/pbs_stdout.log	tuning/pathmerge	email-EuAll	pathmerge_bc	n/a	success	20260711	2360074	phase_def_block_20260710	thesis_bc_project/bc_pm_correct.o2360074	pbs_stdout.log	2017	3dbbf61773f94ba4f77544880cd058e813ed507a9c4256bae745280a64dce9d5	yes	result/main_performance/proposed_vs_pathmerge/; result/correctness/pathmerge_tuned/
raw_data/tuning/pathmerge/email-EuAll/pathmerge_bc/job_multi_20260710/email_smallbatch_trial1.tsv	tuning/pathmerge	email-EuAll	pathmerge_bc	n/a	success	20260710	multi	phase_def_block_20260710	result/tuning/pathmerge/email-EuAll/email_smallbatch_trial1.tsv	email_smallbatch_trial1.tsv	265	4ac33b396d3c088f68a594ca960531c891253d327a4798807f99f45998e7b15b	yes	result/main_performance/proposed_vs_pathmerge/; result/correctness/pathmerge_tuned/
raw_data/tuning/pathmerge/email-EuAll/pathmerge_bc/job_multi_20260710/pathmerge_sweep.log	tuning/pathmerge	email-EuAll	pathmerge_bc	n/a	success	20260710	multi	phase_def_block_20260710	result/tuning/pathmerge/email-EuAll/pathmerge_sweep.log	pathmerge_sweep.log	6190	767c2c0acd11856fc03ffda18139e0602555e2e766eae1e003ece0d7cb77c60a	yes	result/main_performance/proposed_vs_pathmerge/; result/correctness/pathmerge_tuned/
raw_data/tuning/pathmerge/email-EuAll/pathmerge_bc/job_multi_20260710/pathmerge_sweep_results.tsv	tuning/pathmerge	email-EuAll	pathmerge_bc	n/a	success	20260710	multi	phase_def_block_20260710	result/tuning/pathmerge/email-EuAll/pathmerge_sweep_results.tsv	pathmerge_sweep_results.tsv	746	7717836d797e3afb5bb62b77180dc625eea180d9ad83bf3e26d5b40cc33304a5	yes	result/main_performance/proposed_vs_pathmerge/; result/correctness/pathmerge_tuned/
raw_data/tuning/pathmerge/roadNet-CA/pathmerge_bc/job_2360073_20260711/pbs_stdout.log	tuning/pathmerge	roadNet-CA	pathmerge_bc	n/a	success	20260711	2360073	phase_def_block_20260710	thesis_bc_project/bc_ca_screen.o2360073	pbs_stdout.log	1227	f871bde69e704c41867759d7caf692660c005c6f8008ddd904b7cceffef60eb6	yes	result/main_performance/proposed_vs_pathmerge/; result/correctness/pathmerge_tuned/
raw_data/tuning/pathmerge/roadNet-CA/pathmerge_bc/job_2361041_20260711/pbs_stdout.log	tuning/pathmerge	roadNet-CA	pathmerge_bc	n/a	success	20260711	2361041	phase_def_block_20260710	thesis_bc_project/bc_ca_b16.o2361041	pbs_stdout.log	733	0e13159042dab2365ea7a8f868a242b3c84513559132386c2ff1a02aacd35195	yes	result/main_performance/proposed_vs_pathmerge/; result/correctness/pathmerge_tuned/
raw_data/tuning/pathmerge/roadNet-CA/pathmerge_bc/job_2362006_20260711/pbs_stdout.log	tuning/pathmerge	roadNet-CA	pathmerge_bc	n/a	success	20260711	2362006	phase_def_block_20260710	thesis_bc_project/bc_ca_confirm.o2362006	pbs_stdout.log	1463	b0b78844453a0d7a30d85a1493acba0dc07a8e56100a0d649dddff3615f430c4	yes	result/main_performance/proposed_vs_pathmerge/; result/correctness/pathmerge_tuned/
raw_data/tuning/pathmerge/roadNet-CA/pathmerge_bc/job_2362965_20260711/pbs_stdout.log	tuning/pathmerge	roadNet-CA	pathmerge_bc	n/a	success	20260711	2362965	phase_def_block_20260710	thesis_bc_project/bc_ca_correct.o2362965	pbs_stdout.log	2041	09aa7d33e6e5e38c039ee37f7cc25db546c929bdb78e6bc7165ec60cef9ec46a	yes	result/main_performance/proposed_vs_pathmerge/; result/correctness/pathmerge_tuned/
raw_data/tuning/pathmerge/roadNet-CA/pathmerge_bc/job_multi_20260710/pathmerge_sweep_results.tsv	tuning/pathmerge	roadNet-CA	pathmerge_bc	n/a	success	20260710	multi	phase_def_block_20260710	result/tuning/pathmerge/roadNet-CA/pathmerge_sweep_results.tsv	pathmerge_sweep_results.tsv	403	06a6adae0340f762893b81ad10afc5b451edb2dfac1caba8c1a6c0ae231c2792	yes	result/main_performance/proposed_vs_pathmerge/; result/correctness/pathmerge_tuned/
raw_data/tuning/pathmerge/roadNet-PA/pathmerge_bc/job_2355001_20260710/pbs_stdout.log	tuning/pathmerge	roadNet-PA	pathmerge_bc	n/a	success	20260710	2355001	phase_def_block_20260710	thesis_bc_project/bc_pm_sweep.o2355001	pbs_stdout.log	1545	3e6b3d1670c1eea24940f1499cac684ef609e157b86325643f72864b4b74600c	yes	result/main_performance/proposed_vs_pathmerge/; result/correctness/pathmerge_tuned/
raw_data/tuning/pathmerge/roadNet-PA/pathmerge_bc/job_multi_20260710/pathmerge_sweep.log	tuning/pathmerge	roadNet-PA	pathmerge_bc	n/a	success	20260710	multi	phase_def_block_20260710	result/tuning/pathmerge/roadNet-PA/pathmerge_sweep.log	pathmerge_sweep.log	1431	59418cba3c0d6e52b8c25a350cb33f37e18795756c7e166bc041553e0f8e6f29	yes	result/main_performance/proposed_vs_pathmerge/; result/correctness/pathmerge_tuned/
raw_data/tuning/pathmerge/roadNet-PA/pathmerge_bc/job_multi_20260710/pathmerge_sweep_results.tsv	tuning/pathmerge	roadNet-PA	pathmerge_bc	n/a	success	20260710	multi	phase_def_block_20260710	result/tuning/pathmerge/roadNet-PA/pathmerge_sweep_results.tsv	pathmerge_sweep_results.tsv	774	2e7c13ce9ff659e1d2128a2ae5f057685898182fb910c7af55937d09914a378f	yes	result/main_performance/proposed_vs_pathmerge/; result/correctness/pathmerge_tuned/
raw_data/tuning/pathmerge/roadNet-TX/pathmerge_bc/job_2360072_20260711/pbs_stdout.log	tuning/pathmerge	roadNet-TX	pathmerge_bc	n/a	success	20260711	2360072	phase_def_block_20260710	thesis_bc_project/bc_tx_screen.o2360072	pbs_stdout.log	1227	f3939bd4849759323d510634264166d1c11ad643496511d3d4653bd4de8f9885	yes	result/main_performance/proposed_vs_pathmerge/; result/correctness/pathmerge_tuned/
raw_data/tuning/pathmerge/roadNet-TX/pathmerge_bc/job_2361040_20260711/pbs_stdout.log	tuning/pathmerge	roadNet-TX	pathmerge_bc	n/a	success	20260711	2361040	phase_def_block_20260710	thesis_bc_project/bc_tx_confirm.o2361040	pbs_stdout.log	1463	c0525c695d7e9c4ff4f5094391f11dd72875f380d1496bc3f81e7846e9c37e3e	yes	result/main_performance/proposed_vs_pathmerge/; result/correctness/pathmerge_tuned/
raw_data/tuning/pathmerge/roadNet-TX/pathmerge_bc/job_multi_20260710/pathmerge_sweep_results.tsv	tuning/pathmerge	roadNet-TX	pathmerge_bc	n/a	success	20260710	multi	phase_def_block_20260710	result/tuning/pathmerge/roadNet-TX/pathmerge_sweep_results.tsv	pathmerge_sweep_results.tsv	357	c5e171c1d43186438e8fab2357e491af17df26a735ed2c47144e20dbcd57d43d	yes	result/main_performance/proposed_vs_pathmerge/; result/correctness/pathmerge_tuned/
raw_data/unsuccessful/early_terminated/memory_paths/325557_3216152/_job/job_2368398_20260712/MANIFEST.txt	unsuccessful/early_terminated/memory_paths	325557_3216152	job_meta	n/a	early_terminated	20260712	2368398	memory_correctness_failfast_20260712	failure/early_terminated/memory_correctness_2368398/MANIFEST.txt	MANIFEST.txt	4169	58a5f4ad88832d64637a9e52f3fd692c70fe218a0eadabbbec2326035fb169a3	no	result/correctness/memory_paths/canonical_job_2368587/	failure/early_terminated/memory_correctness_2368398/
raw_data/unsuccessful/early_terminated/memory_paths/325557_3216152/_job/job_2368398_20260712/run.log	unsuccessful/early_terminated/memory_paths	325557_3216152	job_meta	n/a	early_terminated	20260712	2368398	memory_correctness_failfast_20260712	failure/early_terminated/memory_correctness_2368398/run.log	run.log	5542	93b9f51f4d06991a03421d47d1e9fc8fcdfe79f1b896d5ef3bd94413fa5c43fe	no	result/correctness/memory_paths/canonical_job_2368587/	failure/early_terminated/memory_correctness_2368398/
raw_data/unsuccessful/early_terminated/memory_paths/325557_3216152/gpu_opt_pure/pure_b1024/job_2368398_20260712/gpu_opt_pure_b1024.bc.tsv	unsuccessful/early_terminated/memory_paths	325557_3216152	gpu_opt_pure	pure_b1024	early_terminated	20260712	2368398	memory_correctness_failfast_20260712	build_miyabi/result_memory_correctness_20260712_211738_2368398.opbs/gpu_opt_pure_b1024.bc.tsv	gpu_opt_pure_b1024.bc.tsv	9330097	b4f0674431bc4c918b7b5a597ca98be6132c6f9ad06b2f31b300ff31f6b23e95	no	result/correctness/memory_paths/canonical_job_2368587/	failure/early_terminated/memory_correctness_2368398/
raw_data/unsuccessful/early_terminated/memory_paths/325557_3216152/gpu_opt_pure/pure_b1024/job_2368398_20260712/gpu_opt_pure_b1024.stderr.log	unsuccessful/early_terminated/memory_paths	325557_3216152	gpu_opt_pure	pure_b1024	early_terminated	20260712	2368398	memory_correctness_failfast_20260712	failure/early_terminated/memory_correctness_2368398/gpu_opt_pure_b1024.stderr.log	gpu_opt_pure_b1024.stderr.log	504	d8b1242c4934b7f0cbb04c73ed1f1238bfcb5d9b30f31f06439ed05901e03a12	no	result/correctness/memory_paths/canonical_job_2368587/	failure/early_terminated/memory_correctness_2368398/
raw_data/unsuccessful/early_terminated/memory_paths/325557_3216152/pathmerge_bc/pathmerge_b4096/job_2368398_20260712/pathmerge_b4096.bc.tsv	unsuccessful/early_terminated/memory_paths	325557_3216152	pathmerge_bc	pathmerge_b4096	early_terminated	20260712	2368398	memory_correctness_failfast_20260712	build_miyabi/result_memory_correctness_20260712_211738_2368398.opbs/pathmerge_b4096.bc.tsv	pathmerge_b4096.bc.tsv	9330097	c895c6121671af6605d834e68bc1443b84624ca595506267901c3a59a643e454	no	result/correctness/memory_paths/canonical_job_2368587/	failure/early_terminated/memory_correctness_2368398/
raw_data/unsuccessful/early_terminated/memory_paths/325557_3216152/pathmerge_bc/pathmerge_b4096/job_2368398_20260712/pathmerge_b4096.stderr.log	unsuccessful/early_terminated/memory_paths	325557_3216152	pathmerge_bc	pathmerge_b4096	early_terminated	20260712	2368398	memory_correctness_failfast_20260712	failure/early_terminated/memory_correctness_2368398/pathmerge_b4096.stderr.log	pathmerge_b4096.stderr.log	343	7c699d161e2e2cc6c21caa529f7cd158e6c55a94f9a00e2b69c9a7e87a8e0f1b	no	result/correctness/memory_paths/canonical_job_2368587/	failure/early_terminated/memory_correctness_2368398/
raw_data/unsuccessful/early_terminated/memory_paths/325557_3216152/pbs_stdout_job_2368398_20260712.log	unsuccessful/early_terminated/memory_paths	325557_3216152	n/a	n/a	early_terminated	20260712	2368398	memory_correctness_failfast_20260712	thesis_bc_project/bc_mem_correct.o2368398	pbs_stdout_job_2368398_20260712.log	3101	8ef239fa9cbac360ac1b34522a008d0e8fabdaedbb4939122acb2db91c397c4f	no	result/correctness/memory_paths/canonical_job_2368587/	failure/early_terminated/memory_correctness_2368398/
raw_data/unsuccessful/early_terminated/pathmerge_sweep/email-EuAll/job_2359096_20260711/pathmerge_sweep.log	unsuccessful/early_terminated/pathmerge_sweep	email-EuAll	n/a	n/a	early_terminated	20260711	2359096	phase_def_block_20260710	failure/early_terminated/pathmerge_sweep_2359096_email-EuAll/pathmerge_sweep.log	pathmerge_sweep.log	2140	44bb21b519df36a7d7a2a92e1f7586e326d085c96326e7daef9baaec0aa84abc	no	result/tuning/pathmerge/	failure/early_terminated/
raw_data/unsuccessful/early_terminated/pathmerge_sweep/email-EuAll/job_2359096_20260711/pathmerge_sweep_results.tsv	unsuccessful/early_terminated/pathmerge_sweep	email-EuAll	n/a	n/a	early_terminated	20260711	2359096	phase_def_block_20260710	failure/early_terminated/pathmerge_sweep_2359096_email-EuAll/pathmerge_sweep_results.tsv	pathmerge_sweep_results.tsv	265	4ac33b396d3c088f68a594ca960531c891253d327a4798807f99f45998e7b15b	no	result/tuning/pathmerge/	failure/early_terminated/
raw_data/unsuccessful/early_terminated/pathmerge_sweep/email-EuAll/job_2359096_20260711/pbs_stdout.log	unsuccessful/early_terminated/pathmerge_sweep	email-EuAll	n/a	n/a	early_terminated	20260711	2359096	phase_def_block_20260710	thesis_bc_project/bc_pm_sweep.o2359096	pbs_stdout.log	745	f4b34fade3acbab7ef042330d320df4515906ed66c894ccca94f331cfacdfb83	no	result/tuning/pathmerge/	failure/early_terminated/
raw_data/unsuccessful/early_terminated/pathmerge_sweep/roadNet-PA/job_2359080_20260711/pathmerge_sweep.log	unsuccessful/early_terminated/pathmerge_sweep	roadNet-PA	n/a	n/a	early_terminated	20260711	2359080	phase_def_block_20260710	failure/early_terminated/pathmerge_sweep_2359080_roadNet-PA/pathmerge_sweep.log	pathmerge_sweep.log	1431	59418cba3c0d6e52b8c25a350cb33f37e18795756c7e166bc041553e0f8e6f29	no	result/tuning/pathmerge/	failure/early_terminated/
raw_data/unsuccessful/early_terminated/pathmerge_sweep/roadNet-PA/job_2359080_20260711/pathmerge_sweep_results.tsv	unsuccessful/early_terminated/pathmerge_sweep	roadNet-PA	n/a	n/a	early_terminated	20260711	2359080	phase_def_block_20260710	failure/early_terminated/pathmerge_sweep_2359080_roadNet-PA/pathmerge_sweep_results.tsv	pathmerge_sweep_results.tsv	171	b39b2f4f6a8a25a9a3a8a6d23c03166db0a6a1f626d9b429a5dc3a9a8e489760	no	result/tuning/pathmerge/	failure/early_terminated/
raw_data/unsuccessful/early_terminated/pathmerge_sweep/roadNet-PA/job_2359080_20260711/pbs_stdout.log	unsuccessful/early_terminated/pathmerge_sweep	roadNet-PA	n/a	n/a	early_terminated	20260711	2359080	phase_def_block_20260710	thesis_bc_project/bc_pm_sweep.o2359080	pbs_stdout.log	715	4795544e9ed96f8b5159b331bff5f7323f31ddedcee68753ee0366c6b88feee7	no	result/tuning/pathmerge/	failure/early_terminated/
raw_data/unsuccessful/failed/profiling/ablation_H1W1A1_incomplete/job_2359175_20260711/ablation_H1W1A1.stats.txt	unsuccessful/failed/profiling	ablation_H1W1A1_incomplete	n/a	n/a	failed	20260711	2359175	phase_def_block_20260710	failure/incomplete/ablation_H1W1A1.stats.txt	ablation_H1W1A1.stats.txt	271	ecc82d6e51d065fea8f2219f4a9dd058480f8834630222c5cd099b6ba11d6868	no	result/profiling/	failure/incomplete/
raw_data/unsuccessful/oom/memory_paths/325557_3216152/_job/job_2368269_20260712/MANIFEST.txt	unsuccessful/oom/memory_paths	325557_3216152	job_meta	n/a	oom	20260712	2368269	memory_correctness_oom_20260712	failure/failed/oom/memory_correctness_2368269/MANIFEST.txt	MANIFEST.txt	2416	0a0adb3b512995de27a2add7f390f194eaaf29b472929234459c2ee99bd15b69	no	result/correctness/memory_paths/	failure/failed/oom/memory_correctness_2368269/
raw_data/unsuccessful/oom/memory_paths/325557_3216152/_job/job_2368269_20260712/run.log	unsuccessful/oom/memory_paths	325557_3216152	job_meta	n/a	oom	20260712	2368269	memory_correctness_oom_20260712	failure/failed/oom/memory_correctness_2368269/run.log	run.log	3091	e8c01f06ae621a7315506e871c238c8b96e61bd16434088b4a53229c76c23afd	no	result/correctness/memory_paths/	failure/failed/oom/memory_correctness_2368269/
raw_data/unsuccessful/oom/memory_paths/325557_3216152/gpu_opt/um_b10240/job_2368269_20260712/gpu_opt_b10240.bc.tsv	unsuccessful/oom/memory_paths	325557_3216152	gpu_opt	um_b10240	oom	20260712	2368269	memory_correctness_oom_20260712	build_miyabi/result_memory_correctness_20260712_204001_2368269.opbs/gpu_opt_b10240.bc.tsv	gpu_opt_b10240.bc.tsv	0	e3b0c44298fc1c149afbf4c8996fb92427ae41e4649b934ca495991b7852b855	no	result/correctness/memory_paths/	failure/failed/oom/memory_correctness_2368269/
raw_data/unsuccessful/oom/memory_paths/325557_3216152/gpu_opt/um_b10240/job_2368269_20260712/gpu_opt_b10240.stderr.log	unsuccessful/oom/memory_paths	325557_3216152	gpu_opt	um_b10240	oom	20260712	2368269	memory_correctness_oom_20260712	failure/failed/oom/memory_correctness_2368269/gpu_opt_b10240.stderr.log	gpu_opt_b10240.stderr.log	362	3b265304753feca4b45f3d35cbacd29b73f2c03bb862b8c3d1eaca9b25fb9f52	no	result/correctness/memory_paths/	failure/failed/oom/memory_correctness_2368269/
raw_data/unsuccessful/oom/memory_paths/325557_3216152/pathmerge_bc/pathmerge_b4096/job_2368269_20260712/pathmerge_b4096.bc.tsv	unsuccessful/oom/memory_paths	325557_3216152	pathmerge_bc	pathmerge_b4096	oom	20260712	2368269	memory_correctness_oom_20260712	build_miyabi/result_memory_correctness_20260712_204001_2368269.opbs/pathmerge_b4096.bc.tsv	pathmerge_b4096.bc.tsv	9330097	1569b9e341f1baecaca010aa36f01d1b9bc1e97530a6156de3d6a9874acf9f84	no	result/correctness/memory_paths/	failure/failed/oom/memory_correctness_2368269/
raw_data/unsuccessful/oom/memory_paths/325557_3216152/pathmerge_bc/pathmerge_b4096/job_2368269_20260712/pathmerge_b4096.stderr.log	unsuccessful/oom/memory_paths	325557_3216152	pathmerge_bc	pathmerge_b4096	oom	20260712	2368269	memory_correctness_oom_20260712	failure/failed/oom/memory_correctness_2368269/pathmerge_b4096.stderr.log	pathmerge_b4096.stderr.log	343	9d5f5998edf03417c0ba4668770c02d383266ad9dfd3a2c2e8779c00d07bcd8f	no	result/correctness/memory_paths/	failure/failed/oom/memory_correctness_2368269/
raw_data/unsuccessful/oom/memory_paths/325557_3216152/pbs_stdout_job_2368269_20260712.log	unsuccessful/oom/memory_paths	325557_3216152	n/a	n/a	oom	20260712	2368269	memory_correctness_oom_20260712	thesis_bc_project/bc_mem_correct.o2368269	pbs_stdout_job_2368269_20260712.log	3332	975e61719f27e26c6e541776c6ff38bd42239cfb3990d153eac85320cee40e6b	no	result/correctness/memory_paths/	failure/failed/oom/memory_correctness_2368269/
