╔══════════════════════════════════════════════════════════════╗
║  Miyabi-G 全手法ベンチマーク                                ║
╠══════════════════════════════════════════════════════════════╣
║  開始時刻 : 2026-05-10 15:50:20
║  Runner   : /work/gj17/j17000/m5291091/lab/mylab/research/build_miyabi/brandes_runner
║  Data     : /work/gj17/j17000/m5291091/lab/data
║  結果     : /work/gj17/j17000/m5291091/lab/mylab/research/build_miyabi/result_benchmark_20260510_155020
║  DryRun   : 0
║  Trials   : (Dynamic per graph/method)
║  Timeout  : 18000s
╚══════════════════════════════════════════════════════════════╝

=== [Step 0] ビルド ===
╔══════════════════════════════════════════╗
║  Miyabi-G 統合ビルド (全 BC 実装)        ║
╠══════════════════════════════════════════╣
║  LAB    : /work/gj17/j17000/m5291091/lab
║  BUILD  : /work/gj17/j17000/m5291091/lab/mylab/research/build_miyabi
║  JOBS   : 8
╚══════════════════════════════════════════╝

[Stage 1] cugraph_bc_mini: OK (up-to-date)
[Stage 2] Building brandes_runner...
-- Using cugraph_bc_mini from: /work/gj17/j17000/m5291091/lab/mylab/research/cugraph_bc_mini/build
-- NVTX3 found: /work/opt/local/aarch64/cores/nvidia/25.9/Linux_aarch64/25.9/cuda/13.0/targets/sbsa-linux/include
-- Configuring done (0.2s)
-- Generating done (0.1s)
-- Build files have been written to: /work/gj17/j17000/m5291091/lab/mylab/research/build_miyabi
[ 14%] Built target bandwidth_benchmark
[100%] Built target brandes_runner
[Stage 2] brandes_runner: DONE (/work/gj17/j17000/m5291091/lab/mylab/research/build_miyabi/brandes_runner)

╔══════════════════════════════════════════╗
║  Build Complete!                         ║
╠══════════════════════════════════════════╣
║  Runner : /work/gj17/j17000/m5291091/lab/mylab/research/build_miyabi/brandes_runner
╠══════════════════════════════════════════╣
║  Next: qsub scripts/run_benchmark_full.sh  (PBS) または bash で実行
╚══════════════════════════════════════════╝


==========================================
  手法: sequential
==========================================
  [RUN] sequential × benchmark_7000_41459 [trial 1/10]  (経過: 0h0m)
Running: Sequential on benchmark_7000_41459...
  > [Phase] BFS: 4.2651 sec, Backward: 0.5368 sec
  > index : 4, Maximum Betweenness Centrality ==> 3935437.26
  > Elapse time [sec.] = 5.641473 
  > GTEPS = 0.0514 (nodes=7000, edges=41459)
    → 5.641473 sec (GTEPS=0.0514)
  [RUN] sequential × benchmark_7000_41459 [trial 2/10]  (経過: 0h0m)
Running: Sequential on benchmark_7000_41459...
  > [Phase] BFS: 4.2496 sec, Backward: 0.4945 sec
  > index : 4, Maximum Betweenness Centrality ==> 3935437.26
  > Elapse time [sec.] = 5.563351 
  > GTEPS = 0.0522 (nodes=7000, edges=41459)
    → 5.563351 sec (GTEPS=0.0522)
  [RUN] sequential × benchmark_7000_41459 [trial 3/10]  (経過: 0h0m)
Running: Sequential on benchmark_7000_41459...
  > [Phase] BFS: 4.3054 sec, Backward: 0.5326 sec
  > index : 4, Maximum Betweenness Centrality ==> 3935437.26
  > Elapse time [sec.] = 5.677999 
  > GTEPS = 0.0511 (nodes=7000, edges=41459)
    → 5.677999 sec (GTEPS=0.0511)
  [RUN] sequential × benchmark_7000_41459 [trial 4/10]  (経過: 0h0m)
Running: Sequential on benchmark_7000_41459...
  > [Phase] BFS: 4.2680 sec, Backward: 0.5405 sec
  > index : 4, Maximum Betweenness Centrality ==> 3935437.26
  > Elapse time [sec.] = 5.647623 
  > GTEPS = 0.0514 (nodes=7000, edges=41459)
    → 5.647623 sec (GTEPS=0.0514)
  [RUN] sequential × benchmark_7000_41459 [trial 5/10]  (経過: 0h0m)
Running: Sequential on benchmark_7000_41459...
  > [Phase] BFS: 4.2731 sec, Backward: 0.5352 sec
  > index : 4, Maximum Betweenness Centrality ==> 3935437.26
  > Elapse time [sec.] = 5.646354 
  > GTEPS = 0.0514 (nodes=7000, edges=41459)
    → 5.646354 sec (GTEPS=0.0514)
  [RUN] sequential × benchmark_7000_41459 [trial 6/10]  (経過: 0h0m)
Running: Sequential on benchmark_7000_41459...
  > [Phase] BFS: 4.2788 sec, Backward: 0.5358 sec
  > index : 4, Maximum Betweenness Centrality ==> 3935437.26
  > Elapse time [sec.] = 5.652346 
  > GTEPS = 0.0513 (nodes=7000, edges=41459)
    → 5.652346 sec (GTEPS=0.0513)
  [RUN] sequential × benchmark_7000_41459 [trial 7/10]  (経過: 0h0m)
Running: Sequential on benchmark_7000_41459...
  > [Phase] BFS: 4.2848 sec, Backward: 0.5265 sec
  > index : 4, Maximum Betweenness Centrality ==> 3935437.26
  > Elapse time [sec.] = 5.633038 
  > GTEPS = 0.0515 (nodes=7000, edges=41459)
    → 5.633038 sec (GTEPS=0.0515)
  [RUN] sequential × benchmark_7000_41459 [trial 8/10]  (経過: 0h0m)
Running: Sequential on benchmark_7000_41459...
  > [Phase] BFS: 4.2068 sec, Backward: 0.5212 sec
  > index : 4, Maximum Betweenness Centrality ==> 3935437.26
  > Elapse time [sec.] = 5.592850 
  > GTEPS = 0.0519 (nodes=7000, edges=41459)
    → 5.592850 sec (GTEPS=0.0519)
  [RUN] sequential × benchmark_7000_41459 [trial 9/10]  (経過: 0h0m)
Running: Sequential on benchmark_7000_41459...
  > [Phase] BFS: 4.2438 sec, Backward: 0.4942 sec
  > index : 4, Maximum Betweenness Centrality ==> 3935437.26
  > Elapse time [sec.] = 5.546694 
  > GTEPS = 0.0523 (nodes=7000, edges=41459)
    → 5.546694 sec (GTEPS=0.0523)
  [RUN] sequential × benchmark_7000_41459 [trial 10/10]  (経過: 0h0m)
Running: Sequential on benchmark_7000_41459...
  > [Phase] BFS: 4.3465 sec, Backward: 0.5483 sec
  > index : 4, Maximum Betweenness Centrality ==> 3935437.26
  > Elapse time [sec.] = 5.730182 
  > GTEPS = 0.0506 (nodes=7000, edges=41459)
    → 5.730182 sec (GTEPS=0.0506)
  [RUN] sequential × benchmark_11023_62184 [trial 1/10]  (経過: 0h0m)
Running: Sequential on benchmark_11023_62184...
  > [Phase] BFS: 8.2931 sec, Backward: 1.1571 sec
  > index : 10, Maximum Betweenness Centrality ==> 11951000.93
  > Elapse time [sec.] = 11.480909 
  > GTEPS = 0.0597 (nodes=11023, edges=62184)
    → 11.480909 sec (GTEPS=0.0597)
  [RUN] sequential × benchmark_11023_62184 [trial 2/10]  (経過: 0h0m)
Running: Sequential on benchmark_11023_62184...
  > [Phase] BFS: 8.1533 sec, Backward: 1.1012 sec
  > index : 10, Maximum Betweenness Centrality ==> 11951000.93
  > Elapse time [sec.] = 11.252650 
  > GTEPS = 0.0609 (nodes=11023, edges=62184)
    → 11.252650 sec (GTEPS=0.0609)
  [RUN] sequential × benchmark_11023_62184 [trial 3/10]  (経過: 0h0m)
Running: Sequential on benchmark_11023_62184...
  > [Phase] BFS: 8.3266 sec, Backward: 1.1334 sec
  > index : 10, Maximum Betweenness Centrality ==> 11951000.93
  > Elapse time [sec.] = 11.457562 
  > GTEPS = 0.0598 (nodes=11023, edges=62184)
    → 11.457562 sec (GTEPS=0.0598)
  [RUN] sequential × benchmark_11023_62184 [trial 4/10]  (経過: 0h0m)
Running: Sequential on benchmark_11023_62184...
  > [Phase] BFS: 8.2151 sec, Backward: 1.1094 sec
  > index : 10, Maximum Betweenness Centrality ==> 11951000.93
  > Elapse time [sec.] = 11.347654 
  > GTEPS = 0.0604 (nodes=11023, edges=62184)
    → 11.347654 sec (GTEPS=0.0604)
  [RUN] sequential × benchmark_11023_62184 [trial 5/10]  (経過: 0h0m)
Running: Sequential on benchmark_11023_62184...
  > [Phase] BFS: 8.1875 sec, Backward: 1.1156 sec
  > index : 10, Maximum Betweenness Centrality ==> 11951000.93
  > Elapse time [sec.] = 11.311188 
  > GTEPS = 0.0606 (nodes=11023, edges=62184)
    → 11.311188 sec (GTEPS=0.0606)
  [RUN] sequential × benchmark_11023_62184 [trial 6/10]  (経過: 0h0m)
Running: Sequential on benchmark_11023_62184...
  > [Phase] BFS: 8.2334 sec, Backward: 1.1491 sec
  > index : 10, Maximum Betweenness Centrality ==> 11951000.93
  > Elapse time [sec.] = 11.494172 
  > GTEPS = 0.0596 (nodes=11023, edges=62184)
    → 11.494172 sec (GTEPS=0.0596)
  [RUN] sequential × benchmark_11023_62184 [trial 7/10]  (経過: 0h0m)
Running: Sequential on benchmark_11023_62184...
  > [Phase] BFS: 8.2411 sec, Backward: 1.1331 sec
  > index : 10, Maximum Betweenness Centrality ==> 11951000.93
  > Elapse time [sec.] = 11.416668 
  > GTEPS = 0.0600 (nodes=11023, edges=62184)
    → 11.416668 sec (GTEPS=0.0600)
  [RUN] sequential × benchmark_11023_62184 [trial 8/10]  (経過: 0h0m)
Running: Sequential on benchmark_11023_62184...
  > [Phase] BFS: 8.2546 sec, Backward: 1.1307 sec
  > index : 10, Maximum Betweenness Centrality ==> 11951000.93
  > Elapse time [sec.] = 11.433919 
  > GTEPS = 0.0599 (nodes=11023, edges=62184)
    → 11.433919 sec (GTEPS=0.0599)
  [RUN] sequential × benchmark_11023_62184 [trial 9/10]  (経過: 0h0m)
Running: Sequential on benchmark_11023_62184...
  > [Phase] BFS: 8.2282 sec, Backward: 1.1182 sec
  > index : 10, Maximum Betweenness Centrality ==> 11951000.93
  > Elapse time [sec.] = 11.372624 
  > GTEPS = 0.0603 (nodes=11023, edges=62184)
    → 11.372624 sec (GTEPS=0.0603)
  [RUN] sequential × benchmark_11023_62184 [trial 10/10]  (経過: 0h0m)
Running: Sequential on benchmark_11023_62184...
  > [Phase] BFS: 8.2097 sec, Backward: 1.1158 sec
  > index : 10, Maximum Betweenness Centrality ==> 11951000.93
  > Elapse time [sec.] = 11.341782 
  > GTEPS = 0.0604 (nodes=11023, edges=62184)
    → 11.341782 sec (GTEPS=0.0604)
  [RUN] sequential × random [trial 1/10]  (経過: 0h2m)
Running: Sequential on random...
  > [Phase] BFS: 115.6132 sec, Backward: 18.3863 sec
  > index : 15869, Maximum Betweenness Centrality ==> 4029653.52
  > Elapse time [sec.] = 174.760691 
  > GTEPS = 0.0188 (nodes=32212, edges=101805)
    → 174.760691 sec (GTEPS=0.0188)
  [RUN] sequential × random [trial 2/10]  (経過: 0h2m)
Running: Sequential on random...
  > [Phase] BFS: 116.4345 sec, Backward: 18.4130 sec
  > index : 15869, Maximum Betweenness Centrality ==> 4029653.52
  > Elapse time [sec.] = 174.056760 
  > GTEPS = 0.0188 (nodes=32212, edges=101805)
    → 174.056760 sec (GTEPS=0.0188)
  [RUN] sequential × random [trial 3/10]  (経過: 0h2m)
Running: Sequential on random...
  > [Phase] BFS: 112.3251 sec, Backward: 17.8422 sec
  > index : 15869, Maximum Betweenness Centrality ==> 4029653.52
  > Elapse time [sec.] = 169.267074 
  > GTEPS = 0.0194 (nodes=32212, edges=101805)
    → 169.267074 sec (GTEPS=0.0194)
  [RUN] sequential × random [trial 4/10]  (経過: 0h2m)
Running: Sequential on random...
  > [Phase] BFS: 114.0502 sec, Backward: 18.0194 sec
  > index : 15869, Maximum Betweenness Centrality ==> 4029653.52
  > Elapse time [sec.] = 170.732521 
  > GTEPS = 0.0192 (nodes=32212, edges=101805)
    → 170.732521 sec (GTEPS=0.0192)
  [RUN] sequential × random [trial 5/10]  (経過: 0h2m)
Running: Sequential on random...
  > [Phase] BFS: 110.5144 sec, Backward: 17.3439 sec
  > index : 15869, Maximum Betweenness Centrality ==> 4029653.52
  > Elapse time [sec.] = 166.094956 
  > GTEPS = 0.0197 (nodes=32212, edges=101805)
    → 166.094956 sec (GTEPS=0.0197)
  [RUN] sequential × random [trial 6/10]  (経過: 0h2m)
Running: Sequential on random...
  > [Phase] BFS: 116.1529 sec, Backward: 17.9259 sec
  > index : 15869, Maximum Betweenness Centrality ==> 4029653.52
  > Elapse time [sec.] = 172.459463 
  > GTEPS = 0.0190 (nodes=32212, edges=101805)
    → 172.459463 sec (GTEPS=0.0190)
  [RUN] sequential × random [trial 7/10]  (経過: 0h2m)
Running: Sequential on random...
  > [Phase] BFS: 113.6526 sec, Backward: 17.6571 sec
  > index : 15869, Maximum Betweenness Centrality ==> 4029653.52
  > Elapse time [sec.] = 170.453310 
  > GTEPS = 0.0192 (nodes=32212, edges=101805)
    → 170.453310 sec (GTEPS=0.0192)
  [RUN] sequential × random [trial 8/10]  (経過: 0h2m)
Running: Sequential on random...
  > [Phase] BFS: 115.7233 sec, Backward: 18.2600 sec
  > index : 15869, Maximum Betweenness Centrality ==> 4029653.52
  > Elapse time [sec.] = 173.356856 
  > GTEPS = 0.0189 (nodes=32212, edges=101805)
    → 173.356856 sec (GTEPS=0.0189)
  [RUN] sequential × random [trial 9/10]  (経過: 0h2m)
Running: Sequential on random...
  > [Phase] BFS: 112.7827 sec, Backward: 17.6948 sec
  > index : 15869, Maximum Betweenness Centrality ==> 4029653.52
  > Elapse time [sec.] = 169.449026 
  > GTEPS = 0.0194 (nodes=32212, edges=101805)
    → 169.449026 sec (GTEPS=0.0194)
  [RUN] sequential × random [trial 10/10]  (経過: 0h2m)
Running: Sequential on random...
  > [Phase] BFS: 113.8559 sec, Backward: 17.8898 sec
  > index : 15869, Maximum Betweenness Centrality ==> 4029653.52
  > Elapse time [sec.] = 171.104685 
  > GTEPS = 0.0192 (nodes=32212, edges=101805)
    → 171.104685 sec (GTEPS=0.0192)

==========================================
  手法: omp
==========================================
  [RUN] omp × benchmark_7000_41459 [trial 1/10]  (経過: 0h31m)
Running: OpenMP on benchmark_7000_41459...
  > [Phase] BFS: 2.2011 sec, Backward: 4.6330 sec (total thread-time)
  > index : 4, Maximum Betweenness Centrality ==> 3935437.26
  > Elapse time [sec.] = 0.102881 
  > GTEPS = 2.8209 (nodes=7000, edges=41459)
    → 0.102881 sec (GTEPS=2.8209)
  [RUN] omp × benchmark_7000_41459 [trial 2/10]  (経過: 0h31m)
Running: OpenMP on benchmark_7000_41459...
  > [Phase] BFS: 2.2310 sec, Backward: 4.6007 sec (total thread-time)
  > index : 4, Maximum Betweenness Centrality ==> 3935437.26
  > Elapse time [sec.] = 0.101501 
  > GTEPS = 2.8592 (nodes=7000, edges=41459)
    → 0.101501 sec (GTEPS=2.8592)
  [RUN] omp × benchmark_7000_41459 [trial 3/10]  (経過: 0h31m)
Running: OpenMP on benchmark_7000_41459...
  > [Phase] BFS: 2.1858 sec, Backward: 4.6189 sec (total thread-time)
  > index : 4, Maximum Betweenness Centrality ==> 3935437.26
  > Elapse time [sec.] = 0.101546 
  > GTEPS = 2.8579 (nodes=7000, edges=41459)
    → 0.101546 sec (GTEPS=2.8579)
  [RUN] omp × benchmark_7000_41459 [trial 4/10]  (経過: 0h31m)
Running: OpenMP on benchmark_7000_41459...
  > [Phase] BFS: 2.1792 sec, Backward: 4.6160 sec (total thread-time)
  > index : 4, Maximum Betweenness Centrality ==> 3935437.26
  > Elapse time [sec.] = 0.100894 
  > GTEPS = 2.8764 (nodes=7000, edges=41459)
    → 0.100894 sec (GTEPS=2.8764)
  [RUN] omp × benchmark_7000_41459 [trial 5/10]  (経過: 0h31m)
Running: OpenMP on benchmark_7000_41459...
  > [Phase] BFS: 2.1853 sec, Backward: 4.6187 sec (total thread-time)
  > index : 4, Maximum Betweenness Centrality ==> 3935437.26
  > Elapse time [sec.] = 0.101164 
  > GTEPS = 2.8687 (nodes=7000, edges=41459)
    → 0.101164 sec (GTEPS=2.8687)
  [RUN] omp × benchmark_7000_41459 [trial 6/10]  (経過: 0h31m)
Running: OpenMP on benchmark_7000_41459...
  > [Phase] BFS: 2.1824 sec, Backward: 4.6204 sec (total thread-time)
  > index : 4, Maximum Betweenness Centrality ==> 3935437.26
  > Elapse time [sec.] = 0.101645 
  > GTEPS = 2.8552 (nodes=7000, edges=41459)
    → 0.101645 sec (GTEPS=2.8552)
  [RUN] omp × benchmark_7000_41459 [trial 7/10]  (経過: 0h31m)
Running: OpenMP on benchmark_7000_41459...
  > [Phase] BFS: 2.1783 sec, Backward: 4.6362 sec (total thread-time)
  > index : 4, Maximum Betweenness Centrality ==> 3935437.26
  > Elapse time [sec.] = 0.101021 
  > GTEPS = 2.8728 (nodes=7000, edges=41459)
    → 0.101021 sec (GTEPS=2.8728)
  [RUN] omp × benchmark_7000_41459 [trial 8/10]  (経過: 0h31m)
Running: OpenMP on benchmark_7000_41459...
  > [Phase] BFS: 2.1906 sec, Backward: 4.6372 sec (total thread-time)
  > index : 4, Maximum Betweenness Centrality ==> 3935437.26
  > Elapse time [sec.] = 0.102016 
  > GTEPS = 2.8448 (nodes=7000, edges=41459)
    → 0.102016 sec (GTEPS=2.8448)
  [RUN] omp × benchmark_7000_41459 [trial 9/10]  (経過: 0h31m)
Running: OpenMP on benchmark_7000_41459...
  > [Phase] BFS: 2.2167 sec, Backward: 4.6334 sec (total thread-time)
  > index : 4, Maximum Betweenness Centrality ==> 3935437.26
  > Elapse time [sec.] = 0.101903 
  > GTEPS = 2.8479 (nodes=7000, edges=41459)
    → 0.101903 sec (GTEPS=2.8479)
  [RUN] omp × benchmark_7000_41459 [trial 10/10]  (経過: 0h31m)
Running: OpenMP on benchmark_7000_41459...
  > [Phase] BFS: 2.2132 sec, Backward: 4.6132 sec (total thread-time)
  > index : 4, Maximum Betweenness Centrality ==> 3935437.26
  > Elapse time [sec.] = 0.101770 
  > GTEPS = 2.8517 (nodes=7000, edges=41459)
    → 0.101770 sec (GTEPS=2.8517)
  [RUN] omp × benchmark_11023_62184 [trial 1/10]  (経過: 0h31m)
Running: OpenMP on benchmark_11023_62184...
  > [Phase] BFS: 3.6103 sec, Backward: 6.3620 sec (total thread-time)
  > index : 10, Maximum Betweenness Centrality ==> 11951000.93
  > Elapse time [sec.] = 0.150392 
  > GTEPS = 4.5578 (nodes=11023, edges=62184)
    → 0.150392 sec (GTEPS=4.5578)
  [RUN] omp × benchmark_11023_62184 [trial 2/10]  (経過: 0h31m)
Running: OpenMP on benchmark_11023_62184...
  > [Phase] BFS: 3.6459 sec, Backward: 6.4186 sec (total thread-time)
  > index : 10, Maximum Betweenness Centrality ==> 11951000.93
  > Elapse time [sec.] = 0.213851 
  > GTEPS = 3.2053 (nodes=11023, edges=62184)
    → 0.213851 sec (GTEPS=3.2053)
  [RUN] omp × benchmark_11023_62184 [trial 3/10]  (経過: 0h31m)
Running: OpenMP on benchmark_11023_62184...
  > [Phase] BFS: 3.6204 sec, Backward: 6.3450 sec (total thread-time)
  > index : 10, Maximum Betweenness Centrality ==> 11951000.93
  > Elapse time [sec.] = 0.150902 
  > GTEPS = 4.5424 (nodes=11023, edges=62184)
    → 0.150902 sec (GTEPS=4.5424)
  [RUN] omp × benchmark_11023_62184 [trial 4/10]  (経過: 0h31m)
Running: OpenMP on benchmark_11023_62184...
  > [Phase] BFS: 3.6387 sec, Backward: 6.3767 sec (total thread-time)
  > index : 10, Maximum Betweenness Centrality ==> 11951000.93
  > Elapse time [sec.] = 0.150691 
  > GTEPS = 4.5487 (nodes=11023, edges=62184)
    → 0.150691 sec (GTEPS=4.5487)
  [RUN] omp × benchmark_11023_62184 [trial 5/10]  (経過: 0h31m)
Running: OpenMP on benchmark_11023_62184...
  > [Phase] BFS: 3.6108 sec, Backward: 6.3556 sec (total thread-time)
  > index : 10, Maximum Betweenness Centrality ==> 11951000.93
  > Elapse time [sec.] = 0.151201 
  > GTEPS = 4.5334 (nodes=11023, edges=62184)
    → 0.151201 sec (GTEPS=4.5334)
  [RUN] omp × benchmark_11023_62184 [trial 6/10]  (経過: 0h31m)
Running: OpenMP on benchmark_11023_62184...
  > [Phase] BFS: 3.6413 sec, Backward: 6.3603 sec (total thread-time)
  > index : 10, Maximum Betweenness Centrality ==> 11951000.93
  > Elapse time [sec.] = 0.152842 
  > GTEPS = 4.4847 (nodes=11023, edges=62184)
    → 0.152842 sec (GTEPS=4.4847)
  [RUN] omp × benchmark_11023_62184 [trial 7/10]  (経過: 0h31m)
Running: OpenMP on benchmark_11023_62184...
  > [Phase] BFS: 3.7216 sec, Backward: 6.3657 sec (total thread-time)
  > index : 10, Maximum Betweenness Centrality ==> 11951000.93
  > Elapse time [sec.] = 0.155339 
  > GTEPS = 4.4126 (nodes=11023, edges=62184)
    → 0.155339 sec (GTEPS=4.4126)
  [RUN] omp × benchmark_11023_62184 [trial 8/10]  (経過: 0h31m)
Running: OpenMP on benchmark_11023_62184...
  > [Phase] BFS: 3.6423 sec, Backward: 6.3879 sec (total thread-time)
  > index : 10, Maximum Betweenness Centrality ==> 11951000.93
  > Elapse time [sec.] = 0.153451 
  > GTEPS = 4.4669 (nodes=11023, edges=62184)
    → 0.153451 sec (GTEPS=4.4669)
  [RUN] omp × benchmark_11023_62184 [trial 9/10]  (経過: 0h31m)
Running: OpenMP on benchmark_11023_62184...
  > [Phase] BFS: 3.6511 sec, Backward: 6.3568 sec (total thread-time)
  > index : 10, Maximum Betweenness Centrality ==> 11951000.93
  > Elapse time [sec.] = 0.153479 
  > GTEPS = 4.4661 (nodes=11023, edges=62184)
    → 0.153479 sec (GTEPS=4.4661)
  [RUN] omp × benchmark_11023_62184 [trial 10/10]  (経過: 0h31m)
Running: OpenMP on benchmark_11023_62184...
  > [Phase] BFS: 3.6183 sec, Backward: 6.3726 sec (total thread-time)
  > index : 10, Maximum Betweenness Centrality ==> 11951000.93
  > Elapse time [sec.] = 0.150303 
  > GTEPS = 4.5605 (nodes=11023, edges=62184)
    → 0.150303 sec (GTEPS=4.5605)
  [RUN] omp × random [trial 1/10]  (経過: 0h31m)
Running: OpenMP on random...
  > [Phase] BFS: 78.6685 sec, Backward: 153.2662 sec (total thread-time)
  > index : 15869, Maximum Betweenness Centrality ==> 4029653.52
  > Elapse time [sec.] = 3.334751 
  > GTEPS = 0.9834 (nodes=32212, edges=101805)
    → 3.334751 sec (GTEPS=0.9834)
  [RUN] omp × random [trial 2/10]  (経過: 0h31m)
Running: OpenMP on random...
  > [Phase] BFS: 79.1001 sec, Backward: 151.6568 sec (total thread-time)
  > index : 15869, Maximum Betweenness Centrality ==> 4029653.52
  > Elapse time [sec.] = 3.316996 
  > GTEPS = 0.9886 (nodes=32212, edges=101805)
    → 3.316996 sec (GTEPS=0.9886)
  [RUN] omp × random [trial 3/10]  (経過: 0h31m)
Running: OpenMP on random...
  > [Phase] BFS: 80.3315 sec, Backward: 152.2328 sec (total thread-time)
  > index : 15869, Maximum Betweenness Centrality ==> 4029653.52
  > Elapse time [sec.] = 3.386507 
  > GTEPS = 0.9684 (nodes=32212, edges=101805)
    → 3.386507 sec (GTEPS=0.9684)
  [RUN] omp × random [trial 4/10]  (経過: 0h31m)
Running: OpenMP on random...
  > [Phase] BFS: 82.0271 sec, Backward: 152.6613 sec (total thread-time)
  > index : 15869, Maximum Betweenness Centrality ==> 4029653.52
  > Elapse time [sec.] = 3.421551 
  > GTEPS = 0.9584 (nodes=32212, edges=101805)
    → 3.421551 sec (GTEPS=0.9584)
  [RUN] omp × random [trial 5/10]  (経過: 0h31m)
Running: OpenMP on random...
  > [Phase] BFS: 81.5224 sec, Backward: 151.5020 sec (total thread-time)
  > index : 15869, Maximum Betweenness Centrality ==> 4029653.52
  > Elapse time [sec.] = 3.351302 
  > GTEPS = 0.9785 (nodes=32212, edges=101805)
    → 3.351302 sec (GTEPS=0.9785)
  [RUN] omp × random [trial 6/10]  (経過: 0h31m)
Running: OpenMP on random...
  > [Phase] BFS: 79.9911 sec, Backward: 151.6668 sec (total thread-time)
  > index : 15869, Maximum Betweenness Centrality ==> 4029653.52
  > Elapse time [sec.] = 3.355838 
  > GTEPS = 0.9772 (nodes=32212, edges=101805)
    → 3.355838 sec (GTEPS=0.9772)
  [RUN] omp × random [trial 7/10]  (経過: 0h31m)
Running: OpenMP on random...
  > [Phase] BFS: 80.7299 sec, Backward: 151.1125 sec (total thread-time)
  > index : 15869, Maximum Betweenness Centrality ==> 4029653.52
  > Elapse time [sec.] = 3.377402 
  > GTEPS = 0.9710 (nodes=32212, edges=101805)
    → 3.377402 sec (GTEPS=0.9710)
  [RUN] omp × random [trial 8/10]  (経過: 0h31m)
Running: OpenMP on random...
  > [Phase] BFS: 80.6448 sec, Backward: 152.1251 sec (total thread-time)
  > index : 15869, Maximum Betweenness Centrality ==> 4029653.52
  > Elapse time [sec.] = 3.356274 
  > GTEPS = 0.9771 (nodes=32212, edges=101805)
    → 3.356274 sec (GTEPS=0.9771)
  [RUN] omp × random [trial 9/10]  (経過: 0h31m)
Running: OpenMP on random...
  > [Phase] BFS: 80.3843 sec, Backward: 151.0081 sec (total thread-time)
  > index : 15869, Maximum Betweenness Centrality ==> 4029653.52
  > Elapse time [sec.] = 3.335449 
  > GTEPS = 0.9832 (nodes=32212, edges=101805)
    → 3.335449 sec (GTEPS=0.9832)
  [RUN] omp × random [trial 10/10]  (経過: 0h31m)
Running: OpenMP on random...
  > [Phase] BFS: 79.4874 sec, Backward: 153.4218 sec (total thread-time)
  > index : 15869, Maximum Betweenness Centrality ==> 4029653.52
  > Elapse time [sec.] = 3.361366 
  > GTEPS = 0.9756 (nodes=32212, edges=101805)
    → 3.361366 sec (GTEPS=0.9756)
  [RUN] omp × 56438_300801 [trial 1/10]  (経過: 0h32m)
Running: OpenMP on 56438_300801...
  > [Phase] BFS: 349.6281 sec, Backward: 584.5600 sec (total thread-time)
  > index : 25329, Maximum Betweenness Centrality ==> 6696305.50
  > Elapse time [sec.] = 13.440007 
  > GTEPS = 1.2631 (nodes=56438, edges=300801)
    → 13.440007 sec (GTEPS=1.2631)
  [RUN] omp × 56438_300801 [trial 2/10]  (経過: 0h32m)
Running: OpenMP on 56438_300801...
  > [Phase] BFS: 341.5534 sec, Backward: 582.6195 sec (total thread-time)
  > index : 25329, Maximum Betweenness Centrality ==> 6696305.50
  > Elapse time [sec.] = 13.315412 
  > GTEPS = 1.2750 (nodes=56438, edges=300801)
    → 13.315412 sec (GTEPS=1.2750)
  [RUN] omp × 56438_300801 [trial 3/10]  (経過: 0h32m)
Running: OpenMP on 56438_300801...
  > [Phase] BFS: 340.6406 sec, Backward: 581.1485 sec (total thread-time)
  > index : 25329, Maximum Betweenness Centrality ==> 6696305.50
  > Elapse time [sec.] = 13.278524 
  > GTEPS = 1.2785 (nodes=56438, edges=300801)
    → 13.278524 sec (GTEPS=1.2785)
  [RUN] omp × 56438_300801 [trial 4/10]  (経過: 0h32m)
Running: OpenMP on 56438_300801...
  > [Phase] BFS: 342.9453 sec, Backward: 582.6525 sec (total thread-time)
  > index : 25329, Maximum Betweenness Centrality ==> 6696305.50
  > Elapse time [sec.] = 13.352042 
  > GTEPS = 1.2715 (nodes=56438, edges=300801)
    → 13.352042 sec (GTEPS=1.2715)
  [RUN] omp × 56438_300801 [trial 5/10]  (経過: 0h32m)
Running: OpenMP on 56438_300801...
  > [Phase] BFS: 346.1322 sec, Backward: 584.4218 sec (total thread-time)
  > index : 25329, Maximum Betweenness Centrality ==> 6696305.50
  > Elapse time [sec.] = 13.386251 
  > GTEPS = 1.2682 (nodes=56438, edges=300801)
    → 13.386251 sec (GTEPS=1.2682)
  [RUN] omp × 56438_300801 [trial 6/10]  (経過: 0h32m)
Running: OpenMP on 56438_300801...
  > [Phase] BFS: 332.1328 sec, Backward: 578.8430 sec (total thread-time)
  > index : 25329, Maximum Betweenness Centrality ==> 6696305.50
  > Elapse time [sec.] = 13.090079 
  > GTEPS = 1.2969 (nodes=56438, edges=300801)
    → 13.090079 sec (GTEPS=1.2969)
  [RUN] omp × 56438_300801 [trial 7/10]  (経過: 0h32m)
Running: OpenMP on 56438_300801...
  > [Phase] BFS: 341.7051 sec, Backward: 580.2827 sec (total thread-time)
  > index : 25329, Maximum Betweenness Centrality ==> 6696305.50
  > Elapse time [sec.] = 13.296811 
  > GTEPS = 1.2767 (nodes=56438, edges=300801)
    → 13.296811 sec (GTEPS=1.2767)
  [RUN] omp × 56438_300801 [trial 8/10]  (経過: 0h32m)
Running: OpenMP on 56438_300801...
  > [Phase] BFS: 346.8990 sec, Backward: 584.1140 sec (total thread-time)
  > index : 25329, Maximum Betweenness Centrality ==> 6696305.50
  > Elapse time [sec.] = 13.391017 
  > GTEPS = 1.2678 (nodes=56438, edges=300801)
    → 13.391017 sec (GTEPS=1.2678)
  [RUN] omp × 56438_300801 [trial 9/10]  (経過: 0h32m)
Running: OpenMP on 56438_300801...
  > [Phase] BFS: 348.5989 sec, Backward: 585.9604 sec (total thread-time)
  > index : 25329, Maximum Betweenness Centrality ==> 6696305.50
  > Elapse time [sec.] = 13.374188 
  > GTEPS = 1.2694 (nodes=56438, edges=300801)
    → 13.374188 sec (GTEPS=1.2694)
  [RUN] omp × 56438_300801 [trial 10/10]  (経過: 0h32m)
Running: OpenMP on 56438_300801...
  > [Phase] BFS: 354.0701 sec, Backward: 588.1743 sec (total thread-time)
  > index : 25329, Maximum Betweenness Centrality ==> 6696305.50
  > Elapse time [sec.] = 13.615552 
  > GTEPS = 1.2469 (nodes=56438, edges=300801)
    → 13.615552 sec (GTEPS=1.2469)

==========================================
  手法: cugraph_bc
==========================================
  [RUN] cugraph_bc × benchmark_7000_41459 [trial 1/10]  (経過: 0h34m)
Running: cuGraph_BC on benchmark_7000_41459...
  > [cuGraph] free_mem=101.4 GB, max_per_batch=7000, num_sources=7000
  > [cuGraph] num_batches=1 (max_per_batch=7000)
  > [cuGraph Phase] BFS: 0.2492 sec, Backward: 0.5453 sec
  > [cuGraph Phase] Init: 0.2660 s, H2D+Build: 0.0010 s, BC: 0.8116 s, D2H: 0.0000 s
  > [cuGraph BC-only] 0.8116 s (純粋 BC 計算, CUDA init 等除く)
  > index : 4, Maximum Betweenness Centrality ==> 3935437.26
  > Elapse time [sec.] = 1.078828 
  > GTEPS = 0.2690 (nodes=7000, edges=41459)
    → 1.078828 sec (GTEPS=0.2690)
  [RUN] cugraph_bc × benchmark_7000_41459 [trial 2/10]  (経過: 0h34m)
Running: cuGraph_BC on benchmark_7000_41459...
  > [cuGraph] free_mem=101.4 GB, max_per_batch=7000, num_sources=7000
  > [cuGraph] num_batches=1 (max_per_batch=7000)
  > [cuGraph Phase] BFS: 0.2619 sec, Backward: 0.6471 sec
  > [cuGraph Phase] Init: 0.1694 s, H2D+Build: 0.0004 s, BC: 0.9250 s, D2H: 0.0000 s
  > [cuGraph BC-only] 0.9250 s (純粋 BC 計算, CUDA init 等除く)
  > index : 4, Maximum Betweenness Centrality ==> 3935437.26
  > Elapse time [sec.] = 1.095019 
  > GTEPS = 0.2650 (nodes=7000, edges=41459)
    → 1.095019 sec (GTEPS=0.2650)
  [RUN] cugraph_bc × benchmark_7000_41459 [trial 3/10]  (経過: 0h34m)
Running: cuGraph_BC on benchmark_7000_41459...
  > [cuGraph] free_mem=101.4 GB, max_per_batch=7000, num_sources=7000
  > [cuGraph] num_batches=1 (max_per_batch=7000)
  > [cuGraph Phase] BFS: 0.2769 sec, Backward: 0.6579 sec
  > [cuGraph Phase] Init: 0.1829 s, H2D+Build: 0.0004 s, BC: 0.9514 s, D2H: 0.0000 s
  > [cuGraph BC-only] 0.9514 s (純粋 BC 計算, CUDA init 等除く)
  > index : 4, Maximum Betweenness Centrality ==> 3935437.26
  > Elapse time [sec.] = 1.134922 
  > GTEPS = 0.2557 (nodes=7000, edges=41459)
    → 1.134922 sec (GTEPS=0.2557)
  [RUN] cugraph_bc × benchmark_7000_41459 [trial 4/10]  (経過: 0h34m)
Running: cuGraph_BC on benchmark_7000_41459...
  > [cuGraph] free_mem=101.4 GB, max_per_batch=7000, num_sources=7000
  > [cuGraph] num_batches=1 (max_per_batch=7000)
  > [cuGraph Phase] BFS: 0.2749 sec, Backward: 0.6285 sec
  > [cuGraph Phase] Init: 0.1792 s, H2D+Build: 0.0003 s, BC: 0.9196 s, D2H: 0.0000 s
  > [cuGraph BC-only] 0.9196 s (純粋 BC 計算, CUDA init 等除く)
  > index : 4, Maximum Betweenness Centrality ==> 3935437.26
  > Elapse time [sec.] = 1.099292 
  > GTEPS = 0.2640 (nodes=7000, edges=41459)
    → 1.099292 sec (GTEPS=0.2640)
  [RUN] cugraph_bc × benchmark_7000_41459 [trial 5/10]  (経過: 0h34m)
Running: cuGraph_BC on benchmark_7000_41459...
  > [cuGraph] free_mem=101.4 GB, max_per_batch=7000, num_sources=7000
  > [cuGraph] num_batches=1 (max_per_batch=7000)
  > [cuGraph Phase] BFS: 0.2867 sec, Backward: 0.6931 sec
  > [cuGraph Phase] Init: 0.1698 s, H2D+Build: 0.0004 s, BC: 0.9963 s, D2H: 0.0000 s
  > [cuGraph BC-only] 0.9963 s (純粋 BC 計算, CUDA init 等除く)
  > index : 4, Maximum Betweenness Centrality ==> 3935437.26
  > Elapse time [sec.] = 1.166856 
  > GTEPS = 0.2487 (nodes=7000, edges=41459)
    → 1.166856 sec (GTEPS=0.2487)
  [RUN] cugraph_bc × benchmark_7000_41459 [trial 6/10]  (経過: 0h34m)
Running: cuGraph_BC on benchmark_7000_41459...
  > [cuGraph] free_mem=101.4 GB, max_per_batch=7000, num_sources=7000
  > [cuGraph] num_batches=1 (max_per_batch=7000)
  > [cuGraph Phase] BFS: 0.2998 sec, Backward: 0.6496 sec
  > [cuGraph Phase] Init: 0.1667 s, H2D+Build: 0.0004 s, BC: 0.9655 s, D2H: 0.0000 s
  > [cuGraph BC-only] 0.9655 s (純粋 BC 計算, CUDA init 等除く)
  > index : 4, Maximum Betweenness Centrality ==> 3935437.26
  > Elapse time [sec.] = 1.132886 
  > GTEPS = 0.2562 (nodes=7000, edges=41459)
    → 1.132886 sec (GTEPS=0.2562)
  [RUN] cugraph_bc × benchmark_7000_41459 [trial 7/10]  (経過: 0h34m)
Running: cuGraph_BC on benchmark_7000_41459...
  > [cuGraph] free_mem=101.4 GB, max_per_batch=7000, num_sources=7000
  > [cuGraph] num_batches=1 (max_per_batch=7000)
  > [cuGraph Phase] BFS: 0.2849 sec, Backward: 0.6502 sec
  > [cuGraph Phase] Init: 0.2373 s, H2D+Build: 0.0003 s, BC: 0.9516 s, D2H: 0.0000 s
  > [cuGraph BC-only] 0.9516 s (純粋 BC 計算, CUDA init 等除く)
  > index : 4, Maximum Betweenness Centrality ==> 3935437.26
  > Elapse time [sec.] = 1.189555 
  > GTEPS = 0.2440 (nodes=7000, edges=41459)
    → 1.189555 sec (GTEPS=0.2440)
  [RUN] cugraph_bc × benchmark_7000_41459 [trial 8/10]  (経過: 0h34m)
Running: cuGraph_BC on benchmark_7000_41459...
  > [cuGraph] free_mem=101.4 GB, max_per_batch=7000, num_sources=7000
  > [cuGraph] num_batches=1 (max_per_batch=7000)
  > [cuGraph Phase] BFS: 0.2782 sec, Backward: 0.6251 sec
  > [cuGraph Phase] Init: 0.1695 s, H2D+Build: 0.0003 s, BC: 0.9196 s, D2H: 0.0000 s
  > [cuGraph BC-only] 0.9196 s (純粋 BC 計算, CUDA init 等除く)
  > index : 4, Maximum Betweenness Centrality ==> 3935437.26
  > Elapse time [sec.] = 1.089762 
  > GTEPS = 0.2663 (nodes=7000, edges=41459)
    → 1.089762 sec (GTEPS=0.2663)
  [RUN] cugraph_bc × benchmark_7000_41459 [trial 9/10]  (経過: 0h34m)
Running: cuGraph_BC on benchmark_7000_41459...
  > [cuGraph] free_mem=101.4 GB, max_per_batch=7000, num_sources=7000
  > [cuGraph] num_batches=1 (max_per_batch=7000)
  > [cuGraph Phase] BFS: 0.2786 sec, Backward: 0.6250 sec
  > [cuGraph Phase] Init: 0.1710 s, H2D+Build: 0.0004 s, BC: 0.9198 s, D2H: 0.0000 s
  > [cuGraph BC-only] 0.9198 s (純粋 BC 計算, CUDA init 等除く)
  > index : 4, Maximum Betweenness Centrality ==> 3935437.26
  > Elapse time [sec.] = 1.091453 
  > GTEPS = 0.2659 (nodes=7000, edges=41459)
    → 1.091453 sec (GTEPS=0.2659)
  [RUN] cugraph_bc × benchmark_7000_41459 [trial 10/10]  (経過: 0h34m)
Running: cuGraph_BC on benchmark_7000_41459...
  > [cuGraph] free_mem=101.4 GB, max_per_batch=7000, num_sources=7000
  > [cuGraph] num_batches=1 (max_per_batch=7000)
  > [cuGraph Phase] BFS: 0.2779 sec, Backward: 0.6321 sec
  > [cuGraph Phase] Init: 0.1723 s, H2D+Build: 0.0003 s, BC: 0.9262 s, D2H: 0.0000 s
  > [cuGraph BC-only] 0.9262 s (純粋 BC 計算, CUDA init 等除く)
  > index : 4, Maximum Betweenness Centrality ==> 3935437.26
  > Elapse time [sec.] = 1.099165 
  > GTEPS = 0.2640 (nodes=7000, edges=41459)
    → 1.099165 sec (GTEPS=0.2640)
  [RUN] cugraph_bc × benchmark_11023_62184 [trial 1/10]  (経過: 0h34m)
Running: cuGraph_BC on benchmark_11023_62184...
  > [cuGraph] free_mem=101.4 GB, max_per_batch=11023, num_sources=11023
  > [cuGraph] num_batches=1 (max_per_batch=11023)
  > [cuGraph Phase] BFS: 0.9617 sec, Backward: 1.7828 sec
  > [cuGraph Phase] Init: 0.1698 s, H2D+Build: 0.0004 s, BC: 2.7652 s, D2H: 0.0000 s
  > [cuGraph BC-only] 2.7652 s (純粋 BC 計算, CUDA init 等除く)
  > index : 10, Maximum Betweenness Centrality ==> 11951000.93
  > Elapse time [sec.] = 2.935675 
  > GTEPS = 0.2335 (nodes=11023, edges=62184)
    → 2.935675 sec (GTEPS=0.2335)
  [RUN] cugraph_bc × benchmark_11023_62184 [trial 2/10]  (経過: 0h34m)
Running: cuGraph_BC on benchmark_11023_62184...
  > [cuGraph] free_mem=101.4 GB, max_per_batch=11023, num_sources=11023
  > [cuGraph] num_batches=1 (max_per_batch=11023)
  > [cuGraph Phase] BFS: 0.9125 sec, Backward: 1.6280 sec
  > [cuGraph Phase] Init: 0.1667 s, H2D+Build: 0.0004 s, BC: 2.5606 s, D2H: 0.0000 s
  > [cuGraph BC-only] 2.5606 s (純粋 BC 計算, CUDA init 等除く)
  > index : 11, Maximum Betweenness Centrality ==> 11951000.93
  > Elapse time [sec.] = 2.727912 
  > GTEPS = 0.2513 (nodes=11023, edges=62184)
    → 2.727912 sec (GTEPS=0.2513)
  [RUN] cugraph_bc × benchmark_11023_62184 [trial 3/10]  (経過: 0h34m)
Running: cuGraph_BC on benchmark_11023_62184...
  > [cuGraph] free_mem=101.4 GB, max_per_batch=11023, num_sources=11023
  > [cuGraph] num_batches=1 (max_per_batch=11023)
  > [cuGraph Phase] BFS: 0.9422 sec, Backward: 1.7014 sec
  > [cuGraph Phase] Init: 0.1761 s, H2D+Build: 0.0004 s, BC: 2.6641 s, D2H: 0.0000 s
  > [cuGraph BC-only] 2.6641 s (純粋 BC 計算, CUDA init 等除く)
  > index : 11, Maximum Betweenness Centrality ==> 11951000.93
  > Elapse time [sec.] = 2.841009 
  > GTEPS = 0.2413 (nodes=11023, edges=62184)
    → 2.841009 sec (GTEPS=0.2413)
  [RUN] cugraph_bc × benchmark_11023_62184 [trial 4/10]  (経過: 0h34m)
Running: cuGraph_BC on benchmark_11023_62184...
  > [cuGraph] free_mem=101.4 GB, max_per_batch=11023, num_sources=11023
  > [cuGraph] num_batches=1 (max_per_batch=11023)
  > [cuGraph Phase] BFS: 0.8948 sec, Backward: 1.6723 sec
  > [cuGraph Phase] Init: 0.1787 s, H2D+Build: 0.0005 s, BC: 2.5965 s, D2H: 0.0000 s
  > [cuGraph BC-only] 2.5965 s (純粋 BC 計算, CUDA init 等除く)
  > index : 10, Maximum Betweenness Centrality ==> 11951000.93
  > Elapse time [sec.] = 2.776031 
  > GTEPS = 0.2469 (nodes=11023, edges=62184)
    → 2.776031 sec (GTEPS=0.2469)
  [RUN] cugraph_bc × benchmark_11023_62184 [trial 5/10]  (経過: 0h34m)
Running: cuGraph_BC on benchmark_11023_62184...
  > [cuGraph] free_mem=101.4 GB, max_per_batch=11023, num_sources=11023
  > [cuGraph] num_batches=1 (max_per_batch=11023)
  > [cuGraph Phase] BFS: 0.9555 sec, Backward: 1.7206 sec
  > [cuGraph Phase] Init: 0.1699 s, H2D+Build: 0.0003 s, BC: 2.6965 s, D2H: 0.0000 s
  > [cuGraph BC-only] 2.6965 s (純粋 BC 計算, CUDA init 等除く)
  > index : 10, Maximum Betweenness Centrality ==> 11951000.93
  > Elapse time [sec.] = 2.867076 
  > GTEPS = 0.2391 (nodes=11023, edges=62184)
    → 2.867076 sec (GTEPS=0.2391)
  [RUN] cugraph_bc × benchmark_11023_62184 [trial 6/10]  (経過: 0h34m)
Running: cuGraph_BC on benchmark_11023_62184...
  > [cuGraph] free_mem=101.4 GB, max_per_batch=11023, num_sources=11023
  > [cuGraph] num_batches=1 (max_per_batch=11023)
  > [cuGraph Phase] BFS: 0.8955 sec, Backward: 1.6333 sec
  > [cuGraph Phase] Init: 0.1687 s, H2D+Build: 0.0004 s, BC: 2.5489 s, D2H: 0.0000 s
  > [cuGraph BC-only] 2.5489 s (純粋 BC 計算, CUDA init 等除く)
  > index : 11, Maximum Betweenness Centrality ==> 11951000.93
  > Elapse time [sec.] = 2.718264 
  > GTEPS = 0.2522 (nodes=11023, edges=62184)
    → 2.718264 sec (GTEPS=0.2522)
  [RUN] cugraph_bc × benchmark_11023_62184 [trial 7/10]  (経過: 0h34m)
Running: cuGraph_BC on benchmark_11023_62184...
  > [cuGraph] free_mem=101.4 GB, max_per_batch=11023, num_sources=11023
  > [cuGraph] num_batches=1 (max_per_batch=11023)
  > [cuGraph Phase] BFS: 0.9107 sec, Backward: 1.6456 sec
  > [cuGraph Phase] Init: 0.1719 s, H2D+Build: 0.0004 s, BC: 2.5765 s, D2H: 0.0000 s
  > [cuGraph BC-only] 2.5765 s (純粋 BC 計算, CUDA init 等除く)
  > index : 11, Maximum Betweenness Centrality ==> 11951000.93
  > Elapse time [sec.] = 2.749099 
  > GTEPS = 0.2493 (nodes=11023, edges=62184)
    → 2.749099 sec (GTEPS=0.2493)
  [RUN] cugraph_bc × benchmark_11023_62184 [trial 8/10]  (経過: 0h34m)
Running: cuGraph_BC on benchmark_11023_62184...
  > [cuGraph] free_mem=101.4 GB, max_per_batch=11023, num_sources=11023
  > [cuGraph] num_batches=1 (max_per_batch=11023)
  > [cuGraph Phase] BFS: 0.9446 sec, Backward: 1.7770 sec
  > [cuGraph Phase] Init: 0.1748 s, H2D+Build: 0.0005 s, BC: 2.7504 s, D2H: 0.0000 s
  > [cuGraph BC-only] 2.7504 s (純粋 BC 計算, CUDA init 等除く)
  > index : 11, Maximum Betweenness Centrality ==> 11951000.93
  > Elapse time [sec.] = 2.925982 
  > GTEPS = 0.2343 (nodes=11023, edges=62184)
    → 2.925982 sec (GTEPS=0.2343)
  [RUN] cugraph_bc × benchmark_11023_62184 [trial 9/10]  (経過: 0h34m)
Running: cuGraph_BC on benchmark_11023_62184...
  > [cuGraph] free_mem=101.4 GB, max_per_batch=11023, num_sources=11023
  > [cuGraph] num_batches=1 (max_per_batch=11023)
  > [cuGraph Phase] BFS: 0.8900 sec, Backward: 1.7048 sec
  > [cuGraph Phase] Init: 0.1754 s, H2D+Build: 0.0004 s, BC: 2.6149 s, D2H: 0.0000 s
  > [cuGraph BC-only] 2.6149 s (純粋 BC 計算, CUDA init 等除く)
  > index : 10, Maximum Betweenness Centrality ==> 11951000.93
  > Elapse time [sec.] = 2.791140 
  > GTEPS = 0.2456 (nodes=11023, edges=62184)
    → 2.791140 sec (GTEPS=0.2456)
  [RUN] cugraph_bc × benchmark_11023_62184 [trial 10/10]  (経過: 0h34m)
Running: cuGraph_BC on benchmark_11023_62184...
  > [cuGraph] free_mem=101.4 GB, max_per_batch=11023, num_sources=11023
  > [cuGraph] num_batches=1 (max_per_batch=11023)
  > [cuGraph Phase] BFS: 0.9076 sec, Backward: 1.6658 sec
  > [cuGraph Phase] Init: 0.1676 s, H2D+Build: 0.0004 s, BC: 2.5939 s, D2H: 0.0000 s
  > [cuGraph BC-only] 2.5939 s (純粋 BC 計算, CUDA init 等除く)
  > index : 11, Maximum Betweenness Centrality ==> 11951000.93
  > Elapse time [sec.] = 2.762146 
  > GTEPS = 0.2482 (nodes=11023, edges=62184)
    → 2.762146 sec (GTEPS=0.2482)
  [RUN] cugraph_bc × random [trial 1/10]  (経過: 0h34m)
Running: cuGraph_BC on random...
  > [cuGraph] free_mem=101.4 GB, max_per_batch=32212, num_sources=32212
  > [cuGraph] num_batches=1 (max_per_batch=32212)
  > [cuGraph Phase] BFS: 4.2698 sec, Backward: 12.3521 sec
  > [cuGraph Phase] Init: 0.1752 s, H2D+Build: 0.0005 s, BC: 16.6951 s, D2H: 0.0001 s
  > [cuGraph BC-only] 16.6951 s (純粋 BC 計算, CUDA init 等除く)
  > index : 15869, Maximum Betweenness Centrality ==> 4029653.52
  > Elapse time [sec.] = 16.871121 
  > GTEPS = 0.1944 (nodes=32212, edges=101805)
    → 16.871121 sec (GTEPS=0.1944)
  [RUN] cugraph_bc × random [trial 2/10]  (経過: 0h34m)
Running: cuGraph_BC on random...
  > [cuGraph] free_mem=101.4 GB, max_per_batch=32212, num_sources=32212
  > [cuGraph] num_batches=1 (max_per_batch=32212)
  > [cuGraph Phase] BFS: 4.4459 sec, Backward: 12.8137 sec
  > [cuGraph Phase] Init: 0.1776 s, H2D+Build: 0.0005 s, BC: 17.3338 s, D2H: 0.0001 s
  > [cuGraph BC-only] 17.3338 s (純粋 BC 計算, CUDA init 等除く)
  > index : 15869, Maximum Betweenness Centrality ==> 4029653.52
  > Elapse time [sec.] = 17.512199 
  > GTEPS = 0.1873 (nodes=32212, edges=101805)
    → 17.512199 sec (GTEPS=0.1873)
  [RUN] cugraph_bc × random [trial 3/10]  (経過: 0h34m)
Running: cuGraph_BC on random...
  > [cuGraph] free_mem=101.4 GB, max_per_batch=32212, num_sources=32212
  > [cuGraph] num_batches=1 (max_per_batch=32212)
  > [cuGraph Phase] BFS: 4.4292 sec, Backward: 13.2001 sec
  > [cuGraph Phase] Init: 0.1833 s, H2D+Build: 0.0005 s, BC: 17.7030 s, D2H: 0.0001 s
  > [cuGraph BC-only] 17.7030 s (純粋 BC 計算, CUDA init 等除く)
  > index : 15869, Maximum Betweenness Centrality ==> 4029653.52
  > Elapse time [sec.] = 17.887185 
  > GTEPS = 0.1833 (nodes=32212, edges=101805)
    → 17.887185 sec (GTEPS=0.1833)
  [RUN] cugraph_bc × random [trial 4/10]  (経過: 0h34m)
Running: cuGraph_BC on random...
  > [cuGraph] free_mem=101.4 GB, max_per_batch=32212, num_sources=32212
  > [cuGraph] num_batches=1 (max_per_batch=32212)
  > [cuGraph Phase] BFS: 4.2204 sec, Backward: 12.3260 sec
  > [cuGraph Phase] Init: 0.1821 s, H2D+Build: 0.0005 s, BC: 16.6165 s, D2H: 0.0001 s
  > [cuGraph BC-only] 16.6165 s (純粋 BC 計算, CUDA init 等除く)
  > index : 15869, Maximum Betweenness Centrality ==> 4029653.52
  > Elapse time [sec.] = 16.799376 
  > GTEPS = 0.1952 (nodes=32212, edges=101805)
    → 16.799376 sec (GTEPS=0.1952)
  [RUN] cugraph_bc × random [trial 5/10]  (経過: 0h34m)
Running: cuGraph_BC on random...
  > [cuGraph] free_mem=101.4 GB, max_per_batch=32212, num_sources=32212
  > [cuGraph] num_batches=1 (max_per_batch=32212)
  > [cuGraph Phase] BFS: 4.1838 sec, Backward: 12.2236 sec
  > [cuGraph Phase] Init: 0.1738 s, H2D+Build: 0.0004 s, BC: 16.4780 s, D2H: 0.0001 s
  > [cuGraph BC-only] 16.4780 s (純粋 BC 計算, CUDA init 等除く)
  > index : 15869, Maximum Betweenness Centrality ==> 4029653.52
  > Elapse time [sec.] = 16.652607 
  > GTEPS = 0.1969 (nodes=32212, edges=101805)
    → 16.652607 sec (GTEPS=0.1969)
  [RUN] cugraph_bc × random [trial 6/10]  (経過: 0h34m)
Running: cuGraph_BC on random...
  > [cuGraph] free_mem=101.4 GB, max_per_batch=32212, num_sources=32212
  > [cuGraph] num_batches=1 (max_per_batch=32212)
  > [cuGraph Phase] BFS: 4.3552 sec, Backward: 12.6186 sec
  > [cuGraph Phase] Init: 0.1730 s, H2D+Build: 0.0004 s, BC: 17.0477 s, D2H: 0.0001 s
  > [cuGraph BC-only] 17.0477 s (純粋 BC 計算, CUDA init 等除く)
  > index : 15869, Maximum Betweenness Centrality ==> 4029653.52
  > Elapse time [sec.] = 17.221545 
  > GTEPS = 0.1904 (nodes=32212, edges=101805)
    → 17.221545 sec (GTEPS=0.1904)
  [RUN] cugraph_bc × random [trial 7/10]  (経過: 0h34m)
Running: cuGraph_BC on random...
  > [cuGraph] free_mem=101.4 GB, max_per_batch=32212, num_sources=32212
  > [cuGraph] num_batches=1 (max_per_batch=32212)
  > [cuGraph Phase] BFS: 4.3671 sec, Backward: 13.0967 sec
  > [cuGraph Phase] Init: 0.1769 s, H2D+Build: 0.0004 s, BC: 17.5372 s, D2H: 0.0001 s
  > [cuGraph BC-only] 17.5372 s (純粋 BC 計算, CUDA init 等除く)
  > index : 15869, Maximum Betweenness Centrality ==> 4029653.52
  > Elapse time [sec.] = 17.714791 
  > GTEPS = 0.1851 (nodes=32212, edges=101805)
    → 17.714791 sec (GTEPS=0.1851)
  [RUN] cugraph_bc × random [trial 8/10]  (経過: 0h34m)
Running: cuGraph_BC on random...
  > [cuGraph] free_mem=101.3 GB, max_per_batch=32212, num_sources=32212
  > [cuGraph] num_batches=1 (max_per_batch=32212)
  > [cuGraph Phase] BFS: 4.4957 sec, Backward: 12.5440 sec
  > [cuGraph Phase] Init: 0.1892 s, H2D+Build: 0.0005 s, BC: 17.1130 s, D2H: 0.0001 s
  > [cuGraph BC-only] 17.1130 s (純粋 BC 計算, CUDA init 等除く)
  > index : 15869, Maximum Betweenness Centrality ==> 4029653.52
  > Elapse time [sec.] = 17.303086 
  > GTEPS = 0.1895 (nodes=32212, edges=101805)
    → 17.303086 sec (GTEPS=0.1895)
  [RUN] cugraph_bc × random [trial 9/10]  (経過: 0h34m)
Running: cuGraph_BC on random...
  > [cuGraph] free_mem=101.3 GB, max_per_batch=32212, num_sources=32212
  > [cuGraph] num_batches=1 (max_per_batch=32212)
  > [cuGraph Phase] BFS: 4.3028 sec, Backward: 12.2852 sec
  > [cuGraph Phase] Init: 0.1753 s, H2D+Build: 0.0004 s, BC: 16.6580 s, D2H: 0.0001 s
  > [cuGraph BC-only] 16.6580 s (純粋 BC 計算, CUDA init 等除く)
  > index : 15869, Maximum Betweenness Centrality ==> 4029653.52
  > Elapse time [sec.] = 16.834077 
  > GTEPS = 0.1948 (nodes=32212, edges=101805)
    → 16.834077 sec (GTEPS=0.1948)
  [RUN] cugraph_bc × random [trial 10/10]  (経過: 0h34m)
Running: cuGraph_BC on random...
  > [cuGraph] free_mem=101.3 GB, max_per_batch=32212, num_sources=32212
  > [cuGraph] num_batches=1 (max_per_batch=32212)
  > [cuGraph Phase] BFS: 4.3689 sec, Backward: 12.9063 sec
  > [cuGraph Phase] Init: 0.1787 s, H2D+Build: 0.0005 s, BC: 17.3493 s, D2H: 0.0001 s
  > [cuGraph BC-only] 17.3493 s (純粋 BC 計算, CUDA init 等除く)
  > index : 15869, Maximum Betweenness Centrality ==> 4029653.52
  > Elapse time [sec.] = 17.528864 
  > GTEPS = 0.1871 (nodes=32212, edges=101805)
    → 17.528864 sec (GTEPS=0.1871)
  [RUN] cugraph_bc × 56438_300801 [trial 1/10]  (経過: 0h37m)
Running: cuGraph_BC on 56438_300801...
  > [cuGraph] free_mem=101.3 GB, max_per_batch=22444, num_sources=56438
  > [cuGraph] num_batches=3 (max_per_batch=22444)
  > [cuGraph Phase] BFS: 22.0495 sec, Backward: 50.5849 sec
  > [cuGraph Phase] Init: 0.1711 s, H2D+Build: 0.0007 s, BC: 72.8322 s, D2H: 0.0001 s
  > [cuGraph BC-only] 72.8322 s (純粋 BC 計算, CUDA init 等除く)
  > index : 25329, Maximum Betweenness Centrality ==> 6696212.00
  > Elapse time [sec.] = 73.004549 
  > GTEPS = 0.2325 (nodes=56438, edges=300801)
    → 73.004549 sec (GTEPS=0.2325)
  [RUN] cugraph_bc × 56438_300801 [trial 2/10]  (経過: 0h37m)
Running: cuGraph_BC on 56438_300801...
  > [cuGraph] free_mem=101.3 GB, max_per_batch=22444, num_sources=56438
  > [cuGraph] num_batches=3 (max_per_batch=22444)
  > [cuGraph Phase] BFS: 21.3335 sec, Backward: 48.6953 sec
  > [cuGraph Phase] Init: 0.1681 s, H2D+Build: 0.0007 s, BC: 70.2162 s, D2H: 0.0001 s
  > [cuGraph BC-only] 70.2162 s (純粋 BC 計算, CUDA init 等除く)
  > index : 25329, Maximum Betweenness Centrality ==> 6696212.00
  > Elapse time [sec.] = 70.385442 
  > GTEPS = 0.2412 (nodes=56438, edges=300801)
    → 70.385442 sec (GTEPS=0.2412)
  [RUN] cugraph_bc × 56438_300801 [trial 3/10]  (経過: 0h37m)
Running: cuGraph_BC on 56438_300801...
  > [cuGraph] free_mem=101.3 GB, max_per_batch=22443, num_sources=56438
  > [cuGraph] num_batches=3 (max_per_batch=22443)
  > [cuGraph Phase] BFS: 21.0649 sec, Backward: 48.2232 sec
  > [cuGraph Phase] Init: 0.1690 s, H2D+Build: 0.0007 s, BC: 69.4755 s, D2H: 0.0001 s
  > [cuGraph BC-only] 69.4755 s (純粋 BC 計算, CUDA init 等除く)
  > index : 25329, Maximum Betweenness Centrality ==> 6696286.88
  > Elapse time [sec.] = 69.645688 
  > GTEPS = 0.2438 (nodes=56438, edges=300801)
    → 69.645688 sec (GTEPS=0.2438)
  [RUN] cugraph_bc × 56438_300801 [trial 4/10]  (経過: 0h37m)
Running: cuGraph_BC on 56438_300801...
  > [cuGraph] free_mem=101.3 GB, max_per_batch=22442, num_sources=56438
  > [cuGraph] num_batches=3 (max_per_batch=22442)
  > [cuGraph Phase] BFS: 21.9909 sec, Backward: 50.1566 sec
  > [cuGraph Phase] Init: 0.1731 s, H2D+Build: 0.0007 s, BC: 72.3453 s, D2H: 0.0001 s
  > [cuGraph BC-only] 72.3453 s (純粋 BC 計算, CUDA init 等除く)
  > index : 25329, Maximum Betweenness Centrality ==> 6696254.12
  > Elapse time [sec.] = 72.519543 
  > GTEPS = 0.2341 (nodes=56438, edges=300801)
    → 72.519543 sec (GTEPS=0.2341)
  [RUN] cugraph_bc × 56438_300801 [trial 5/10]  (経過: 0h37m)
Running: cuGraph_BC on 56438_300801...
  > [cuGraph] free_mem=101.3 GB, max_per_batch=22442, num_sources=56438
  > [cuGraph] num_batches=3 (max_per_batch=22442)
  > [cuGraph Phase] BFS: 21.8878 sec, Backward: 50.3995 sec
  > [cuGraph Phase] Init: 0.1820 s, H2D+Build: 0.0006 s, BC: 72.4859 s, D2H: 0.0001 s
  > [cuGraph BC-only] 72.4859 s (純粋 BC 計算, CUDA init 等除く)
  > index : 25329, Maximum Betweenness Centrality ==> 6696254.12
  > Elapse time [sec.] = 72.669095 
  > GTEPS = 0.2336 (nodes=56438, edges=300801)
    → 72.669095 sec (GTEPS=0.2336)
  [RUN] cugraph_bc × 56438_300801 [trial 6/10]  (経過: 0h37m)
Running: cuGraph_BC on 56438_300801...
  > [cuGraph] free_mem=101.3 GB, max_per_batch=22441, num_sources=56438
  > [cuGraph] num_batches=3 (max_per_batch=22441)
  > [cuGraph Phase] BFS: 21.8784 sec, Backward: 50.3860 sec
  > [cuGraph Phase] Init: 0.1713 s, H2D+Build: 0.0004 s, BC: 72.4615 s, D2H: 0.0001 s
  > [cuGraph BC-only] 72.4615 s (純粋 BC 計算, CUDA init 等除く)
  > index : 25329, Maximum Betweenness Centrality ==> 6696186.07
  > Elapse time [sec.] = 72.633581 
  > GTEPS = 0.2337 (nodes=56438, edges=300801)
    → 72.633581 sec (GTEPS=0.2337)
  [RUN] cugraph_bc × 56438_300801 [trial 7/10]  (経過: 0h37m)
Running: cuGraph_BC on 56438_300801...
  > [cuGraph] free_mem=101.3 GB, max_per_batch=22441, num_sources=56438
  > [cuGraph] num_batches=3 (max_per_batch=22441)
  > [cuGraph Phase] BFS: 22.0692 sec, Backward: 49.6599 sec
  > [cuGraph Phase] Init: 0.1694 s, H2D+Build: 0.0007 s, BC: 71.9260 s, D2H: 0.0001 s
  > [cuGraph BC-only] 71.9260 s (純粋 BC 計算, CUDA init 等除く)
  > index : 25329, Maximum Betweenness Centrality ==> 6696186.07
  > Elapse time [sec.] = 72.096616 
  > GTEPS = 0.2355 (nodes=56438, edges=300801)
    → 72.096616 sec (GTEPS=0.2355)
  [RUN] cugraph_bc × 56438_300801 [trial 8/10]  (経過: 0h37m)
Running: cuGraph_BC on 56438_300801...
  > [cuGraph] free_mem=101.4 GB, max_per_batch=22452, num_sources=56438
  > [cuGraph] num_batches=3 (max_per_batch=22452)
  > [cuGraph Phase] BFS: 21.9849 sec, Backward: 50.2263 sec
  > [cuGraph Phase] Init: 0.1693 s, H2D+Build: 0.0007 s, BC: 72.4075 s, D2H: 0.0001 s
  > [cuGraph BC-only] 72.4075 s (純粋 BC 計算, CUDA init 等除く)
  > index : 25329, Maximum Betweenness Centrality ==> 6696282.94
  > Elapse time [sec.] = 72.578019 
  > GTEPS = 0.2339 (nodes=56438, edges=300801)
    → 72.578019 sec (GTEPS=0.2339)
  [RUN] cugraph_bc × 56438_300801 [trial 9/10]  (経過: 0h37m)
Running: cuGraph_BC on 56438_300801...
  > [cuGraph] free_mem=101.4 GB, max_per_batch=22452, num_sources=56438
  > [cuGraph] num_batches=3 (max_per_batch=22452)
  > [cuGraph Phase] BFS: 21.2655 sec, Backward: 48.2010 sec
  > [cuGraph Phase] Init: 0.1647 s, H2D+Build: 0.0007 s, BC: 69.6548 s, D2H: 0.0001 s
  > [cuGraph BC-only] 69.6548 s (純粋 BC 計算, CUDA init 等除く)
  > index : 25329, Maximum Betweenness Centrality ==> 6696282.94
  > Elapse time [sec.] = 69.820698 
  > GTEPS = 0.2431 (nodes=56438, edges=300801)
    → 69.820698 sec (GTEPS=0.2431)
  [RUN] cugraph_bc × 56438_300801 [trial 10/10]  (経過: 0h37m)
Running: cuGraph_BC on 56438_300801...
  > [cuGraph] free_mem=101.4 GB, max_per_batch=22452, num_sources=56438
  > [cuGraph] num_batches=3 (max_per_batch=22452)
  > [cuGraph Phase] BFS: 22.2410 sec, Backward: 50.5847 sec
  > [cuGraph Phase] Init: 0.1682 s, H2D+Build: 0.0007 s, BC: 73.0238 s, D2H: 0.0001 s
  > [cuGraph BC-only] 73.0238 s (純粋 BC 計算, CUDA init 等除く)
  > index : 25329, Maximum Betweenness Centrality ==> 6696282.94
  > Elapse time [sec.] = 73.193176 
  > GTEPS = 0.2319 (nodes=56438, edges=300801)
    → 73.193176 sec (GTEPS=0.2319)

==========================================
  手法: gpu_opt_pure
==========================================
  [RUN] gpu_opt_pure × benchmark_7000_41459 [trial 1/10]  (経過: 0h50m)
Running: GPU_Opt_Pure on benchmark_7000_41459...
  > [Mem] GPU: total=102.0 GB, free_before=101.4 GB
  > [Mem] topology(GPU)=0.00 GB, dynamic(GPU)=0.23 GB, batch_per_stream=512
  > [GPU Phase] BFS wall=0.0102 s (cum=0.0203 s), Backward wall=0.0263 s (cum=0.0523 s)
  > index : 4, Maximum Betweenness Centrality ==> 3935437.26
  > Elapse time [sec.] = 0.232126 
  > GTEPS = 1.2502 (nodes=7000, edges=41459)
    → 0.232126 sec (GTEPS=1.2502)
  [RUN] gpu_opt_pure × benchmark_7000_41459 [trial 2/10]  (経過: 0h50m)
Running: GPU_Opt_Pure on benchmark_7000_41459...
  > [Mem] GPU: total=102.0 GB, free_before=101.4 GB
  > [Mem] topology(GPU)=0.00 GB, dynamic(GPU)=0.23 GB, batch_per_stream=512
  > [GPU Phase] BFS wall=0.0103 s (cum=0.0204 s), Backward wall=0.0264 s (cum=0.0527 s)
  > index : 4, Maximum Betweenness Centrality ==> 3935437.26
  > Elapse time [sec.] = 0.212204 
  > GTEPS = 1.3676 (nodes=7000, edges=41459)
    → 0.212204 sec (GTEPS=1.3676)
  [RUN] gpu_opt_pure × benchmark_7000_41459 [trial 3/10]  (経過: 0h50m)
Running: GPU_Opt_Pure on benchmark_7000_41459...
  > [Mem] GPU: total=102.0 GB, free_before=101.4 GB
  > [Mem] topology(GPU)=0.00 GB, dynamic(GPU)=0.23 GB, batch_per_stream=512
  > [GPU Phase] BFS wall=0.0101 s (cum=0.0201 s), Backward wall=0.0263 s (cum=0.0525 s)
  > index : 4, Maximum Betweenness Centrality ==> 3935437.26
  > Elapse time [sec.] = 0.219121 
  > GTEPS = 1.3244 (nodes=7000, edges=41459)
    → 0.219121 sec (GTEPS=1.3244)
  [RUN] gpu_opt_pure × benchmark_7000_41459 [trial 4/10]  (経過: 0h50m)
Running: GPU_Opt_Pure on benchmark_7000_41459...
  > [Mem] GPU: total=102.0 GB, free_before=101.4 GB
  > [Mem] topology(GPU)=0.00 GB, dynamic(GPU)=0.23 GB, batch_per_stream=512
  > [GPU Phase] BFS wall=0.0101 s (cum=0.0201 s), Backward wall=0.0265 s (cum=0.0524 s)
  > index : 4, Maximum Betweenness Centrality ==> 3935437.26
  > Elapse time [sec.] = 0.207344 
  > GTEPS = 1.3997 (nodes=7000, edges=41459)
    → 0.207344 sec (GTEPS=1.3997)
  [RUN] gpu_opt_pure × benchmark_7000_41459 [trial 5/10]  (経過: 0h50m)
Running: GPU_Opt_Pure on benchmark_7000_41459...
  > [Mem] GPU: total=102.0 GB, free_before=101.4 GB
  > [Mem] topology(GPU)=0.00 GB, dynamic(GPU)=0.23 GB, batch_per_stream=512
  > [GPU Phase] BFS wall=0.0107 s (cum=0.0207 s), Backward wall=0.0265 s (cum=0.0529 s)
  > index : 4, Maximum Betweenness Centrality ==> 3935437.26
  > Elapse time [sec.] = 0.245796 
  > GTEPS = 1.1807 (nodes=7000, edges=41459)
    → 0.245796 sec (GTEPS=1.1807)
  [RUN] gpu_opt_pure × benchmark_7000_41459 [trial 6/10]  (経過: 0h50m)
Running: GPU_Opt_Pure on benchmark_7000_41459...
  > [Mem] GPU: total=102.0 GB, free_before=101.4 GB
  > [Mem] topology(GPU)=0.00 GB, dynamic(GPU)=0.23 GB, batch_per_stream=512
  > [GPU Phase] BFS wall=0.0101 s (cum=0.0200 s), Backward wall=0.0265 s (cum=0.0525 s)
  > index : 4, Maximum Betweenness Centrality ==> 3935437.26
  > Elapse time [sec.] = 0.203373 
  > GTEPS = 1.4270 (nodes=7000, edges=41459)
    → 0.203373 sec (GTEPS=1.4270)
  [RUN] gpu_opt_pure × benchmark_7000_41459 [trial 7/10]  (経過: 0h50m)
Running: GPU_Opt_Pure on benchmark_7000_41459...
  > [Mem] GPU: total=102.0 GB, free_before=101.4 GB
  > [Mem] topology(GPU)=0.00 GB, dynamic(GPU)=0.23 GB, batch_per_stream=512
  > [GPU Phase] BFS wall=0.0105 s (cum=0.0205 s), Backward wall=0.0265 s (cum=0.0530 s)
  > index : 4, Maximum Betweenness Centrality ==> 3935437.26
  > Elapse time [sec.] = 0.224714 
  > GTEPS = 1.2915 (nodes=7000, edges=41459)
    → 0.224714 sec (GTEPS=1.2915)
  [RUN] gpu_opt_pure × benchmark_7000_41459 [trial 8/10]  (経過: 0h50m)
Running: GPU_Opt_Pure on benchmark_7000_41459...
  > [Mem] GPU: total=102.0 GB, free_before=101.4 GB
  > [Mem] topology(GPU)=0.00 GB, dynamic(GPU)=0.23 GB, batch_per_stream=512
  > [GPU Phase] BFS wall=0.0105 s (cum=0.0204 s), Backward wall=0.0265 s (cum=0.0529 s)
  > index : 4, Maximum Betweenness Centrality ==> 3935437.26
  > Elapse time [sec.] = 0.206181 
  > GTEPS = 1.4076 (nodes=7000, edges=41459)
    → 0.206181 sec (GTEPS=1.4076)
  [RUN] gpu_opt_pure × benchmark_7000_41459 [trial 9/10]  (経過: 0h50m)
Running: GPU_Opt_Pure on benchmark_7000_41459...
  > [Mem] GPU: total=102.0 GB, free_before=101.4 GB
  > [Mem] topology(GPU)=0.00 GB, dynamic(GPU)=0.23 GB, batch_per_stream=512
  > [GPU Phase] BFS wall=0.0106 s (cum=0.0205 s), Backward wall=0.0266 s (cum=0.0530 s)
  > index : 4, Maximum Betweenness Centrality ==> 3935437.26
  > Elapse time [sec.] = 0.217012 
  > GTEPS = 1.3373 (nodes=7000, edges=41459)
    → 0.217012 sec (GTEPS=1.3373)
  [RUN] gpu_opt_pure × benchmark_7000_41459 [trial 10/10]  (経過: 0h50m)
Running: GPU_Opt_Pure on benchmark_7000_41459...
  > [Mem] GPU: total=102.0 GB, free_before=101.4 GB
  > [Mem] topology(GPU)=0.00 GB, dynamic(GPU)=0.23 GB, batch_per_stream=512
  > [GPU Phase] BFS wall=0.0101 s (cum=0.0202 s), Backward wall=0.0265 s (cum=0.0524 s)
  > index : 4, Maximum Betweenness Centrality ==> 3935437.26
  > Elapse time [sec.] = 0.228922 
  > GTEPS = 1.2677 (nodes=7000, edges=41459)
    → 0.228922 sec (GTEPS=1.2677)
  [RUN] gpu_opt_pure × benchmark_11023_62184 [trial 1/10]  (経過: 0h50m)
Running: GPU_Opt_Pure on benchmark_11023_62184...
  > [Mem] GPU: total=102.0 GB, free_before=101.4 GB
  > [Mem] topology(GPU)=0.00 GB, dynamic(GPU)=0.36 GB, batch_per_stream=512
  > [GPU Phase] BFS wall=0.0280 s (cum=0.0555 s), Backward wall=0.0377 s (cum=0.0739 s)
  > index : 10, Maximum Betweenness Centrality ==> 11951000.93
  > Elapse time [sec.] = 0.249593 
  > GTEPS = 2.7463 (nodes=11023, edges=62184)
    → 0.249593 sec (GTEPS=2.7463)
  [RUN] gpu_opt_pure × benchmark_11023_62184 [trial 2/10]  (経過: 0h50m)
Running: GPU_Opt_Pure on benchmark_11023_62184...
  > [Mem] GPU: total=102.0 GB, free_before=101.4 GB
  > [Mem] topology(GPU)=0.00 GB, dynamic(GPU)=0.36 GB, batch_per_stream=512
  > [GPU Phase] BFS wall=0.0280 s (cum=0.0554 s), Backward wall=0.0375 s (cum=0.0738 s)
  > index : 10, Maximum Betweenness Centrality ==> 11951000.93
  > Elapse time [sec.] = 0.248837 
  > GTEPS = 2.7546 (nodes=11023, edges=62184)
    → 0.248837 sec (GTEPS=2.7546)
  [RUN] gpu_opt_pure × benchmark_11023_62184 [trial 3/10]  (経過: 0h50m)
Running: GPU_Opt_Pure on benchmark_11023_62184...
  > [Mem] GPU: total=102.0 GB, free_before=101.4 GB
  > [Mem] topology(GPU)=0.00 GB, dynamic(GPU)=0.36 GB, batch_per_stream=512
  > [GPU Phase] BFS wall=0.0282 s (cum=0.0555 s), Backward wall=0.0377 s (cum=0.0740 s)
  > index : 10, Maximum Betweenness Centrality ==> 11951000.93
  > Elapse time [sec.] = 0.242112 
  > GTEPS = 2.8311 (nodes=11023, edges=62184)
    → 0.242112 sec (GTEPS=2.8311)
  [RUN] gpu_opt_pure × benchmark_11023_62184 [trial 4/10]  (経過: 0h50m)
Running: GPU_Opt_Pure on benchmark_11023_62184...
  > [Mem] GPU: total=102.0 GB, free_before=101.4 GB
  > [Mem] topology(GPU)=0.00 GB, dynamic(GPU)=0.36 GB, batch_per_stream=512
  > [GPU Phase] BFS wall=0.0279 s (cum=0.0552 s), Backward wall=0.0375 s (cum=0.0735 s)
  > index : 10, Maximum Betweenness Centrality ==> 11951000.93
  > Elapse time [sec.] = 0.244076 
  > GTEPS = 2.8084 (nodes=11023, edges=62184)
    → 0.244076 sec (GTEPS=2.8084)
  [RUN] gpu_opt_pure × benchmark_11023_62184 [trial 5/10]  (経過: 0h50m)
Running: GPU_Opt_Pure on benchmark_11023_62184...
  > [Mem] GPU: total=102.0 GB, free_before=101.4 GB
  > [Mem] topology(GPU)=0.00 GB, dynamic(GPU)=0.36 GB, batch_per_stream=512
  > [GPU Phase] BFS wall=0.0280 s (cum=0.0555 s), Backward wall=0.0373 s (cum=0.0740 s)
  > index : 10, Maximum Betweenness Centrality ==> 11951000.93
  > Elapse time [sec.] = 0.250755 
  > GTEPS = 2.7336 (nodes=11023, edges=62184)
    → 0.250755 sec (GTEPS=2.7336)
  [RUN] gpu_opt_pure × benchmark_11023_62184 [trial 6/10]  (経過: 0h50m)
Running: GPU_Opt_Pure on benchmark_11023_62184...
  > [Mem] GPU: total=102.0 GB, free_before=101.4 GB
  > [Mem] topology(GPU)=0.00 GB, dynamic(GPU)=0.36 GB, batch_per_stream=512
  > [GPU Phase] BFS wall=0.0281 s (cum=0.0556 s), Backward wall=0.0375 s (cum=0.0738 s)
  > index : 10, Maximum Betweenness Centrality ==> 11951000.93
  > Elapse time [sec.] = 0.245985 
  > GTEPS = 2.7866 (nodes=11023, edges=62184)
    → 0.245985 sec (GTEPS=2.7866)
  [RUN] gpu_opt_pure × benchmark_11023_62184 [trial 7/10]  (経過: 0h50m)
Running: GPU_Opt_Pure on benchmark_11023_62184...
  > [Mem] GPU: total=102.0 GB, free_before=101.4 GB
  > [Mem] topology(GPU)=0.00 GB, dynamic(GPU)=0.36 GB, batch_per_stream=512
  > [GPU Phase] BFS wall=0.0279 s (cum=0.0555 s), Backward wall=0.0374 s (cum=0.0738 s)
  > index : 10, Maximum Betweenness Centrality ==> 11951000.93
  > Elapse time [sec.] = 0.236842 
  > GTEPS = 2.8941 (nodes=11023, edges=62184)
    → 0.236842 sec (GTEPS=2.8941)
  [RUN] gpu_opt_pure × benchmark_11023_62184 [trial 8/10]  (経過: 0h50m)
Running: GPU_Opt_Pure on benchmark_11023_62184...
  > [Mem] GPU: total=102.0 GB, free_before=101.4 GB
  > [Mem] topology(GPU)=0.00 GB, dynamic(GPU)=0.36 GB, batch_per_stream=512
  > [GPU Phase] BFS wall=0.0278 s (cum=0.0552 s), Backward wall=0.0375 s (cum=0.0737 s)
  > index : 10, Maximum Betweenness Centrality ==> 11951000.93
  > Elapse time [sec.] = 0.248115 
  > GTEPS = 2.7626 (nodes=11023, edges=62184)
    → 0.248115 sec (GTEPS=2.7626)
  [RUN] gpu_opt_pure × benchmark_11023_62184 [trial 9/10]  (経過: 0h50m)
Running: GPU_Opt_Pure on benchmark_11023_62184...
  > [Mem] GPU: total=102.0 GB, free_before=101.4 GB
  > [Mem] topology(GPU)=0.00 GB, dynamic(GPU)=0.36 GB, batch_per_stream=512
  > [GPU Phase] BFS wall=0.0280 s (cum=0.0555 s), Backward wall=0.0378 s (cum=0.0744 s)
  > index : 10, Maximum Betweenness Centrality ==> 11951000.93
  > Elapse time [sec.] = 0.248188 
  > GTEPS = 2.7618 (nodes=11023, edges=62184)
    → 0.248188 sec (GTEPS=2.7618)
  [RUN] gpu_opt_pure × benchmark_11023_62184 [trial 10/10]  (経過: 0h50m)
Running: GPU_Opt_Pure on benchmark_11023_62184...
  > [Mem] GPU: total=102.0 GB, free_before=101.4 GB
  > [Mem] topology(GPU)=0.00 GB, dynamic(GPU)=0.36 GB, batch_per_stream=512
  > [GPU Phase] BFS wall=0.0277 s (cum=0.0548 s), Backward wall=0.0373 s (cum=0.0737 s)
  > index : 10, Maximum Betweenness Centrality ==> 11951000.93
  > Elapse time [sec.] = 0.235916 
  > GTEPS = 2.9055 (nodes=11023, edges=62184)
    → 0.235916 sec (GTEPS=2.9055)
  [RUN] gpu_opt_pure × random [trial 1/10]  (経過: 0h50m)
Running: GPU_Opt_Pure on random...
  > [Mem] GPU: total=102.0 GB, free_before=101.4 GB
  > [Mem] topology(GPU)=0.00 GB, dynamic(GPU)=1.06 GB, batch_per_stream=512
  > [GPU Phase] BFS wall=0.3793 s (cum=0.6999 s), Backward wall=0.3387 s (cum=0.6214 s)
  > index : 15869, Maximum Betweenness Centrality ==> 4029653.52
  > Elapse time [sec.] = 0.895765 
  > GTEPS = 3.6609 (nodes=32212, edges=101805)
    → 0.895765 sec (GTEPS=3.6609)
  [RUN] gpu_opt_pure × random [trial 2/10]  (経過: 0h50m)
Running: GPU_Opt_Pure on random...
  > [Mem] GPU: total=102.0 GB, free_before=101.4 GB
  > [Mem] topology(GPU)=0.00 GB, dynamic(GPU)=1.06 GB, batch_per_stream=512
  > [GPU Phase] BFS wall=0.3805 s (cum=0.7003 s), Backward wall=0.3402 s (cum=0.6194 s)
  > index : 15869, Maximum Betweenness Centrality ==> 4029653.52
  > Elapse time [sec.] = 0.892900 
  > GTEPS = 3.6727 (nodes=32212, edges=101805)
    → 0.892900 sec (GTEPS=3.6727)
  [RUN] gpu_opt_pure × random [trial 3/10]  (経過: 0h50m)
Running: GPU_Opt_Pure on random...
  > [Mem] GPU: total=102.0 GB, free_before=101.4 GB
  > [Mem] topology(GPU)=0.00 GB, dynamic(GPU)=1.06 GB, batch_per_stream=512
  > [GPU Phase] BFS wall=0.3735 s (cum=0.6919 s), Backward wall=0.3407 s (cum=0.6263 s)
  > index : 15869, Maximum Betweenness Centrality ==> 4029653.52
  > Elapse time [sec.] = 0.897957 
  > GTEPS = 3.6520 (nodes=32212, edges=101805)
    → 0.897957 sec (GTEPS=3.6520)
  [RUN] gpu_opt_pure × random [trial 4/10]  (経過: 0h50m)
Running: GPU_Opt_Pure on random...
  > [Mem] GPU: total=102.0 GB, free_before=101.4 GB
  > [Mem] topology(GPU)=0.00 GB, dynamic(GPU)=1.06 GB, batch_per_stream=512
  > [GPU Phase] BFS wall=0.3767 s (cum=0.6975 s), Backward wall=0.3358 s (cum=0.6186 s)
  > index : 15869, Maximum Betweenness Centrality ==> 4029653.52
  > Elapse time [sec.] = 0.905676 
  > GTEPS = 3.6209 (nodes=32212, edges=101805)
    → 0.905676 sec (GTEPS=3.6209)
  [RUN] gpu_opt_pure × random [trial 5/10]  (経過: 0h50m)
Running: GPU_Opt_Pure on random...
  > [Mem] GPU: total=102.0 GB, free_before=101.4 GB
  > [Mem] topology(GPU)=0.00 GB, dynamic(GPU)=1.06 GB, batch_per_stream=512
  > [GPU Phase] BFS wall=0.3656 s (cum=0.6842 s), Backward wall=0.3359 s (cum=0.6274 s)
  > index : 15869, Maximum Betweenness Centrality ==> 4029653.52
  > Elapse time [sec.] = 0.897423 
  > GTEPS = 3.6542 (nodes=32212, edges=101805)
    → 0.897423 sec (GTEPS=3.6542)
  [RUN] gpu_opt_pure × random [trial 6/10]  (経過: 0h50m)
Running: GPU_Opt_Pure on random...
  > [Mem] GPU: total=102.0 GB, free_before=101.4 GB
  > [Mem] topology(GPU)=0.00 GB, dynamic(GPU)=1.06 GB, batch_per_stream=512
  > [GPU Phase] BFS wall=0.3806 s (cum=0.7010 s), Backward wall=0.3410 s (cum=0.6218 s)
  > index : 15869, Maximum Betweenness Centrality ==> 4029653.52
  > Elapse time [sec.] = 0.910679 
  > GTEPS = 3.6010 (nodes=32212, edges=101805)
    → 0.910679 sec (GTEPS=3.6010)
  [RUN] gpu_opt_pure × random [trial 7/10]  (経過: 0h50m)
Running: GPU_Opt_Pure on random...
  > [Mem] GPU: total=102.0 GB, free_before=101.4 GB
  > [Mem] topology(GPU)=0.00 GB, dynamic(GPU)=1.06 GB, batch_per_stream=512
  > [GPU Phase] BFS wall=0.3756 s (cum=0.6951 s), Backward wall=0.3410 s (cum=0.6256 s)
  > index : 15869, Maximum Betweenness Centrality ==> 4029653.52
  > Elapse time [sec.] = 0.902019 
  > GTEPS = 3.6356 (nodes=32212, edges=101805)
    → 0.902019 sec (GTEPS=3.6356)
  [RUN] gpu_opt_pure × random [trial 8/10]  (経過: 0h50m)
Running: GPU_Opt_Pure on random...
  > [Mem] GPU: total=102.0 GB, free_before=101.4 GB
  > [Mem] topology(GPU)=0.00 GB, dynamic(GPU)=1.06 GB, batch_per_stream=512
  > [GPU Phase] BFS wall=0.3797 s (cum=0.6999 s), Backward wall=0.3402 s (cum=0.6204 s)
  > index : 15869, Maximum Betweenness Centrality ==> 4029653.52
  > Elapse time [sec.] = 0.900368 
  > GTEPS = 3.6422 (nodes=32212, edges=101805)
    → 0.900368 sec (GTEPS=3.6422)
  [RUN] gpu_opt_pure × random [trial 9/10]  (経過: 0h50m)
Running: GPU_Opt_Pure on random...
  > [Mem] GPU: total=102.0 GB, free_before=101.4 GB
  > [Mem] topology(GPU)=0.00 GB, dynamic(GPU)=1.06 GB, batch_per_stream=512
  > [GPU Phase] BFS wall=0.3810 s (cum=0.7008 s), Backward wall=0.3417 s (cum=0.6219 s)
  > index : 15869, Maximum Betweenness Centrality ==> 4029653.52
  > Elapse time [sec.] = 0.902590 
  > GTEPS = 3.6333 (nodes=32212, edges=101805)
    → 0.902590 sec (GTEPS=3.6333)
  [RUN] gpu_opt_pure × random [trial 10/10]  (経過: 0h50m)
Running: GPU_Opt_Pure on random...
  > [Mem] GPU: total=102.0 GB, free_before=101.4 GB
  > [Mem] topology(GPU)=0.00 GB, dynamic(GPU)=1.06 GB, batch_per_stream=512
  > [GPU Phase] BFS wall=0.3734 s (cum=0.6932 s), Backward wall=0.3386 s (cum=0.6260 s)
  > index : 15869, Maximum Betweenness Centrality ==> 4029653.52
  > Elapse time [sec.] = 0.894427 
  > GTEPS = 3.6664 (nodes=32212, edges=101805)
    → 0.894427 sec (GTEPS=3.6664)
  [RUN] gpu_opt_pure × 56438_300801 [trial 1/10]  (経過: 0h50m)
Running: GPU_Opt_Pure on 56438_300801...
  > [Mem] GPU: total=102.0 GB, free_before=101.4 GB
  > [Mem] topology(GPU)=0.00 GB, dynamic(GPU)=1.85 GB, batch_per_stream=512
  > [GPU Phase] BFS wall=0.6483 s (cum=1.2956 s), Backward wall=1.0742 s (cum=2.1345 s)
  > index : 25329, Maximum Betweenness Centrality ==> 6696305.50
  > Elapse time [sec.] = 2.010590 
  > GTEPS = 8.4436 (nodes=56438, edges=300801)
    → 2.010590 sec (GTEPS=8.4436)
  [RUN] gpu_opt_pure × 56438_300801 [trial 2/10]  (経過: 0h50m)
Running: GPU_Opt_Pure on 56438_300801...
  > [Mem] GPU: total=102.0 GB, free_before=101.4 GB
  > [Mem] topology(GPU)=0.00 GB, dynamic(GPU)=1.85 GB, batch_per_stream=512
  > [GPU Phase] BFS wall=0.6726 s (cum=1.3292 s), Backward wall=1.0643 s (cum=2.1042 s)
  > index : 25329, Maximum Betweenness Centrality ==> 6696305.50
  > Elapse time [sec.] = 2.015324 
  > GTEPS = 8.4238 (nodes=56438, edges=300801)
    → 2.015324 sec (GTEPS=8.4238)
  [RUN] gpu_opt_pure × 56438_300801 [trial 3/10]  (経過: 0h50m)
Running: GPU_Opt_Pure on 56438_300801...
  > [Mem] GPU: total=102.0 GB, free_before=101.4 GB
  > [Mem] topology(GPU)=0.00 GB, dynamic(GPU)=1.85 GB, batch_per_stream=512
  > [GPU Phase] BFS wall=0.6588 s (cum=1.3014 s), Backward wall=1.0744 s (cum=2.1253 s)
  > index : 25329, Maximum Betweenness Centrality ==> 6696305.50
  > Elapse time [sec.] = 2.010821 
  > GTEPS = 8.4426 (nodes=56438, edges=300801)
    → 2.010821 sec (GTEPS=8.4426)
  [RUN] gpu_opt_pure × 56438_300801 [trial 4/10]  (経過: 0h50m)
Running: GPU_Opt_Pure on 56438_300801...
  > [Mem] GPU: total=102.0 GB, free_before=101.4 GB
  > [Mem] topology(GPU)=0.00 GB, dynamic(GPU)=1.85 GB, batch_per_stream=512
  > [GPU Phase] BFS wall=0.6511 s (cum=1.3008 s), Backward wall=1.0690 s (cum=2.1285 s)
  > index : 25329, Maximum Betweenness Centrality ==> 6696305.50
  > Elapse time [sec.] = 2.010453 
  > GTEPS = 8.4442 (nodes=56438, edges=300801)
    → 2.010453 sec (GTEPS=8.4442)
  [RUN] gpu_opt_pure × 56438_300801 [trial 5/10]  (経過: 0h50m)
Running: GPU_Opt_Pure on 56438_300801...
  > [Mem] GPU: total=102.0 GB, free_before=101.4 GB
  > [Mem] topology(GPU)=0.00 GB, dynamic(GPU)=1.85 GB, batch_per_stream=512
  > [GPU Phase] BFS wall=0.6718 s (cum=1.3283 s), Backward wall=1.0660 s (cum=2.1077 s)
  > index : 25329, Maximum Betweenness Centrality ==> 6696305.50
  > Elapse time [sec.] = 2.034075 
  > GTEPS = 8.3461 (nodes=56438, edges=300801)
    → 2.034075 sec (GTEPS=8.3461)
  [RUN] gpu_opt_pure × 56438_300801 [trial 6/10]  (経過: 0h50m)
Running: GPU_Opt_Pure on 56438_300801...
  > [Mem] GPU: total=102.0 GB, free_before=101.4 GB
  > [Mem] topology(GPU)=0.00 GB, dynamic(GPU)=1.85 GB, batch_per_stream=512
  > [GPU Phase] BFS wall=0.6729 s (cum=1.3279 s), Backward wall=1.0660 s (cum=2.1078 s)
  > index : 25329, Maximum Betweenness Centrality ==> 6696305.50
  > Elapse time [sec.] = 2.030572 
  > GTEPS = 8.3605 (nodes=56438, edges=300801)
    → 2.030572 sec (GTEPS=8.3605)
  [RUN] gpu_opt_pure × 56438_300801 [trial 7/10]  (経過: 0h50m)
Running: GPU_Opt_Pure on 56438_300801...
  > [Mem] GPU: total=102.0 GB, free_before=101.4 GB
  > [Mem] topology(GPU)=0.00 GB, dynamic(GPU)=1.85 GB, batch_per_stream=512
  > [GPU Phase] BFS wall=0.6655 s (cum=1.3148 s), Backward wall=1.0714 s (cum=2.1187 s)
  > index : 25329, Maximum Betweenness Centrality ==> 6696305.50
  > Elapse time [sec.] = 2.012725 
  > GTEPS = 8.4346 (nodes=56438, edges=300801)
    → 2.012725 sec (GTEPS=8.4346)
  [RUN] gpu_opt_pure × 56438_300801 [trial 8/10]  (経過: 0h50m)
Running: GPU_Opt_Pure on 56438_300801...
  > [Mem] GPU: total=102.0 GB, free_before=101.4 GB
  > [Mem] topology(GPU)=0.00 GB, dynamic(GPU)=1.85 GB, batch_per_stream=512
  > [GPU Phase] BFS wall=0.6458 s (cum=1.2859 s), Backward wall=1.0848 s (cum=2.1521 s)
  > index : 25329, Maximum Betweenness Centrality ==> 6696305.50
  > Elapse time [sec.] = 2.019012 
  > GTEPS = 8.4084 (nodes=56438, edges=300801)
    → 2.019012 sec (GTEPS=8.4084)
  [RUN] gpu_opt_pure × 56438_300801 [trial 9/10]  (経過: 0h50m)
Running: GPU_Opt_Pure on 56438_300801...
  > [Mem] GPU: total=102.0 GB, free_before=101.4 GB
  > [Mem] topology(GPU)=0.00 GB, dynamic(GPU)=1.85 GB, batch_per_stream=512
  > [GPU Phase] BFS wall=0.6621 s (cum=1.3100 s), Backward wall=1.0722 s (cum=2.1226 s)
  > index : 25329, Maximum Betweenness Centrality ==> 6696305.50
  > Elapse time [sec.] = 2.016096 
  > GTEPS = 8.4205 (nodes=56438, edges=300801)
    → 2.016096 sec (GTEPS=8.4205)
  [RUN] gpu_opt_pure × 56438_300801 [trial 10/10]  (経過: 0h50m)
Running: GPU_Opt_Pure on 56438_300801...
  > [Mem] GPU: total=102.0 GB, free_before=101.4 GB
  > [Mem] topology(GPU)=0.00 GB, dynamic(GPU)=1.85 GB, batch_per_stream=512
  > [GPU Phase] BFS wall=0.6456 s (cum=1.2898 s), Backward wall=1.0747 s (cum=2.1466 s)
  > index : 25329, Maximum Betweenness Centrality ==> 6696305.50
  > Elapse time [sec.] = 2.017576 
  > GTEPS = 8.4144 (nodes=56438, edges=300801)
    → 2.017576 sec (GTEPS=8.4144)

==========================================
  手法: pathmerge_bc
==========================================
  [RUN] pathmerge_bc × benchmark_7000_41459 [trial 1/10]  (経過: 0h51m)
Running: PathMerge_BC on benchmark_7000_41459...
  > [PathMerge] free_mem=101.4 GB, batch_size=64, num_sources=7000
  > [PathMerge] num_batches=110
  > [GPU Phase] BFS: 0.1830 sec, Backward: 0.0645 sec
  > index : 4, Maximum Betweenness Centrality ==> 3935437.26
  > Elapse time [sec.] = 0.445263 
  > GTEPS = 0.6518 (nodes=7000, edges=41459)
    → 0.445263 sec (GTEPS=0.6518)
  [RUN] pathmerge_bc × benchmark_7000_41459 [trial 2/10]  (経過: 0h51m)
Running: PathMerge_BC on benchmark_7000_41459...
  > [PathMerge] free_mem=101.4 GB, batch_size=64, num_sources=7000
  > [PathMerge] num_batches=110
  > [GPU Phase] BFS: 0.1520 sec, Backward: 0.0646 sec
  > index : 4, Maximum Betweenness Centrality ==> 3935437.26
  > Elapse time [sec.] = 0.397596 
  > GTEPS = 0.7299 (nodes=7000, edges=41459)
    → 0.397596 sec (GTEPS=0.7299)
  [RUN] pathmerge_bc × benchmark_7000_41459 [trial 3/10]  (経過: 0h51m)
Running: PathMerge_BC on benchmark_7000_41459...
  > [PathMerge] free_mem=101.4 GB, batch_size=64, num_sources=7000
  > [PathMerge] num_batches=110
  > [GPU Phase] BFS: 0.1839 sec, Backward: 0.0647 sec
  > index : 4, Maximum Betweenness Centrality ==> 3935437.26
  > Elapse time [sec.] = 0.418936 
  > GTEPS = 0.6927 (nodes=7000, edges=41459)
    → 0.418936 sec (GTEPS=0.6927)
  [RUN] pathmerge_bc × benchmark_7000_41459 [trial 4/10]  (経過: 0h51m)
Running: PathMerge_BC on benchmark_7000_41459...
  > [PathMerge] free_mem=101.4 GB, batch_size=64, num_sources=7000
  > [PathMerge] num_batches=110
  > [GPU Phase] BFS: 0.1521 sec, Backward: 0.0643 sec
  > index : 4, Maximum Betweenness Centrality ==> 3935437.26
  > Elapse time [sec.] = 0.393780 
  > GTEPS = 0.7370 (nodes=7000, edges=41459)
    → 0.393780 sec (GTEPS=0.7370)
  [RUN] pathmerge_bc × benchmark_7000_41459 [trial 5/10]  (経過: 0h51m)
Running: PathMerge_BC on benchmark_7000_41459...
  > [PathMerge] free_mem=101.4 GB, batch_size=64, num_sources=7000
  > [PathMerge] num_batches=110
  > [GPU Phase] BFS: 0.1835 sec, Backward: 0.0648 sec
  > index : 4, Maximum Betweenness Centrality ==> 3935437.26
  > Elapse time [sec.] = 0.421481 
  > GTEPS = 0.6886 (nodes=7000, edges=41459)
    → 0.421481 sec (GTEPS=0.6886)
  [RUN] pathmerge_bc × benchmark_7000_41459 [trial 6/10]  (経過: 0h51m)
Running: PathMerge_BC on benchmark_7000_41459...
  > [PathMerge] free_mem=101.4 GB, batch_size=64, num_sources=7000
  > [PathMerge] num_batches=110
  > [GPU Phase] BFS: 0.1519 sec, Backward: 0.0645 sec
  > index : 4, Maximum Betweenness Centrality ==> 3935437.26
  > Elapse time [sec.] = 0.395566 
  > GTEPS = 0.7337 (nodes=7000, edges=41459)
    → 0.395566 sec (GTEPS=0.7337)
  [RUN] pathmerge_bc × benchmark_7000_41459 [trial 7/10]  (経過: 0h51m)
Running: PathMerge_BC on benchmark_7000_41459...
  > [PathMerge] free_mem=101.4 GB, batch_size=64, num_sources=7000
  > [PathMerge] num_batches=110
  > [GPU Phase] BFS: 0.1833 sec, Backward: 0.0648 sec
  > index : 4, Maximum Betweenness Centrality ==> 3935437.26
  > Elapse time [sec.] = 0.417969 
  > GTEPS = 0.6943 (nodes=7000, edges=41459)
    → 0.417969 sec (GTEPS=0.6943)
  [RUN] pathmerge_bc × benchmark_7000_41459 [trial 8/10]  (経過: 0h51m)
Running: PathMerge_BC on benchmark_7000_41459...
  > [PathMerge] free_mem=101.4 GB, batch_size=64, num_sources=7000
  > [PathMerge] num_batches=110
  > [GPU Phase] BFS: 0.1520 sec, Backward: 0.0644 sec
  > index : 4, Maximum Betweenness Centrality ==> 3935437.26
  > Elapse time [sec.] = 0.394566 
  > GTEPS = 0.7355 (nodes=7000, edges=41459)
    → 0.394566 sec (GTEPS=0.7355)
  [RUN] pathmerge_bc × benchmark_7000_41459 [trial 9/10]  (経過: 0h51m)
Running: PathMerge_BC on benchmark_7000_41459...
  > [PathMerge] free_mem=101.4 GB, batch_size=64, num_sources=7000
  > [PathMerge] num_batches=110
  > [GPU Phase] BFS: 0.1831 sec, Backward: 0.0648 sec
  > index : 4, Maximum Betweenness Centrality ==> 3935437.26
  > Elapse time [sec.] = 0.418397 
  > GTEPS = 0.6936 (nodes=7000, edges=41459)
    → 0.418397 sec (GTEPS=0.6936)
  [RUN] pathmerge_bc × benchmark_7000_41459 [trial 10/10]  (経過: 0h51m)
Running: PathMerge_BC on benchmark_7000_41459...
  > [PathMerge] free_mem=101.4 GB, batch_size=64, num_sources=7000
  > [PathMerge] num_batches=110
  > [GPU Phase] BFS: 0.1524 sec, Backward: 0.0646 sec
  > index : 4, Maximum Betweenness Centrality ==> 3935437.26
  > Elapse time [sec.] = 0.395212 
  > GTEPS = 0.7343 (nodes=7000, edges=41459)
    → 0.395212 sec (GTEPS=0.7343)
  [RUN] pathmerge_bc × benchmark_11023_62184 [trial 1/10]  (経過: 0h51m)
Running: PathMerge_BC on benchmark_11023_62184...
  > [PathMerge] free_mem=101.4 GB, batch_size=64, num_sources=11023
  > [PathMerge] num_batches=173
  > [GPU Phase] BFS: 0.5655 sec, Backward: 0.2502 sec
  > index : 10, Maximum Betweenness Centrality ==> 11951000.93
  > Elapse time [sec.] = 0.999078 
  > GTEPS = 0.6861 (nodes=11023, edges=62184)
    → 0.999078 sec (GTEPS=0.6861)
  [RUN] pathmerge_bc × benchmark_11023_62184 [trial 2/10]  (経過: 0h51m)
Running: PathMerge_BC on benchmark_11023_62184...
  > [PathMerge] free_mem=101.4 GB, batch_size=64, num_sources=11023
  > [PathMerge] num_batches=173
  > [GPU Phase] BFS: 0.6156 sec, Backward: 0.2496 sec
  > index : 10, Maximum Betweenness Centrality ==> 11951000.93
  > Elapse time [sec.] = 1.044954 
  > GTEPS = 0.6560 (nodes=11023, edges=62184)
    → 1.044954 sec (GTEPS=0.6560)
  [RUN] pathmerge_bc × benchmark_11023_62184 [trial 3/10]  (経過: 0h51m)
Running: PathMerge_BC on benchmark_11023_62184...
  > [PathMerge] free_mem=101.4 GB, batch_size=64, num_sources=11023
  > [PathMerge] num_batches=173
  > [GPU Phase] BFS: 0.5663 sec, Backward: 0.2499 sec
  > index : 11, Maximum Betweenness Centrality ==> 11951000.93
  > Elapse time [sec.] = 0.983232 
  > GTEPS = 0.6971 (nodes=11023, edges=62184)
    → 0.983232 sec (GTEPS=0.6971)
  [RUN] pathmerge_bc × benchmark_11023_62184 [trial 4/10]  (経過: 0h51m)
Running: PathMerge_BC on benchmark_11023_62184...
  > [PathMerge] free_mem=101.4 GB, batch_size=64, num_sources=11023
  > [PathMerge] num_batches=173
  > [GPU Phase] BFS: 0.6167 sec, Backward: 0.2506 sec
  > index : 10, Maximum Betweenness Centrality ==> 11951000.93
  > Elapse time [sec.] = 1.039742 
  > GTEPS = 0.6593 (nodes=11023, edges=62184)
    → 1.039742 sec (GTEPS=0.6593)
  [RUN] pathmerge_bc × benchmark_11023_62184 [trial 5/10]  (経過: 0h51m)
Running: PathMerge_BC on benchmark_11023_62184...
  > [PathMerge] free_mem=101.4 GB, batch_size=64, num_sources=11023
  > [PathMerge] num_batches=173
  > [GPU Phase] BFS: 0.5656 sec, Backward: 0.2504 sec
  > index : 11, Maximum Betweenness Centrality ==> 11951000.93
  > Elapse time [sec.] = 0.996076 
  > GTEPS = 0.6882 (nodes=11023, edges=62184)
    → 0.996076 sec (GTEPS=0.6882)
  [RUN] pathmerge_bc × benchmark_11023_62184 [trial 6/10]  (経過: 0h51m)
Running: PathMerge_BC on benchmark_11023_62184...
  > [PathMerge] free_mem=101.4 GB, batch_size=64, num_sources=11023
  > [PathMerge] num_batches=173
  > [GPU Phase] BFS: 0.6136 sec, Backward: 0.2507 sec
  > index : 11, Maximum Betweenness Centrality ==> 11951000.93
  > Elapse time [sec.] = 1.032108 
  > GTEPS = 0.6641 (nodes=11023, edges=62184)
    → 1.032108 sec (GTEPS=0.6641)
  [RUN] pathmerge_bc × benchmark_11023_62184 [trial 7/10]  (経過: 0h51m)
Running: PathMerge_BC on benchmark_11023_62184...
  > [PathMerge] free_mem=101.4 GB, batch_size=64, num_sources=11023
  > [PathMerge] num_batches=173
  > [GPU Phase] BFS: 0.5648 sec, Backward: 0.2500 sec
  > index : 11, Maximum Betweenness Centrality ==> 11951000.93
  > Elapse time [sec.] = 0.988884 
  > GTEPS = 0.6932 (nodes=11023, edges=62184)
    → 0.988884 sec (GTEPS=0.6932)
  [RUN] pathmerge_bc × benchmark_11023_62184 [trial 8/10]  (経過: 0h51m)
Running: PathMerge_BC on benchmark_11023_62184...
  > [PathMerge] free_mem=101.4 GB, batch_size=64, num_sources=11023
  > [PathMerge] num_batches=173
  > [GPU Phase] BFS: 0.6144 sec, Backward: 0.2529 sec
  > index : 10, Maximum Betweenness Centrality ==> 11951000.93
  > Elapse time [sec.] = 1.035381 
  > GTEPS = 0.6620 (nodes=11023, edges=62184)
    → 1.035381 sec (GTEPS=0.6620)
  [RUN] pathmerge_bc × benchmark_11023_62184 [trial 9/10]  (経過: 0h51m)
Running: PathMerge_BC on benchmark_11023_62184...
  > [PathMerge] free_mem=101.4 GB, batch_size=64, num_sources=11023
  > [PathMerge] num_batches=173
  > [GPU Phase] BFS: 0.5670 sec, Backward: 0.2499 sec
  > index : 11, Maximum Betweenness Centrality ==> 11951000.93
  > Elapse time [sec.] = 0.991104 
  > GTEPS = 0.6916 (nodes=11023, edges=62184)
    → 0.991104 sec (GTEPS=0.6916)
  [RUN] pathmerge_bc × benchmark_11023_62184 [trial 10/10]  (経過: 0h51m)
Running: PathMerge_BC on benchmark_11023_62184...
  > [PathMerge] free_mem=101.4 GB, batch_size=64, num_sources=11023
  > [PathMerge] num_batches=173
  > [GPU Phase] BFS: 0.6148 sec, Backward: 0.2493 sec
  > index : 10, Maximum Betweenness Centrality ==> 11951000.93
  > Elapse time [sec.] = 1.043777 
  > GTEPS = 0.6567 (nodes=11023, edges=62184)
    → 1.043777 sec (GTEPS=0.6567)
  [RUN] pathmerge_bc × random [trial 1/10]  (経過: 0h51m)
Running: PathMerge_BC on random...
  > [PathMerge] free_mem=101.4 GB, batch_size=64, num_sources=32212
  > [PathMerge] num_batches=504
  > [GPU Phase] BFS: 0.4544 sec, Backward: 0.2525 sec
  > index : 15869, Maximum Betweenness Centrality ==> 4029653.52
  > Elapse time [sec.] = 0.896768 
  > GTEPS = 3.6568 (nodes=32212, edges=101805)
    → 0.896768 sec (GTEPS=3.6568)
  [RUN] pathmerge_bc × random [trial 2/10]  (経過: 0h51m)
Running: PathMerge_BC on random...
  > [PathMerge] free_mem=101.4 GB, batch_size=64, num_sources=32212
  > [PathMerge] num_batches=504
  > [GPU Phase] BFS: 0.4491 sec, Backward: 0.2533 sec
  > index : 15869, Maximum Betweenness Centrality ==> 4029653.52
  > Elapse time [sec.] = 0.896529 
  > GTEPS = 3.6578 (nodes=32212, edges=101805)
    → 0.896529 sec (GTEPS=3.6578)
  [RUN] pathmerge_bc × random [trial 3/10]  (経過: 0h51m)
Running: PathMerge_BC on random...
  > [PathMerge] free_mem=101.4 GB, batch_size=64, num_sources=32212
  > [PathMerge] num_batches=504
  > [GPU Phase] BFS: 0.4524 sec, Backward: 0.2535 sec
  > index : 15869, Maximum Betweenness Centrality ==> 4029653.52
  > Elapse time [sec.] = 0.891022 
  > GTEPS = 3.6804 (nodes=32212, edges=101805)
    → 0.891022 sec (GTEPS=3.6804)
  [RUN] pathmerge_bc × random [trial 4/10]  (経過: 0h51m)
Running: PathMerge_BC on random...
  > [PathMerge] free_mem=101.3 GB, batch_size=64, num_sources=32212
  > [PathMerge] num_batches=504
  > [GPU Phase] BFS: 0.4496 sec, Backward: 0.2533 sec
  > index : 15869, Maximum Betweenness Centrality ==> 4029653.52
  > Elapse time [sec.] = 0.890440 
  > GTEPS = 3.6828 (nodes=32212, edges=101805)
    → 0.890440 sec (GTEPS=3.6828)
  [RUN] pathmerge_bc × random [trial 5/10]  (経過: 0h51m)
Running: PathMerge_BC on random...
  > [PathMerge] free_mem=101.3 GB, batch_size=64, num_sources=32212
  > [PathMerge] num_batches=504
  > [GPU Phase] BFS: 0.4553 sec, Backward: 0.2534 sec
  > index : 15869, Maximum Betweenness Centrality ==> 4029653.52
  > Elapse time [sec.] = 0.892868 
  > GTEPS = 3.6728 (nodes=32212, edges=101805)
    → 0.892868 sec (GTEPS=3.6728)
  [RUN] pathmerge_bc × random [trial 6/10]  (経過: 0h51m)
Running: PathMerge_BC on random...
  > [PathMerge] free_mem=101.3 GB, batch_size=64, num_sources=32212
  > [PathMerge] num_batches=504
  > [GPU Phase] BFS: 0.4634 sec, Backward: 0.2529 sec
  > index : 15869, Maximum Betweenness Centrality ==> 4029653.52
  > Elapse time [sec.] = 0.907309 
  > GTEPS = 3.6144 (nodes=32212, edges=101805)
    → 0.907309 sec (GTEPS=3.6144)
  [RUN] pathmerge_bc × random [trial 7/10]  (経過: 0h51m)
Running: PathMerge_BC on random...
  > [PathMerge] free_mem=101.3 GB, batch_size=64, num_sources=32212
  > [PathMerge] num_batches=504
  > [GPU Phase] BFS: 0.4521 sec, Backward: 0.2524 sec
  > index : 15869, Maximum Betweenness Centrality ==> 4029653.52
  > Elapse time [sec.] = 0.897407 
  > GTEPS = 3.6542 (nodes=32212, edges=101805)
    → 0.897407 sec (GTEPS=3.6542)
  [RUN] pathmerge_bc × random [trial 8/10]  (経過: 0h51m)
Running: PathMerge_BC on random...
  > [PathMerge] free_mem=101.3 GB, batch_size=64, num_sources=32212
  > [PathMerge] num_batches=504
  > [GPU Phase] BFS: 0.4516 sec, Backward: 0.2532 sec
  > index : 15869, Maximum Betweenness Centrality ==> 4029653.52
  > Elapse time [sec.] = 0.898715 
  > GTEPS = 3.6489 (nodes=32212, edges=101805)
    → 0.898715 sec (GTEPS=3.6489)
  [RUN] pathmerge_bc × random [trial 9/10]  (経過: 0h51m)
Running: PathMerge_BC on random...
  > [PathMerge] free_mem=101.3 GB, batch_size=64, num_sources=32212
  > [PathMerge] num_batches=504
  > [GPU Phase] BFS: 0.4525 sec, Backward: 0.2541 sec
  > index : 15869, Maximum Betweenness Centrality ==> 4029653.52
  > Elapse time [sec.] = 0.891664 
  > GTEPS = 3.6778 (nodes=32212, edges=101805)
    → 0.891664 sec (GTEPS=3.6778)
  [RUN] pathmerge_bc × random [trial 10/10]  (経過: 0h51m)
Running: PathMerge_BC on random...
  > [PathMerge] free_mem=101.3 GB, batch_size=64, num_sources=32212
  > [PathMerge] num_batches=504
  > [GPU Phase] BFS: 0.4558 sec, Backward: 0.2516 sec
  > index : 15869, Maximum Betweenness Centrality ==> 4029653.52
  > Elapse time [sec.] = 0.893576 
  > GTEPS = 3.6699 (nodes=32212, edges=101805)
    → 0.893576 sec (GTEPS=3.6699)
  [RUN] pathmerge_bc × 56438_300801 [trial 1/10]  (経過: 0h51m)
Running: PathMerge_BC on 56438_300801...
  > [PathMerge] free_mem=101.3 GB, batch_size=64, num_sources=56438
  > [PathMerge] num_batches=882
  > [GPU Phase] BFS: 3.2677 sec, Backward: 1.1893 sec
  > index : 25329, Maximum Betweenness Centrality ==> 6696305.50
  > Elapse time [sec.] = 4.663547 
  > GTEPS = 3.6403 (nodes=56438, edges=300801)
    → 4.663547 sec (GTEPS=3.6403)
  [RUN] pathmerge_bc × 56438_300801 [trial 2/10]  (経過: 0h51m)
Running: PathMerge_BC on 56438_300801...
  > [PathMerge] free_mem=101.3 GB, batch_size=64, num_sources=56438
  > [PathMerge] num_batches=882
  > [GPU Phase] BFS: 3.2305 sec, Backward: 1.1923 sec
  > index : 25329, Maximum Betweenness Centrality ==> 6696305.50
  > Elapse time [sec.] = 4.622343 
  > GTEPS = 3.6727 (nodes=56438, edges=300801)
    → 4.622343 sec (GTEPS=3.6727)
  [RUN] pathmerge_bc × 56438_300801 [trial 3/10]  (経過: 0h51m)
Running: PathMerge_BC on 56438_300801...
  > [PathMerge] free_mem=101.3 GB, batch_size=64, num_sources=56438
  > [PathMerge] num_batches=882
  > [GPU Phase] BFS: 3.2740 sec, Backward: 1.1898 sec
  > index : 25329, Maximum Betweenness Centrality ==> 6696305.50
  > Elapse time [sec.] = 4.660956 
  > GTEPS = 3.6423 (nodes=56438, edges=300801)
    → 4.660956 sec (GTEPS=3.6423)
  [RUN] pathmerge_bc × 56438_300801 [trial 4/10]  (経過: 0h51m)
Running: PathMerge_BC on 56438_300801...
  > [PathMerge] free_mem=101.3 GB, batch_size=64, num_sources=56438
  > [PathMerge] num_batches=882
  > [GPU Phase] BFS: 3.2300 sec, Backward: 1.1906 sec
  > index : 25329, Maximum Betweenness Centrality ==> 6696305.50
  > Elapse time [sec.] = 4.627328 
  > GTEPS = 3.6688 (nodes=56438, edges=300801)
    → 4.627328 sec (GTEPS=3.6688)
  [RUN] pathmerge_bc × 56438_300801 [trial 5/10]  (経過: 0h51m)
Running: PathMerge_BC on 56438_300801...
  > [PathMerge] free_mem=101.3 GB, batch_size=64, num_sources=56438
  > [PathMerge] num_batches=882
  > [GPU Phase] BFS: 3.2524 sec, Backward: 1.1902 sec
  > index : 25329, Maximum Betweenness Centrality ==> 6696305.50
  > Elapse time [sec.] = 4.646956 
  > GTEPS = 3.6533 (nodes=56438, edges=300801)
    → 4.646956 sec (GTEPS=3.6533)
  [RUN] pathmerge_bc × 56438_300801 [trial 6/10]  (経過: 0h51m)
Running: PathMerge_BC on 56438_300801...
  > [PathMerge] free_mem=101.3 GB, batch_size=64, num_sources=56438
  > [PathMerge] num_batches=882
  > [GPU Phase] BFS: 3.2437 sec, Backward: 1.1911 sec
  > index : 25329, Maximum Betweenness Centrality ==> 6696305.50
  > Elapse time [sec.] = 4.631779 
  > GTEPS = 3.6652 (nodes=56438, edges=300801)
    → 4.631779 sec (GTEPS=3.6652)
  [RUN] pathmerge_bc × 56438_300801 [trial 7/10]  (経過: 0h51m)
Running: PathMerge_BC on 56438_300801...
  > [PathMerge] free_mem=101.3 GB, batch_size=64, num_sources=56438
  > [PathMerge] num_batches=882
  > [GPU Phase] BFS: 3.2539 sec, Backward: 1.1891 sec
  > index : 25329, Maximum Betweenness Centrality ==> 6696305.50
  > Elapse time [sec.] = 4.648931 
  > GTEPS = 3.6517 (nodes=56438, edges=300801)
    → 4.648931 sec (GTEPS=3.6517)
  [RUN] pathmerge_bc × 56438_300801 [trial 8/10]  (経過: 0h51m)
Running: PathMerge_BC on 56438_300801...
  > [PathMerge] free_mem=101.3 GB, batch_size=64, num_sources=56438
  > [PathMerge] num_batches=882
  > [GPU Phase] BFS: 3.2452 sec, Backward: 1.1903 sec
  > index : 25329, Maximum Betweenness Centrality ==> 6696305.50
  > Elapse time [sec.] = 4.640730 
  > GTEPS = 3.6582 (nodes=56438, edges=300801)
    → 4.640730 sec (GTEPS=3.6582)
  [RUN] pathmerge_bc × 56438_300801 [trial 9/10]  (経過: 0h51m)
Running: PathMerge_BC on 56438_300801...
  > [PathMerge] free_mem=101.3 GB, batch_size=64, num_sources=56438
  > [PathMerge] num_batches=882
  > [GPU Phase] BFS: 3.2664 sec, Backward: 1.1908 sec
  > index : 25329, Maximum Betweenness Centrality ==> 6696305.50
  > Elapse time [sec.] = 4.657437 
  > GTEPS = 3.6451 (nodes=56438, edges=300801)
    → 4.657437 sec (GTEPS=3.6451)
  [RUN] pathmerge_bc × 56438_300801 [trial 10/10]  (経過: 0h51m)
Running: PathMerge_BC on 56438_300801...
  > [PathMerge] free_mem=101.3 GB, batch_size=64, num_sources=56438
  > [PathMerge] num_batches=882
  > [GPU Phase] BFS: 3.2490 sec, Backward: 1.1885 sec
  > index : 25329, Maximum Betweenness Centrality ==> 6696305.50
  > Elapse time [sec.] = 4.644445 
  > GTEPS = 3.6552 (nodes=56438, edges=300801)
    → 4.644445 sec (GTEPS=3.6552)

╔══════════════════════════════════════════════════════════════╗
║  ベンチマーク完了                                           ║
╠══════════════════════════════════════════════════════════════╣
║  終了時刻  : 2026-05-10 16:42:50
║  総実行時間: 0h 52m 29s
║  実行数    : 23 (成功=230, 失敗=0, スキップ=0)
║  結果 TSV  : /work/gj17/j17000/m5291091/lab/mylab/research/build_miyabi/result_benchmark_20260510_155020/results.tsv
║  正確性    : /work/gj17/j17000/m5291091/lab/mylab/research/build_miyabi/result_benchmark_20260510_155020/max_bc.tsv
║  ログ      : /work/gj17/j17000/m5291091/lab/mylab/research/build_miyabi/result_benchmark_20260510_155020/benchmark.log
║  フェーズ  : /work/gj17/j17000/m5291091/lab/mylab/research/build_miyabi/result_benchmark_20260510_155020/phase_timing.log
╚══════════════════════════════════════════════════════════════╝

=== 正確性検証 (max BC 値の一致) ===
  benchmark_11023_62184: Sequential=11951000.93  Sequential=11951000.93  Sequential=11951000.93  Sequential=11951000.93  Sequential=11951000.93  Sequential=11951000.93  Sequential=11951000.93  Sequential=11951000.93  Sequential=11951000.93  Sequential=11951000.93  OpenMP=11951000.93  OpenMP=11951000.93  OpenMP=11951000.93  OpenMP=11951000.93  OpenMP=11951000.93  OpenMP=11951000.93  OpenMP=11951000.93  OpenMP=11951000.93  OpenMP=11951000.93  OpenMP=11951000.93  cuGraph_BC=11951000.93  cuGraph_BC=11951000.93  cuGraph_BC=11951000.93  cuGraph_BC=11951000.93  cuGraph_BC=11951000.93  cuGraph_BC=11951000.93  cuGraph_BC=11951000.93  cuGraph_BC=11951000.93  cuGraph_BC=11951000.93  cuGraph_BC=11951000.93  GPU_Opt_Pure=11951000.93  GPU_Opt_Pure=11951000.93  GPU_Opt_Pure=11951000.93  GPU_Opt_Pure=11951000.93  GPU_Opt_Pure=11951000.93  GPU_Opt_Pure=11951000.93  GPU_Opt_Pure=11951000.93  GPU_Opt_Pure=11951000.93  GPU_Opt_Pure=11951000.93  GPU_Opt_Pure=11951000.93  PathMerge_BC=11951000.93  PathMerge_BC=11951000.93  PathMerge_BC=11951000.93  PathMerge_BC=11951000.93  PathMerge_BC=11951000.93  PathMerge_BC=11951000.93  PathMerge_BC=11951000.93  PathMerge_BC=11951000.93  PathMerge_BC=11951000.93  PathMerge_BC=11951000.93  
  random: Sequential=4029653.52  Sequential=4029653.52  Sequential=4029653.52  Sequential=4029653.52  Sequential=4029653.52  Sequential=4029653.52  Sequential=4029653.52  Sequential=4029653.52  Sequential=4029653.52  Sequential=4029653.52  OpenMP=4029653.52  OpenMP=4029653.52  OpenMP=4029653.52  OpenMP=4029653.52  OpenMP=4029653.52  OpenMP=4029653.52  OpenMP=4029653.52  OpenMP=4029653.52  OpenMP=4029653.52  OpenMP=4029653.52  cuGraph_BC=4029653.52  cuGraph_BC=4029653.52  cuGraph_BC=4029653.52  cuGraph_BC=4029653.52  cuGraph_BC=4029653.52  cuGraph_BC=4029653.52  cuGraph_BC=4029653.52  cuGraph_BC=4029653.52  cuGraph_BC=4029653.52  cuGraph_BC=4029653.52  GPU_Opt_Pure=4029653.52  GPU_Opt_Pure=4029653.52  GPU_Opt_Pure=4029653.52  GPU_Opt_Pure=4029653.52  GPU_Opt_Pure=4029653.52  GPU_Opt_Pure=4029653.52  GPU_Opt_Pure=4029653.52  GPU_Opt_Pure=4029653.52  GPU_Opt_Pure=4029653.52  GPU_Opt_Pure=4029653.52  PathMerge_BC=4029653.52  PathMerge_BC=4029653.52  PathMerge_BC=4029653.52  PathMerge_BC=4029653.52  PathMerge_BC=4029653.52  PathMerge_BC=4029653.52  PathMerge_BC=4029653.52  PathMerge_BC=4029653.52  PathMerge_BC=4029653.52  PathMerge_BC=4029653.52  
  56438_300801: OpenMP=6696305.50  OpenMP=6696305.50  OpenMP=6696305.50  OpenMP=6696305.50  OpenMP=6696305.50  OpenMP=6696305.50  OpenMP=6696305.50  OpenMP=6696305.50  OpenMP=6696305.50  OpenMP=6696305.50  cuGraph_BC=6696212.00  cuGraph_BC=6696212.00  cuGraph_BC=6696286.88  cuGraph_BC=6696254.12  cuGraph_BC=6696254.12  cuGraph_BC=6696186.07  cuGraph_BC=6696186.07  cuGraph_BC=6696282.94  cuGraph_BC=6696282.94  cuGraph_BC=6696282.94  GPU_Opt_Pure=6696305.50  GPU_Opt_Pure=6696305.50  GPU_Opt_Pure=6696305.50  GPU_Opt_Pure=6696305.50  GPU_Opt_Pure=6696305.50  GPU_Opt_Pure=6696305.50  GPU_Opt_Pure=6696305.50  GPU_Opt_Pure=6696305.50  GPU_Opt_Pure=6696305.50  GPU_Opt_Pure=6696305.50  PathMerge_BC=6696305.50  PathMerge_BC=6696305.50  PathMerge_BC=6696305.50  PathMerge_BC=6696305.50  PathMerge_BC=6696305.50  PathMerge_BC=6696305.50  PathMerge_BC=6696305.50  PathMerge_BC=6696305.50  PathMerge_BC=6696305.50  PathMerge_BC=6696305.50  
  benchmark_7000_41459: Sequential=3935437.26  Sequential=3935437.26  Sequential=3935437.26  Sequential=3935437.26  Sequential=3935437.26  Sequential=3935437.26  Sequential=3935437.26  Sequential=3935437.26  Sequential=3935437.26  Sequential=3935437.26  OpenMP=3935437.26  OpenMP=3935437.26  OpenMP=3935437.26  OpenMP=3935437.26  OpenMP=3935437.26  OpenMP=3935437.26  OpenMP=3935437.26  OpenMP=3935437.26  OpenMP=3935437.26  OpenMP=3935437.26  cuGraph_BC=3935437.26  cuGraph_BC=3935437.26  cuGraph_BC=3935437.26  cuGraph_BC=3935437.26  cuGraph_BC=3935437.26  cuGraph_BC=3935437.26  cuGraph_BC=3935437.26  cuGraph_BC=3935437.26  cuGraph_BC=3935437.26  cuGraph_BC=3935437.26  GPU_Opt_Pure=3935437.26  GPU_Opt_Pure=3935437.26  GPU_Opt_Pure=3935437.26  GPU_Opt_Pure=3935437.26  GPU_Opt_Pure=3935437.26  GPU_Opt_Pure=3935437.26  GPU_Opt_Pure=3935437.26  GPU_Opt_Pure=3935437.26  GPU_Opt_Pure=3935437.26  GPU_Opt_Pure=3935437.26  PathMerge_BC=3935437.26  PathMerge_BC=3935437.26  PathMerge_BC=3935437.26  PathMerge_BC=3935437.26  PathMerge_BC=3935437.26  PathMerge_BC=3935437.26  PathMerge_BC=3935437.26  PathMerge_BC=3935437.26  PathMerge_BC=3935437.26  PathMerge_BC=3935437.26  

=== 結果一覧 (TSV) ===
Implementation	Graph	Nodes	Edges	Trial	Time_sec	GTEPS
Sequential	benchmark_7000_41459	7000	41459	1	5.641473	0.0514
Sequential	benchmark_7000_41459	7000	41459	2	5.563351	0.0522
Sequential	benchmark_7000_41459	7000	41459	3	5.677999	0.0511
Sequential	benchmark_7000_41459	7000	41459	4	5.647623	0.0514
Sequential	benchmark_7000_41459	7000	41459	5	5.646354	0.0514
Sequential	benchmark_7000_41459	7000	41459	6	5.652346	0.0513
Sequential	benchmark_7000_41459	7000	41459	7	5.633038	0.0515
Sequential	benchmark_7000_41459	7000	41459	8	5.592850	0.0519
Sequential	benchmark_7000_41459	7000	41459	9	5.546694	0.0523
Sequential	benchmark_7000_41459	7000	41459	10	5.730182	0.0506
Sequential	benchmark_11023_62184	11023	62184	1	11.480909	0.0597
Sequential	benchmark_11023_62184	11023	62184	2	11.252650	0.0609
Sequential	benchmark_11023_62184	11023	62184	3	11.457562	0.0598
Sequential	benchmark_11023_62184	11023	62184	4	11.347654	0.0604
Sequential	benchmark_11023_62184	11023	62184	5	11.311188	0.0606
Sequential	benchmark_11023_62184	11023	62184	6	11.494172	0.0596
Sequential	benchmark_11023_62184	11023	62184	7	11.416668	0.0600
Sequential	benchmark_11023_62184	11023	62184	8	11.433919	0.0599
Sequential	benchmark_11023_62184	11023	62184	9	11.372624	0.0603
Sequential	benchmark_11023_62184	11023	62184	10	11.341782	0.0604
Sequential	random	32212	101805	1	174.760691	0.0188
Sequential	random	32212	101805	2	174.056760	0.0188
Sequential	random	32212	101805	3	169.267074	0.0194
Sequential	random	32212	101805	4	170.732521	0.0192
Sequential	random	32212	101805	5	166.094956	0.0197
Sequential	random	32212	101805	6	172.459463	0.0190
Sequential	random	32212	101805	7	170.453310	0.0192
Sequential	random	32212	101805	8	173.356856	0.0189
Sequential	random	32212	101805	9	169.449026	0.0194
Sequential	random	32212	101805	10	171.104685	0.0192
OpenMP	benchmark_7000_41459	7000	41459	1	0.102881	2.8209
OpenMP	benchmark_7000_41459	7000	41459	2	0.101501	2.8592
OpenMP	benchmark_7000_41459	7000	41459	3	0.101546	2.8579
OpenMP	benchmark_7000_41459	7000	41459	4	0.100894	2.8764
OpenMP	benchmark_7000_41459	7000	41459	5	0.101164	2.8687
OpenMP	benchmark_7000_41459	7000	41459	6	0.101645	2.8552
OpenMP	benchmark_7000_41459	7000	41459	7	0.101021	2.8728
OpenMP	benchmark_7000_41459	7000	41459	8	0.102016	2.8448
OpenMP	benchmark_7000_41459	7000	41459	9	0.101903	2.8479
OpenMP	benchmark_7000_41459	7000	41459	10	0.101770	2.8517
OpenMP	benchmark_11023_62184	11023	62184	1	0.150392	4.5578
OpenMP	benchmark_11023_62184	11023	62184	2	0.213851	3.2053
OpenMP	benchmark_11023_62184	11023	62184	3	0.150902	4.5424
OpenMP	benchmark_11023_62184	11023	62184	4	0.150691	4.5487
OpenMP	benchmark_11023_62184	11023	62184	5	0.151201	4.5334
OpenMP	benchmark_11023_62184	11023	62184	6	0.152842	4.4847
OpenMP	benchmark_11023_62184	11023	62184	7	0.155339	4.4126
OpenMP	benchmark_11023_62184	11023	62184	8	0.153451	4.4669
OpenMP	benchmark_11023_62184	11023	62184	9	0.153479	4.4661
OpenMP	benchmark_11023_62184	11023	62184	10	0.150303	4.5605
OpenMP	random	32212	101805	1	3.334751	0.9834
OpenMP	random	32212	101805	2	3.316996	0.9886
OpenMP	random	32212	101805	3	3.386507	0.9684
OpenMP	random	32212	101805	4	3.421551	0.9584
OpenMP	random	32212	101805	5	3.351302	0.9785
OpenMP	random	32212	101805	6	3.355838	0.9772
OpenMP	random	32212	101805	7	3.377402	0.9710
OpenMP	random	32212	101805	8	3.356274	0.9771
OpenMP	random	32212	101805	9	3.335449	0.9832
OpenMP	random	32212	101805	10	3.361366	0.9756
OpenMP	56438_300801	56438	300801	1	13.440007	1.2631
OpenMP	56438_300801	56438	300801	2	13.315412	1.2750
OpenMP	56438_300801	56438	300801	3	13.278524	1.2785
OpenMP	56438_300801	56438	300801	4	13.352042	1.2715
OpenMP	56438_300801	56438	300801	5	13.386251	1.2682
OpenMP	56438_300801	56438	300801	6	13.090079	1.2969
OpenMP	56438_300801	56438	300801	7	13.296811	1.2767
OpenMP	56438_300801	56438	300801	8	13.391017	1.2678
OpenMP	56438_300801	56438	300801	9	13.374188	1.2694
OpenMP	56438_300801	56438	300801	10	13.615552	1.2469
cuGraph_BC	benchmark_7000_41459	7000	41459	1	1.078828	0.2690
cuGraph_BC	benchmark_7000_41459	7000	41459	2	1.095019	0.2650
cuGraph_BC	benchmark_7000_41459	7000	41459	3	1.134922	0.2557
cuGraph_BC	benchmark_7000_41459	7000	41459	4	1.099292	0.2640
cuGraph_BC	benchmark_7000_41459	7000	41459	5	1.166856	0.2487
cuGraph_BC	benchmark_7000_41459	7000	41459	6	1.132886	0.2562
cuGraph_BC	benchmark_7000_41459	7000	41459	7	1.189555	0.2440
cuGraph_BC	benchmark_7000_41459	7000	41459	8	1.089762	0.2663
cuGraph_BC	benchmark_7000_41459	7000	41459	9	1.091453	0.2659
cuGraph_BC	benchmark_7000_41459	7000	41459	10	1.099165	0.2640
cuGraph_BC	benchmark_11023_62184	11023	62184	1	2.935675	0.2335
cuGraph_BC	benchmark_11023_62184	11023	62184	2	2.727912	0.2513
cuGraph_BC	benchmark_11023_62184	11023	62184	3	2.841009	0.2413
cuGraph_BC	benchmark_11023_62184	11023	62184	4	2.776031	0.2469
cuGraph_BC	benchmark_11023_62184	11023	62184	5	2.867076	0.2391
cuGraph_BC	benchmark_11023_62184	11023	62184	6	2.718264	0.2522
cuGraph_BC	benchmark_11023_62184	11023	62184	7	2.749099	0.2493
cuGraph_BC	benchmark_11023_62184	11023	62184	8	2.925982	0.2343
cuGraph_BC	benchmark_11023_62184	11023	62184	9	2.791140	0.2456
cuGraph_BC	benchmark_11023_62184	11023	62184	10	2.762146	0.2482
cuGraph_BC	random	32212	101805	1	16.871121	0.1944
cuGraph_BC	random	32212	101805	2	17.512199	0.1873
cuGraph_BC	random	32212	101805	3	17.887185	0.1833
cuGraph_BC	random	32212	101805	4	16.799376	0.1952
cuGraph_BC	random	32212	101805	5	16.652607	0.1969
cuGraph_BC	random	32212	101805	6	17.221545	0.1904
cuGraph_BC	random	32212	101805	7	17.714791	0.1851
cuGraph_BC	random	32212	101805	8	17.303086	0.1895
cuGraph_BC	random	32212	101805	9	16.834077	0.1948
cuGraph_BC	random	32212	101805	10	17.528864	0.1871
cuGraph_BC	56438_300801	56438	300801	1	73.004549	0.2325
cuGraph_BC	56438_300801	56438	300801	2	70.385442	0.2412
cuGraph_BC	56438_300801	56438	300801	3	69.645688	0.2438
cuGraph_BC	56438_300801	56438	300801	4	72.519543	0.2341
cuGraph_BC	56438_300801	56438	300801	5	72.669095	0.2336
cuGraph_BC	56438_300801	56438	300801	6	72.633581	0.2337
cuGraph_BC	56438_300801	56438	300801	7	72.096616	0.2355
cuGraph_BC	56438_300801	56438	300801	8	72.578019	0.2339
cuGraph_BC	56438_300801	56438	300801	9	69.820698	0.2431
cuGraph_BC	56438_300801	56438	300801	10	73.193176	0.2319
GPU_Opt_Pure	benchmark_7000_41459	7000	41459	1	0.232126	1.2502
GPU_Opt_Pure	benchmark_7000_41459	7000	41459	2	0.212204	1.3676
GPU_Opt_Pure	benchmark_7000_41459	7000	41459	3	0.219121	1.3244
GPU_Opt_Pure	benchmark_7000_41459	7000	41459	4	0.207344	1.3997
GPU_Opt_Pure	benchmark_7000_41459	7000	41459	5	0.245796	1.1807
GPU_Opt_Pure	benchmark_7000_41459	7000	41459	6	0.203373	1.4270
GPU_Opt_Pure	benchmark_7000_41459	7000	41459	7	0.224714	1.2915
GPU_Opt_Pure	benchmark_7000_41459	7000	41459	8	0.206181	1.4076
GPU_Opt_Pure	benchmark_7000_41459	7000	41459	9	0.217012	1.3373
GPU_Opt_Pure	benchmark_7000_41459	7000	41459	10	0.228922	1.2677
GPU_Opt_Pure	benchmark_11023_62184	11023	62184	1	0.249593	2.7463
GPU_Opt_Pure	benchmark_11023_62184	11023	62184	2	0.248837	2.7546
GPU_Opt_Pure	benchmark_11023_62184	11023	62184	3	0.242112	2.8311
GPU_Opt_Pure	benchmark_11023_62184	11023	62184	4	0.244076	2.8084
GPU_Opt_Pure	benchmark_11023_62184	11023	62184	5	0.250755	2.7336
GPU_Opt_Pure	benchmark_11023_62184	11023	62184	6	0.245985	2.7866
GPU_Opt_Pure	benchmark_11023_62184	11023	62184	7	0.236842	2.8941
GPU_Opt_Pure	benchmark_11023_62184	11023	62184	8	0.248115	2.7626
GPU_Opt_Pure	benchmark_11023_62184	11023	62184	9	0.248188	2.7618
GPU_Opt_Pure	benchmark_11023_62184	11023	62184	10	0.235916	2.9055
GPU_Opt_Pure	random	32212	101805	1	0.895765	3.6609
GPU_Opt_Pure	random	32212	101805	2	0.892900	3.6727
GPU_Opt_Pure	random	32212	101805	3	0.897957	3.6520
GPU_Opt_Pure	random	32212	101805	4	0.905676	3.6209
GPU_Opt_Pure	random	32212	101805	5	0.897423	3.6542
GPU_Opt_Pure	random	32212	101805	6	0.910679	3.6010
GPU_Opt_Pure	random	32212	101805	7	0.902019	3.6356
GPU_Opt_Pure	random	32212	101805	8	0.900368	3.6422
GPU_Opt_Pure	random	32212	101805	9	0.902590	3.6333
GPU_Opt_Pure	random	32212	101805	10	0.894427	3.6664
GPU_Opt_Pure	56438_300801	56438	300801	1	2.010590	8.4436
GPU_Opt_Pure	56438_300801	56438	300801	2	2.015324	8.4238
GPU_Opt_Pure	56438_300801	56438	300801	3	2.010821	8.4426
GPU_Opt_Pure	56438_300801	56438	300801	4	2.010453	8.4442
GPU_Opt_Pure	56438_300801	56438	300801	5	2.034075	8.3461
GPU_Opt_Pure	56438_300801	56438	300801	6	2.030572	8.3605
GPU_Opt_Pure	56438_300801	56438	300801	7	2.012725	8.4346
GPU_Opt_Pure	56438_300801	56438	300801	8	2.019012	8.4084
GPU_Opt_Pure	56438_300801	56438	300801	9	2.016096	8.4205
GPU_Opt_Pure	56438_300801	56438	300801	10	2.017576	8.4144
PathMerge_BC	benchmark_7000_41459	7000	41459	1	0.445263	0.6518
PathMerge_BC	benchmark_7000_41459	7000	41459	2	0.397596	0.7299
PathMerge_BC	benchmark_7000_41459	7000	41459	3	0.418936	0.6927
PathMerge_BC	benchmark_7000_41459	7000	41459	4	0.393780	0.7370
PathMerge_BC	benchmark_7000_41459	7000	41459	5	0.421481	0.6886
PathMerge_BC	benchmark_7000_41459	7000	41459	6	0.395566	0.7337
PathMerge_BC	benchmark_7000_41459	7000	41459	7	0.417969	0.6943
PathMerge_BC	benchmark_7000_41459	7000	41459	8	0.394566	0.7355
PathMerge_BC	benchmark_7000_41459	7000	41459	9	0.418397	0.6936
PathMerge_BC	benchmark_7000_41459	7000	41459	10	0.395212	0.7343
PathMerge_BC	benchmark_11023_62184	11023	62184	1	0.999078	0.6861
PathMerge_BC	benchmark_11023_62184	11023	62184	2	1.044954	0.6560
PathMerge_BC	benchmark_11023_62184	11023	62184	3	0.983232	0.6971
PathMerge_BC	benchmark_11023_62184	11023	62184	4	1.039742	0.6593
PathMerge_BC	benchmark_11023_62184	11023	62184	5	0.996076	0.6882
PathMerge_BC	benchmark_11023_62184	11023	62184	6	1.032108	0.6641
PathMerge_BC	benchmark_11023_62184	11023	62184	7	0.988884	0.6932
PathMerge_BC	benchmark_11023_62184	11023	62184	8	1.035381	0.6620
PathMerge_BC	benchmark_11023_62184	11023	62184	9	0.991104	0.6916
PathMerge_BC	benchmark_11023_62184	11023	62184	10	1.043777	0.6567
PathMerge_BC	random	32212	101805	1	0.896768	3.6568
PathMerge_BC	random	32212	101805	2	0.896529	3.6578
PathMerge_BC	random	32212	101805	3	0.891022	3.6804
PathMerge_BC	random	32212	101805	4	0.890440	3.6828
PathMerge_BC	random	32212	101805	5	0.892868	3.6728
PathMerge_BC	random	32212	101805	6	0.907309	3.6144
PathMerge_BC	random	32212	101805	7	0.897407	3.6542
PathMerge_BC	random	32212	101805	8	0.898715	3.6489
PathMerge_BC	random	32212	101805	9	0.891664	3.6778
PathMerge_BC	random	32212	101805	10	0.893576	3.6699
PathMerge_BC	56438_300801	56438	300801	1	4.663547	3.6403
PathMerge_BC	56438_300801	56438	300801	2	4.622343	3.6727
PathMerge_BC	56438_300801	56438	300801	3	4.660956	3.6423
PathMerge_BC	56438_300801	56438	300801	4	4.627328	3.6688
PathMerge_BC	56438_300801	56438	300801	5	4.646956	3.6533
PathMerge_BC	56438_300801	56438	300801	6	4.631779	3.6652
PathMerge_BC	56438_300801	56438	300801	7	4.648931	3.6517
PathMerge_BC	56438_300801	56438	300801	8	4.640730	3.6582
PathMerge_BC	56438_300801	56438	300801	9	4.657437	3.6451
PathMerge_BC	56438_300801	56438	300801	10	4.644445	3.6552

手動サマリ生成:
  python3 scripts/summarize_benchmark.py /work/gj17/j17000/m5291091/lab/mylab/research/build_miyabi/result_benchmark_20260510_155020/results.tsv /work/gj17/j17000/m5291091/lab/mylab/research/build_miyabi/result_benchmark_20260510_155020
